"oleaut32.dll","version.dll","gdi32.dll","shell32.dll","kernel32.dll","msvcrt.dll","winspool.drv","advapi32.dll","ole32.dll","user32.dll","comctl32.dll"
"VariantChangeType","VerQueryValueW","SetDIBits","Shell_NotifyIconW","SetThreadLocale","memset","ClosePrinter","RegCreateKeyExW","OleUninitialize","MapWindowPoints","ImageList_BeginDrag"
"SafeArrayGetLBound","GetFileVersionInfoW","GetTextMetricsW","ShellExecuteW","GetStdHandle","memcpy","DocumentPropertiesW","RegFlushKey","CoUninitialize","GetMessagePos","ImageList_GetImageCount"
"SafeArrayPtrOfIndex","GetFileVersionInfoSizeW","GetWindowOrgEx","SHGetPathFromIDListW","GetDriveTypeW","","GetDefaultPrinterW","RegCloseKey","CoInitialize","SetWindowRgn","ImageList_SetBkColor"
"SysAllocStringLen","","GetPaletteEntries","SHGetSpecialFolderLocation","GetConsoleOutputCP","","EnumPrintersW","RegRestoreKeyW","OleInitialize","RedrawWindow","ImageList_GetImageInfo"
"VariantClear","","CopyEnhMetaFileW","ShellExecuteExW","WaitForSingleObject","","OpenPrinterW","RegDeleteKeyW","CoCreateInstance","LoadBitmapW","FlatSB_SetScrollInfo"
"SafeArrayCreate","","SetPixel","SHGetMalloc","HeapDestroy","","","RegSetValueExW","IsEqualGUID","EnableScrollBar","ImageList_SetImageCount"
"SysReAllocStringLen","","EndDoc","","GetFileAttributesW","","","RegDeleteValueW","CoTaskMemFree","DestroyMenu","FlatSB_GetScrollInfo"
"SafeArrayGetUBound","","IntersectClipRect","","VerifyVersionInfoW","","","RegQueryInfoKeyW","CoTaskMemAlloc","PostQuitMessage","ImageList_GetDragImage"
"VariantCopy","","AngleArc","","DeleteCriticalSection","","","RegConnectRegistryW","","GetForegroundWindow","FlatSB_SetScrollProp"
"GetErrorInfo","","GetTextExtentPointW","","GetCurrentProcess","","","RegEnumValueW","","SetWindowPos","ImageList_Create"
"SysFreeString","","CreatePalette","","FileTimeToDosDateTime","","","RegOpenKeyExW","","IsWindow","ImageList_DragMove"
"VariantInit","","CreateDIBitmap","","LocalAlloc","","","RegEnumKeyExW","","DispatchMessageA","ImageList_DrawEx"
"","","GetDIBits","","GetVolumeInformationW","","","RegSaveKeyW","","EndPaint","ImageList_SetIconSize"
"","","GetEnhMetaFileBits","","SetErrorMode","","","RegReplaceKeyW","","WindowFromPoint","ImageList_Write"
"","","StretchBlt","","GetLogicalDrives","","","RegLoadKeyW","","DrawIcon","ImageList_Read"
"","","StretchDIBits","","GetLocaleInfoW","","","RegUnLoadKeyW","","CharUpperBuffW","ImageList_Replace"
"","","ArcTo","","WideCharToMultiByte","","","FreeSid","","SetMenuItemInfoW","ImageList_SetOverlayImage"
"","","Pie","","FileTimeToLocalFileTime","","","GetUserNameW","","SetActiveWindow","ImageList_Destroy"
"","","Arc","","GetDiskFreeSpaceW","","","AllocateAndInitializeSid","","GetMenuItemID","_TrackMouseEvent"
"","","SetBkColor","","InterlockedExchange","","","RegQueryValueExW","","GetCursorPos","ImageList_Draw"
"","","SetWinMetaFileBits","","WriteFile","","","CheckTokenMembership","","ReleaseDC","ImageList_GetIconSize"
"","","GetDIBColorTable","","GlobalMemoryStatusEx","","","","","GetMenuStringW","ImageList_DragLeave"
"","","DeleteEnhMetaFile","","GetThreadPriority","","","","","SendMessageW","ImageList_GetBkColor"
"","","CreateFontIndirectW","","SetEvent","","","","","EndMenu","ImageList_GetIcon"
"","","SetStretchBltMode","","LocalFree","","","","","SendMessageA","FlatSB_SetScrollPos"
"","","EnumFontsW","","FormatMessageW","","","","","UnregisterClassW","ImageList_ReplaceIcon"
"","","GetCurrentPositionEx","","ResumeThread","","","","","GetClientRect","ImageList_DragEnter"
"","","GetPixel","","GetExitCodeProcess","","","","","GetMenuItemInfoW","ImageList_Add"
"","","GetBrushOrgEx","","InitializeCriticalSection","","","","","DefMDIChildProcW","InitializeFlatSB"
"","","ExcludeClipRect","","LoadResource","","","","","DrawTextW","FlatSB_GetScrollPos"
"","","SetBkMode","","EnumCalendarInfoW","","","","","SetScrollPos","ImageList_DragShowNolock"
"","","BitBlt","","FindClose","","","","","CallNextHookEx","ImageList_Remove"
"","","SetAbortProc","","TlsGetValue","","","","","GetSysColor","ImageList_Copy"
"","","FrameRgn","","GetFullPathNameW","","","","","GetKeyboardState","ImageList_LoadImageW"
"","","CreateBrushIndirect","","GetEnvironmentVariableW","","","","","ClientToScreen","ImageList_EndDrag"
"","","SelectPalette","","SetLastError","","","","","GetTopWindow",""
"","","SetROP2","","GetUserDefaultUILanguage","","","","","GetWindowTextW",""
"","","EndPage","","GlobalFindAtomW","","","","","MsgWaitForMultipleObjects",""
"","","AbortDoc","","GetModuleFileNameW","","","","","ScrollWindow",""
"","","SetDIBColorTable","","TryEnterCriticalSection","","","","","CopyImage",""
"","","DeleteObject","","IsDebuggerPresent","","","","","DestroyWindow",""
"","","CreatePenIndirect","","ExitProcess","","","","","DrawEdge",""
"","","PatBlt","","VerSetConditionMask","","","","","GetParent",""
"","","GetClipBox","","SetThreadPriority","","","","","UpdateWindow",""
"","","Rectangle","","UnhandledExceptionFilter","","","","","GetPropW",""
"","","GetDeviceCaps","","LoadLibraryExW","","","","","SetClassLongW",""
"","","LineTo","","MultiByteToWideChar","","","","","EnumWindows",""
"","","DeleteDC","","GetLocalTime","","","","","ShowWindow",""
"","","GetSystemPaletteEntries","","CreateEventW","","","","","DrawFrameControl",""
"","","StartPage","","GlobalAddAtomW","","","","","SetPropW",""
"","","GetObjectW","","CreateThread","","","","","GetDesktopWindow",""
"","","CreateDCW","","GetSystemDefaultUILanguage","","","","","PeekMessageW",""
"","","RealizePalette","","GetExitCodeThread","","","","","TranslateMDISysAccel",""
"","","SetEnhMetaFileBits","","MulDiv","","","","","InsertMenuItemW",""
"","","CreateBitmap","","GetSystemTimes","","","","","SetWindowPlacement",""
"","","RectVisible","","ExitThread","","","","","CharUpperW",""
"","","GetStockObject","","WaitForMultipleObjectsEx","","","","","PeekMessageA",""
"","","PlayEnhMetaFile","","TerminateProcess","","","","","TranslateMessage",""
"","","UnrealizeObject","","GetVersion","","","","","IsWindowEnabled",""
"","","GdiFlush","","SetCurrentDirectoryW","","","","","GetWindow",""
"","","RoundRect","","VirtualQuery","","","","","ActivateKeyboardLayout",""
"","","GetWinMetaFileBits","","VirtualQueryEx","","","","","RegisterClassW",""
"","","GetEnhMetaFileDescriptionW","","SetEndOfFile","","","","","GetIconInfo",""
"","","GetEnhMetaFileHeader","","GetCurrentThreadId","","","","","SetParent",""
"","","SetWindowOrgEx","","HeapFree","","","","","SetClipboardData",""
"","","GetTextExtentPoint32W","","EnterCriticalSection","","","","","IsZoomed",""
"","","Polygon","","LoadLibraryW","","","","","GetWindowPlacement",""
"","","CreateHalftonePalette","","GetVersionExW","","","","","LoadStringW",""
"","","GetRgnBox","","FreeLibrary","","","","","GetKeyboardLayoutList",""
"","","SaveDC","","QueryPerformanceCounter","","","","","DrawMenuBar",""
"","","CreateICW","","GetTickCount","","","","","IsIconic",""
"","","MaskBlt","","TlsAlloc","","","","","EnumDisplayDevicesW",""
"","","GetEnhMetaFilePaletteEntries","","VirtualProtect","","","","","GetSubMenu",""
"","","RestoreDC","","EnumSystemLocalesW","","","","","SetTimer",""
"","","GetBitmapBits","","LoadLibraryA","","","","","GetActiveWindow",""
"","","CreateDIBSection","","RtlUnwind","","","","","IsDialogMessageW",""
"","","SetTextColor","","CopyFileW","","","","","FillRect",""
"","","ExtFloodFill","","GetFileSize","","","","","EnumThreadWindows",""
"","","MoveToEx","","OpenProcess","","","","","MonitorFromPoint",""
"","","EnumFontFamiliesExW","","GetDateFormatW","","","","","CreateAcceleratorTableW",""
"","","SetViewportOrgEx","","GetStartupInfoW","","","","","GetSysColorBrush",""
"","","ExtTextOutW","","DeleteFileW","","","","","IsWindowUnicode",""
"","","CreateCompatibleDC","","GetProcAddress","","","","","CreateWindowExW",""
"","","PolyBezierTo","","GetComputerNameW","","","","","GetWindowLongW",""
"","","PolyBezier","","EnumResourceNamesW","","","","","CharNextW",""
"","","Chord","","CompareStringW","","","","","IsChild",""
"","","SetBrushOrgEx","","RemoveDirectoryW","","","","","IsDialogMessageA",""
"","","CreateRectRgn","","FindNextFileW","","","","","SetFocus",""
"","","SelectObject","","ResetEvent","","","","","RegisterWindowMessageW",""
"","","Ellipse","","FindFirstFileW","","","","","GetMonitorInfoW",""
"","","CreateSolidBrush","","IsValidLocale","","","","","SetCapture",""
"","","Polyline","","GlobalLock","","","","","EnumDisplaySettingsW",""
"","","StartDocW","","GetTimeZoneInformation","","","","","DefWindowProcW",""
"","","CreateCompatibleBitmap","","CreateFileW","","","","","GetScrollPos",""
"","","","","GetFileType","","","","","CopyIcon",""
"","","","","TlsSetValue","","","","","GetKeyboardLayoutNameW",""
"","","","","HeapAlloc","","","","","KillTimer",""
"","","","","LeaveCriticalSection","","","","","MapVirtualKeyW",""
"","","","","GetLastError","","","","","GetClipboardData",""
"","","","","GlobalDeleteAtom","","","","","GetClassInfoExW",""
"","","","","GetSystemInfo","","","","","GetSystemMetrics",""
"","","","","GlobalFree","","","","","SetWindowLongW",""
"","","","","GetConsoleCP","","","","","SetScrollRange",""
"","","","","FindResourceW","","","","","GetWindowRect",""
"","","","","GetThreadLocale","","","","","PostMessageA",""
"","","","","GlobalUnlock","","","","","ReleaseCapture",""
"","","","","GlobalAlloc","","","","","EnumChildWindows",""
"","","","","lstrlenW","","","","","DrawTextExW",""
"","","","","CreateProcessW","","","","","GetMessageExtraInfo",""
"","","","","SwitchToThread","","","","","CharLowerW",""
"","","","","SizeofResource","","","","","PostMessageW",""
"","","","","GetCurrentProcessId","","","","","GetKeyNameTextW",""
"","","","","LockResource","","","","","WaitMessage",""
"","","","","GetCommandLineW","","","","","CreatePopupMenu",""
"","","","","GetCPInfo","","","","","ShowCaret",""
"","","","","HeapSize","","","","","DrawFocusRect",""
"","","","","InterlockedCompareExchange","","","","","GetClassLongW",""
"","","","","GetCurrentThread","","","","","GetLastActivePopup",""
"","","","","SuspendThread","","","","","DrawIconEx",""
"","","","","RaiseException","","","","","SetWindowTextW",""
"","","","","TlsFree","","","","","GetDCEx",""
"","","","","SetFilePointer","","","","","RemovePropW",""
"","","","","ReadFile","","","","","GetSystemMenu",""
"","","","","CloseHandle","","","","","ScreenToClient",""
"","","","","GetACP","","","","","TrackPopupMenu",""
"","","","","GetModuleHandleW","","","","","GetMenuItemCount",""
"","","","","FreeResource","","","","","GetMenuState",""
"","","","","GetCPInfoExW","","","","","ShowOwnedPopups",""
"","","","","HeapCreate","","","","","LoadCursorW",""
"","","","","GetTempPathW","","","","","LoadIconW",""
"","","","","VirtualFree","","","","","FindWindowExW",""
"","","","","Sleep","","","","","GetDC",""
"","","","","VirtualAlloc","","","","","InsertMenuW",""
"","","","","","","","","","SetForegroundWindow",""
"","","","","","","","","","OpenClipboard",""
"","","","","","","","","","EmptyClipboard",""
"","","","","","","","","","CharLowerBuffW",""
"","","","","","","","","","GetScrollRange",""
"","","","","","","","","","GetScrollInfo",""
"","","","","","","","","","HideCaret",""
"","","","","","","","","","GetKeyboardLayout",""
"","","","","","","","","","FindWindowW",""
"","","","","","","","","","GetCapture",""
"","","","","","","","","","GetDlgCtrlID",""
"","","","","","","","","","BeginPaint",""
"","","","","","","","","","MessageBeep",""
"","","","","","","","","","RemoveMenu",""
"","","","","","","","","","GetWindowThreadProcessId",""
"","","","","","","","","","ShowScrollBar",""
"","","","","","","","","","MessageBoxW",""
"","","","","","","","","","GetMenu",""
"","","","","","","","","","MonitorFromRect",""
"","","","","","","","","","DestroyIcon",""
"","","","","","","","","","UnhookWindowsHookEx",""
"","","","","","","","","","LoadKeyboardLayoutW",""
"","","","","","","","","","MessageBoxA",""
"","","","","","","","","","GetWindowDC",""
"","","","","","","","","","DestroyCursor",""
"","","","","","","","","","AdjustWindowRectEx",""
"","","","","","","","","","MsgWaitForMultipleObjectsEx",""
"","","","","","","","","","RegisterClipboardFormatW",""
"","","","","","","","","","SetScrollInfo",""
"","","","","","","","","","GetKeyState",""
"","","","","","","","","","EnableMenuItem",""
"","","","","","","","","","EnumDisplayMonitors",""
"","","","","","","","","","DefFrameProcW",""
"","","","","","","","","","IsWindowVisible",""
"","","","","","","","","","SetCursorPos",""
"","","","","","","","","","SystemParametersInfoW",""
"","","","","","","","","","DispatchMessageW",""
"","","","","","","","","","FrameRect",""
"","","","","","","","","","SetRect",""
"","","","","","","","","","DeleteMenu",""
"","","","","","","","","","InvalidateRect",""
"","","","","","","","","","CreateIcon",""
"","","","","","","","","","CallWindowProcW",""
"","","","","","","","","","GetClassNameW",""
"","","","","","","","","","GetClassInfoW",""
"","","","","","","","","","MonitorFromWindow",""
"","","","","","","","","","SetWindowsHookExW",""
"","","","","","","","","","GetCursor",""
"","","","","","","","","","GetFocus",""
"","","","","","","","","","CreateMenu",""
"","","","","","","","","","EnableWindow",""
"","","","","","","","","","CloseClipboard",""
"","","","","","","","","","CheckMenuItem",""
"","","","","","","","","","SetMenu",""
"","","","","","","","","","SetCursor",""
