"SHLWAPI.dll","MPR.dll","comdlg32.dll","IMAGEHLP.dll","COMCTL32.dll","WININET.dll","GDI32.dll","ADVAPI32.dll","KERNEL32.dll","RASAPI32.dll","WINSPOOL.DRV","SHELL32.dll","ole32.dll","SETUPAPI.dll","WS2_32.dll","PSAPI.DLL","USER32.dll","IMM32.dll"
"PathAddBackslashW","WNetEnumResourceW","GetSaveFileNameW","MakeSureDirectoryPathExists","ImageList_BeginDrag","FindNextUrlCacheEntryW","PolyPolyline","RegCreateKeyExW","GetStdHandle","RasSetEntryPropertiesA","ClosePrinter","DragQueryFileW","CoCreateGuid","SetupDiClassGuidsFromNameW","setsockopt","EnumProcessModules","RedrawWindow","ImmReleaseContext"
"PathStripPathW","WNetCloseEnum","GetOpenFileNameW","","ImageList_SetBkColor","FindCloseUrlCache","GetCharABCWidthsW","RegCloseKey","GetDriveTypeW","RasHangUpW","DocumentPropertiesW","DragFinish","CoCreateInstance","SetupDiOpenClassRegKeyExW","gethostname","GetModuleFileNameExW","GetForegroundWindow","ImmGetCompositionStringW"
"PathRemoveExtensionW","WNetOpenEnumW","GetFileTitleW","","ImageList_Replace","FindFirstUrlCacheEntryW","GetTextMetricsW","RegDeleteKeyW","FileTimeToSystemTime","RasSetEntryDialParamsA","OpenPrinterW","DragAcceptFiles","CoUninitialize","SetupDiClassNameFromGuidW","socket","","SetWindowRgn","ImmGetContext"
"PathAddBackslashA","","ChooseColorW","","PropertySheetW","","SetMapMode","RegQueryValueExA","SetEvent","RasGetErrorStringA","","ShellExecuteW","CoInitialize","SetupDiEnumDeviceInfo","recv","","SetMenuItemBitmaps",""
"PathFileExistsW","","","","ImageList_SetDragCursorImage","","GetWindowOrgEx","RegCreateKeyW","HeapDestroy","RasEnumConnectionsW","","SHGetSpecialFolderPathA","","SetupDiGetDeviceRegistryPropertyW","inet_addr","","LoadBitmapW",""
"","","","","ImageList_Read","","GetNearestColor","OpenServiceW","DebugBreak","RasDeleteEntryA","","SHGetFileInfoW","","SetupDiGetClassDevsW","send","","MoveWindow",""
"","","","","ImageList_GetDragImage","","ResizePalette","QueryServiceConfigW","IsBadCodePtr","RasDialA","","ExtractIconW","","SetupDiDestroyDeviceInfoList","WSAStartup","","EnableScrollBar",""
"","","","","ImageList_DragMove","","GetPaletteEntries","LookupPrivilegeValueW","GetFileAttributesW","","","SHGetSpecialFolderPathW","","","gethostbyname","","DestroyMenu",""
"","","","","ImageList_Create","","CombineRgn","RegEnumKeyW","lstrcmpW","","","","","","select","","PostQuitMessage",""
"","","","","ImageList_Merge","","PlayMetaFile","RegCreateKeyExA","GetLocalTime","","","","","","connect","","GetMessagePos",""
"","","","","Ord(17)","","GetROP2","RegSetValueW","FreeEnvironmentStringsA","","","","","","getsockname","","DrawStateW",""
"","","","","Ord(13)","","GetViewportOrgEx","RegQueryValueExW","DeleteCriticalSection","","","","","","htons","","SetWindowPos",""
"","","","","ImageList_Write","","GetObjectType","CloseServiceHandle","GetCurrentProcess","","","","","","closesocket","","GetClipboardViewer",""
"","","","","ImageList_GetImageCount","","CreateMetaFileW","GetFileSecurityW","LocalAlloc","","","","","","WSAIoctl","","SetScrollPos",""
"","","","","ImageList_GetImageInfo","","SetColorAdjustment","OpenProcessToken","GetVolumeInformationW","","","","","","","","IsWindow",""
"","","","","ImageList_SetOverlayImage","","GetBoundsRect","RegOpenKeyExW","SetFilePointer","","","","","","","","GrayStringW",""
"","","","","ImageList_Destroy","","SetPixel","SetFileSecurityW","SetErrorMode","","","","","","","","EndPaint",""
"","","","","ImageList_AddMasked","","EndDoc","RegOpenKeyW","FreeEnvironmentStringsW","","","","","","","","ScrollWindowEx",""
"","","","","ImageList_Draw","","IntersectClipRect","QueryServiceConfig2W","lstrcatW","","","","","","","","OpenIcon",""
"","","","","DestroyPropertySheetPage","","AngleArc","RegOpenKeyExA","SetStdHandle","","","","","","","","EndDialog",""
"","","","","ImageList_DragLeave","","OffsetClipRgn","RegQueryValueW","GetFileTime","","","","","","","","WindowFromPoint",""
"","","","","ImageList_GetBkColor","","PlgBlt","RegQueryInfoKeyW","GetCPInfo","","","","","","","","DlgDirSelectComboBoxExW",""
"","","","","ImageList_GetIcon","","CreateEllipticRgn","RegEnumValueW","LoadLibraryW","","","","","","","","CopyRect",""
"","","","","ImageList_ReplaceIcon","","GetTextFaceW","RegEnumKeyExW","GetStringTypeA","","","","","","","","GetMessageTime",""
"","","","","ImageList_DragEnter","","CreatePalette","AdjustTokenPrivileges","GetDiskFreeSpaceW","","","","","","","","ChildWindowFromPoint",""
"","","","","ImageList_Add","","EqualRgn","RegDeleteValueW","FindResourceExW","","","","","","","","SetActiveWindow",""
"","","","","Ord(8)","","GetPolyFillMode","RegSetValueExW","FormatMessageW","","","","","","","","GetMenuItemID",""
"","","","","CreatePropertySheetPageW","","GetDIBits","OpenSCManagerW","FindVolumeClose","","","","","","","","ChangeClipboardChain",""
"","","","","ImageList_DragShowNolock","","ExtCreateRegion","RegSetValueExA","HeapReAlloc","","","","","","","","GetAsyncKeyState",""
"","","","","ImageList_Remove","","SetTextAlign","EnumServicesStatusW","GetStringTypeW","","","","","","","","ChildWindowFromPointEx",""
"","","","","Ord(14)","","GetDCOrgEx","","GetThreadPriority","","","","","","","","GetDlgCtrlID",""
"","","","","ImageList_LoadImageW","","StretchBlt","","FreeLibrary","","","","","","","","GetMenu",""
"","","","","ImageList_EndDrag","","StretchDIBits","","LocalFree","","","","","","","","ReleaseDC",""
"","","","","","","GetKerningPairsW","","GetProfileIntW","","","","","","","","DlgDirSelectExW",""
"","","","","","","ScaleViewportExtEx","","ResumeThread","","","","","","","","GetClientRect",""
"","","","","","","ArcTo","","GetEnvironmentVariableA","","","","","","","","DefWindowProcW",""
"","","","","","","BeginPath","","LoadResource","","","","","","","","SetMenuDefaultItem",""
"","","","","","","CloseFigure","","GlobalHandle","","","","","","","","GetNextDlgTabItem",""
"","","","","","","Pie","","GetLogicalDriveStringsW","","","","","","","","CallNextHookEx",""
"","","","","","","CloseMetaFile","","FindClose","","","","","","","","GetTopWindow",""
"","","","","","","Arc","","TlsGetValue","","","","","","","","GetUpdateRgn",""
"","","","","","","SetBitmapDimensionEx","","CancelIo","","","","","","","","GetWindowTextW",""
"","","","","","","SetViewportExtEx","","SetFileAttributesW","","","","","","","","ExcludeUpdateRgn",""
"","","","","","","ExtCreatePen","","OutputDebugStringA","","","","","","","","GetWindowTextLengthW",""
"","","","","","","SetBkColor","","WritePrivateProfileStringW","","","","","","","","LoadAcceleratorsW",""
"","","","","","","ResetDCW","","SetLastError","","","","","","","","LoadMenuIndirectW",""
"","","","","","","GetBkColor","","GetSystemTime","","","","","","","","GetWindowTextA",""
"","","","","","","SetRectRgn","","InitializeCriticalSection","","","","","","","","InvalidateRgn",""
"","","","","","","MoveToEx","","GlobalFindAtomW","","","","","","","","DrawTextW",""
"","","","","","","PathToRegion","","lstrcpynW","","","","","","","","GetMenuContextHelpId",""
"","","","","","","TextOutW","","GetModuleFileNameW","","","","","","","","OpenClipboard",""
"","","","","","","CreateFontIndirectW","","HeapAlloc","","","","","","","","DrawEdge",""
"","","","","","","OffsetRgn","","GetVersionExA","","","","","","","","GetParent",""
"","","","","","","GetCurrentPositionEx","","GetModuleFileNameA","","","","","","","","UpdateWindow",""
"","","","","","","CreateEnhMetaFileW","","GetStringTypeExW","","","","","","","","GetWindow",""
"","","","","","","CreateRectRgnIndirect","","FindNextVolumeW","","","","","","","","GetPropW",""
"","","","","","","LPtoDP","","LoadLibraryA","","","","","","","","DlgDirListComboBoxW",""
"","","","","","","UpdateColors","","SetThreadPriority","","","","","","","","EnumWindows",""
"","","","","","","GetPixel","","UnhandledExceptionFilter","","","","","","","","CheckRadioButton",""
"","","","","","","PolyDraw","","InterlockedDecrement","","","","","","","","CreateCaret",""
"","","","","","","ExcludeClipRect","","MultiByteToWideChar","","","","","","","","GetWindowContextHelpId",""
"","","","","","","OffsetViewportOrgEx","","GetPrivateProfileStringW","","","","","","","","ShowWindow",""
"","","","","","","SetBkMode","","MoveFileW","","","","","","","","GetCaretPos",""
"","","","","","","CreateDiscardableBitmap","","CreateEventW","","","","","","","","DrawFrameControl",""
"","","","","","","RectInRegion","","GetFullPathNameW","","","","","","","","GetNextDlgGroupItem",""
"","","","","","","GetArcDirection","","GlobalAddAtomW","","","","","","","","SetPropW",""
"","","","","","","PtInRegion","","CreateThread","","","","","","","","ValidateRect",""
"","","","","","","GetRegionData","","GetSystemDirectoryW","","","","","","","","GetClipboardFormatNameA",""
"","","","","","","BitBlt","","CreatePipe","","","","","","","","PeekMessageW",""
"","","","","","","StrokeAndFillPath","","SetUnhandledExceptionFilter","","","","","","","","SetWindowsHookExW",""
"","","","","","","WidenPath","","MulDiv","","","","","","","","EnableWindow",""
"","","","","","","FillRgn","","ExitThread","","","","","","","","SetWindowPlacement",""
"","","","","","","SetAbortProc","","SetEnvironmentVariableA","","","","","","","","CharUpperW",""
"","","","","","","PaintRgn","","TerminateProcess","","","","","","","","GetClipboardFormatNameW",""
"","","","","","","FrameRgn","","GlobalAlloc","","","","","","","","LoadIconW",""
"","","","","","","CreateBrushIndirect","","LocalFileTimeToFileTime","","","","","","","","ScrollDC",""
"","","","","","","EnumFontFamiliesExW","","GetDiskFreeSpaceExW","","","","","","","","ArrangeIconicWindows",""
"","","","","","","SelectPalette","","SetEndOfFile","","","","","","","","TranslateMessage",""
"","","","","","","GetFontData","","GetCurrentThreadId","","","","","","","","IsWindowEnabled",""
"","","","","","","GetAspectRatioFilterEx","","LeaveCriticalSection","","","","","","","","GetDlgItemTextW",""
"","","","","","","PtVisible","","CreateToolhelp32Snapshot","","","","","","","","GetMenuDefaultItem",""
"","","","","","","ExtSelectClipRgn","","DisconnectNamedPipe","","","","","","","","GetDlgItemInt",""
"","","","","","","SetBoundsRect","","HeapFree","","","","","","","","GetTabbedTextExtentW",""
"","","","","","","ScaleWindowExtEx","","EnterCriticalSection","","","","","","","","InsertMenuW",""
"","","","","","","CloseEnhMetaFile","","PeekNamedPipe","","","","","","","","SetParent",""
"","","","","","","SetROP2","","SetHandleCount","","","","","","","","RegisterClassW",""
"","","","","","","EndPage","","TerminateThread","","","","","","","","ScrollWindow",""
"","","","","","","AbortDoc","","lstrcmpiA","","","","","","","","IsZoomed",""
"","","","","","","GetNearestPaletteIndex","","GetLastError","","","","","","","","IsWindowVisible",""
"","","","","","","GetTextColor","","GetComputerNameW","","","","","","","","LoadStringW",""
"","","","","","","GetOutlineTextMetricsW","","GetVersionExW","","","","","","","","WindowFromDC",""
"","","","","","","CreatePolyPolygonRgn","","GetOEMCP","","","","","","","","DrawMenuBar",""
"","","","","","","Escape","","IsBadWritePtr","","","","","","","","EnableMenuItem",""
"","","","","","","SetWindowExtEx","","TlsAlloc","","","","","","","","InvertRect",""
"","","","","","","PolyPolygon","","VirtualProtect","","","","","","","","GetScrollPos",""
"","","","","","","DeleteObject","","FlushFileBuffers","","","","","","","","GetSubMenu",""
"","","","","","","CreatePenIndirect","","lstrcmpiW","","","","","","","","CreateMenu",""
"","","","","","","PlayMetaFileRecord","","RtlUnwind","","","","","","","","GetActiveWindow",""
"","","","","","","GetWindowExtEx","","GetSystemDirectoryA","","","","","","","","ShowOwnedPopups",""
"","","","","","","SetBitmapBits","","CopyFileW","","","","","","","","FlashWindow",""
"","","","","","","PatBlt","","GetStartupInfoA","","","","","","","","SetWindowContextHelpId",""
"","","","","","","CreatePen","","UnlockFile","","","","","","","","GetSysColorBrush",""
"","","","","","","FloodFill","","GetFileSize","","","","","","","","GetDialogBaseUnits",""
"","","","","","","AnimatePalette","","LCMapStringW","","","","","","","","CloseWindow",""
"","","","","","","GetCharWidthW","","OpenProcess","","","","","","","","GetClassInfoW",""
"","","","","","","GetClipBox","","GetModuleHandleW","","","","","","","","CreateWindowExW",""
"","","","","","","Rectangle","","GetStartupInfoW","","","","","","","","RemovePropW",""
"","","","","","","Polygon","","CreateDirectoryW","","","","","","","","GetWindowLongW",""
"","","","","","","GetDeviceCaps","","DeleteFileW","","","","","","","","GetUpdateRect",""
"","","","","","","CreateDCA","","GlobalLock","","","","","","","","GetMenuItemInfoW",""
"","","","","","","PlayEnhMetaFile","","GetPrivateProfileIntW","","","","","","","","IsChild",""
"","","","","","","LineTo","","GetTempFileNameW","","","","","","","","MapWindowPoints",""
"","","","","","","DeleteDC","","CreateFileMappingW","","","","","","","","RegisterWindowMessageW",""
"","","","","","","InvertRgn","","WriteFile","","","","","","","","GetOpenClipboardWindow",""
"","","","","","","GetMapMode","","CompareStringW","","","","","","","","LockWindowUpdate",""
"","","","","","","EnumMetaFile","","lstrcpyW","","","","","","","","IsIconic",""
"","","","","","","StartPage","","GlobalReAlloc","","","","","","","","BeginPaint",""
"","","","","","","GetObjectW","","RemoveDirectoryW","","","","","","","","OffsetRect",""
"","","","","","","CreateDCW","","lstrcmpA","","","","","","","","SetCaretPos",""
"","","","","","","GdiComment","","FindNextFileW","","","","","","","","DrawIcon",""
"","","","","","","RealizePalette","","HeapValidate","","","","","","","","KillTimer",""
"","","","","","","CreateHatchBrush","","CompareStringA","","","","","","","","GetClipboardOwner",""
"","","","","","","CreatePatternBrush","","CreateFileMappingA","","","","","","","","SendNotifyMessageW",""
"","","","","","","ExtTextOutW","","FindFirstFileW","","","","","","","","SetMenuContextHelpId",""
"","","","","","","SetPaletteEntries","","GlobalMemoryStatus","","","","","","","","CheckMenuRadioItem",""
"","","","","","","SelectClipPath","","DuplicateHandle","","","","","","","","SetClipboardViewer",""
"","","","","","","RectVisible","","GetProcAddress","","","","","","","","SendDlgItemMessageA",""
"","","","","","","GetStockObject","","GetTempPathW","","","","","","","","GetSystemMetrics",""
"","","","","","","GetPath","","RemoveDirectoryA","","","","","","","","SetWindowLongW",""
"","","","","","","GetRgnBox","","GetTimeZoneInformation","","","","","","","","SetScrollRange",""
"","","","","","","StrokePath","","CreateFileW","","","","","","","","GetWindowRect",""
"","","","","","","UnrealizeObject","","GetFileType","","","","","","","","InflateRect",""
"","","","","","","FlattenPath","","TlsSetValue","","","","","","","","SetCapture",""
"","","","","","","SelectClipRgn","","CreateFileA","","","","","","","","ReleaseCapture",""
"","","","","","","RoundRect","","ExitProcess","","","","","","","","IntersectRect",""
"","","","","","","GetTextAlign","","FindFirstVolumeW","","","","","","","","SendDlgItemMessageW",""
"","","","","","","ExtEscape","","InterlockedIncrement","","","","","","","","PostMessageW",""
"","","","","","","CreateBitmapIndirect","","GlobalGetAtomNameW","","","","","","","","CheckDlgButton",""
"","","","","","","SetWindowOrgEx","","LocalReAlloc","","","","","","","","EqualRect",""
"","","","","","","GetCharWidthFloatW","","SystemTimeToFileTime","","","","","","","","CreatePopupMenu",""
"","","","","","","SelectObject","","GlobalDeleteAtom","","","","","","","","ShowCaret",""
"","","","","","","GetViewportExtEx","","GetShortPathNameW","","","","","","","","DrawFocusRect",""
"","","","","","","SetTextCharacterExtra","","UnmapViewOfFile","","","","","","","","GetClassLongW",""
"","","","","","","OffsetWindowOrgEx","","GetSystemInfo","","","","","","","","GetLastActivePopup",""
"","","","","","","GetTextExtentPoint32W","","lstrlenA","","","","","","","","PtInRect",""
"","","","","","","EndPath","","GlobalFree","","","","","","","","SetWindowTextW",""
"","","","","","","CreateDIBPatternBrushPt","","LCMapStringA","","","","","","","","SetTimer",""
"","","","","","","CreatePolygonRgn","","GetThreadLocale","","","","","","","","GetDlgItem",""
"","","","","","","GetCharABCWidthsFloatW","","GetEnvironmentStringsW","","","","","","","","GetMenuCheckMarkDimensions",""
"","","","","","","PolylineTo","","GlobalUnlock","","","","","","","","SystemParametersInfoW",""
"","","","","","","CreateHalftonePalette","","LockFile","","","","","","","","BringWindowToTop",""
"","","","","","","GetGlyphOutlineW","","lstrlenW","","","","","","","","GetWindowPlacement",""
"","","","","","","GetBkMode","","Process32NextW","","","","","","","","ClientToScreen",""
"","","","","","","SaveDC","","VirtualFree","","","","","","","","TrackPopupMenu",""
"","","","","","","CreateICW","","FileTimeToLocalFileTime","","","","","","","","SetWindowsHookExA",""
"","","","","","","MaskBlt","","SizeofResource","","","","","","","","PostThreadMessageW",""
"","","","","","","GetMiterLimit","","GetCurrentDirectoryW","","","","","","","","GetMenuItemCount",""
"","","","","","","GetColorAdjustment","","WaitForSingleObject","","","","","","","","IsDlgButtonChecked",""
"","","","","","","RestoreDC","","LockResource","","","","","","","","GetMenuState",""
"","","","","","","GetBitmapBits","","SetFileTime","","","","","","","","IsDialogMessageW",""
"","","","","","","SetMapperFlags","","WideCharToMultiByte","","","","","","","","LoadCursorW",""
"","","","","","","GetBitmapDimensionEx","","GetCommandLineA","","","","","","","","GetSystemMenu",""
"","","","","","","CreateSolidBrush","","Process32FirstW","","","","","","","","ReuseDDElParam",""
"","","","","","","FillPath","","GetCurrentThread","","","","","","","","DispatchMessageW",""
"","","","","","","CreateBitmap","","SuspendThread","","","","","","","","CheckMenuItem",""
"","","","","","","CreateCompatibleBitmap","","RaiseException","","","","","","","","FillRect",""
"","","","","","","SetTextColor","","MapViewOfFile","","","","","","","","SetForegroundWindow",""
"","","","","","","ExtFloodFill","","TlsFree","","","","","","","","SetFocus",""
"","","","","","","GetBrushOrgEx","","GetModuleHandleA","","","","","","","","GetMenuStringW",""
"","","","","","","GetCurrentObject","","ReadFile","","","","","","","","GetCursorPos",""
"","","","","","","SetMiterLimit","","GlobalFlags","","","","","","","","CreateDialogIndirectParamW",""
"","","","","","","EnumObjects","","CloseHandle","","","","","","","","MapDialogRect",""
"","","","","","","SetPixelV","","GetACP","","","","","","","","GetScrollRange",""
"","","","","","","DrawEscape","","GetVersion","","","","","","","","GetScrollInfo",""
"","","","","","","SetViewportOrgEx","","FreeResource","","","","","","","","GetMessageW",""
"","","","","","","AbortPath","","IsBadStringPtrW","","","","","","","","HideCaret",""
"","","","","","","SetArcDirection","","GetEnvironmentStrings","","","","","","","","DeferWindowPos",""
"","","","","","","CreateRoundRectRgn","","CreateProcessA","","","","","","","","FindWindowW",""
"","","","","","","CreateCompatibleDC","","CompareFileTime","","","","","","","","GetCapture",""
"","","","","","","PolyBezierTo","","HeapCreate","","","","","","","","ScreenToClient",""
"","","","","","","CreateFontW","","FindResourceW","","","","","","","","LoadMenuW",""
"","","","","","","SetStretchBltMode","","CreateProcessW","","","","","","","","RemoveMenu",""
"","","","","","","PolyBezier","","Sleep","","","","","","","","GetWindowThreadProcessId",""
"","","","","","","Chord","","IsBadReadPtr","","","","","","","","DlgDirListW",""
"","","","","","","SetBrushOrgEx","","IsBadStringPtrA","","","","","","","","ShowScrollBar",""
"","","","","","","CreateRectRgn","","GetProcessVersion","","","","","","","","HiliteMenuItem",""
"","","","","","","GetClipRgn","","VirtualAlloc","","","","","","","","MessageBoxW",""
"","","","","","","SetPolyFillMode","","ResetEvent","","","","","","","","SendMessageW",""
"","","","","","","GetTextCharacterExtra","","","","","","","","","","SetMenu",""
"","","","","","","SetTextJustification","","","","","","","","","","SetRectEmpty",""
"","","","","","","GetStretchBltMode","","","","","","","","","","SetDlgItemInt",""
"","","","","","","Polyline","","","","","","","","","","MessageBoxA",""
"","","","","","","DPtoLP","","","","","","","","","","AppendMenuW",""
"","","","","","","CreateEllipticRgnIndirect","","","","","","","","","","GetWindowDC",""
"","","","","","","StartDocW","","","","","","","","","","DestroyCursor",""
"","","","","","","Ellipse","","","","","","","","","","AdjustWindowRectEx",""
"","","","","","","","","","","","","","","","","GetSysColor",""
"","","","","","","","","","","","","","","","","SetDlgItemTextW",""
"","","","","","","","","","","","","","","","","SetScrollInfo",""
"","","","","","","","","","","","","","","","","GetKeyState",""
"","","","","","","","","","","","","","","","","EndDeferWindowPos",""
"","","","","","","","","","","","","","","","","GetWindowRgn",""
"","","","","","","","","","","","","","","","","TabbedTextOutW",""
"","","","","","","","","","","","","","","","","DestroyIcon",""
"","","","","","","","","","","","","","","","","GetKeyNameTextA",""
"","","","","","","","","","","","","","","","","BeginDeferWindowPos",""
"","","","","","","","","","","","","","","","","WinHelpW",""
"","","","","","","","","","","","","","","","","GetDesktopWindow",""
"","","","","","","","","","","","","","","","","SubtractRect",""
"","","","","","","","","","","","","","","","","UnpackDDElParam",""
"","","","","","","","","","","","","","","","","SetCursorPos",""
"","","","","","","","","","","","","","","","","GetDCEx",""
"","","","","","","","","","","","","","","","","ValidateRgn",""
"","","","","","","","","","","","","","","","","UnionRect",""
"","","","","","","","","","","","","","","","","GetDC",""
"","","","","","","","","","","","","","","","","FrameRect",""
"","","","","","","","","","","","","","","","","SetRect",""
"","","","","","","","","","","","","","","","","DeleteMenu",""
"","","","","","","","","","","","","","","","","InvalidateRect",""
"","","","","","","","","","","","","","","","","wsprintfA",""
"","","","","","","","","","","","","","","","","CallWindowProcW",""
"","","","","","","","","","","","","","","","","GetClassNameW",""
"","","","","","","","","","","","","","","","","DestroyWindow",""
"","","","","","","","","","","","","","","","","ModifyMenuW",""
"","","","","","","","","","","","","","","","","IsRectEmpty",""
"","","","","","","","","","","","","","","","","IsMenu",""
"","","","","","","","","","","","","","","","","GetFocus",""
"","","","","","","","","","","","","","","","","wsprintfW",""
"","","","","","","","","","","","","","","","","SetCursor",""
"","","","","","","","","","","","","","","","","UnhookWindowsHookEx",""
"","","","","","","","","","","","","","","","","TranslateAcceleratorW",""
