"oleaut32.dll","mpr.dll","comdlg32.dll","URLMON.DLL","version.dll","winmm.dll","Magnification.dll","gdi32.dll","shell32.dll","kernel32.dll","msvcrt.dll","wsock32.dll","netapi32.dll","advapi32.dll","ole32.dll","gdiplus.dll","user32.dll","comctl32.dll"
"VariantChangeType","WNetGetConnectionW","GetSaveFileNameW","URLDownloadToFileW","VerQueryValueW","timeGetTime","MagSetWindowSource","SetDIBits","Shell_NotifyIconW","SetThreadLocale","memset","ioctlsocket","NetWkstaGetInfo","RegCreateKeyExW","CreateStreamOnHGlobal","GdiplusShutdown","MapWindowPoints","ImageList_BeginDrag"
"SafeArrayAccessData","","GetOpenFileNameW","","GetFileVersionInfoW","","MagSetWindowFilterList","PolyPolyline","SHGetDesktopFolder","GetStdHandle","memcpy","WSAStartup","","RegFlushKey","OleUninitialize","GdiplusStartup","GetMessagePos","ImageList_GetImageCount"
"SafeArrayGetLBound","","","","GetFileVersionInfoSizeW","","MagSetWindowTransform","GetTextMetricsW","ShellExecuteW","FileTimeToDosDateTime","","connect","","RegCloseKey","OleDraw","","SetWindowRgn","ImageList_SetBkColor"
"SafeArrayGetElement","","","","","","MagInitialize","SetMapMode","SHGetMalloc","WaitForSingleObject","","getsockname","","OpenProcessToken","CoInitialize","","RedrawWindow","ImageList_Replace"
"SafeArrayPtrOfIndex","","","","","","MagSetImageScalingCallback","GetWindowOrgEx","SHGetSpecialFolderLocation","HeapDestroy","","htons","","RegSetValueExW","OleInitialize","","LoadBitmapW","FlatSB_SetScrollInfo"
"SysAllocStringLen","","","","","","","ResizePalette","","GetFileAttributesW","","inet_ntoa","","RegDeleteValueW","ProgIDFromCLSID","","EnableScrollBar","InitCommonControls"
"SafeArrayUnaccessData","","","","","","","GetPaletteEntries","","VerifyVersionInfoW","","WSAGetLastError","","RegQueryInfoKeyW","IsAccelerator","","DestroyMenu","ImageList_SetImageCount"
"VariantClear","","","","","","","CombineRgn","","DeleteCriticalSection","","WSACancelAsyncRequest","","GetUserNameW","StringFromCLSID","","SetSystemCursor","FlatSB_GetScrollInfo"
"GetActiveObject","","","","","","","GetViewportOrgEx","","GetCurrentProcess","","gethostname","","RegEnumKeyExW","CoCreateInstance","","PostQuitMessage","ImageList_GetDragImage"
"SafeArrayCreate","","","","","","","CopyEnhMetaFileW","","LocalAlloc","","WSAAsyncGetHostByName","","RegOpenKeyExW","CLSIDFromProgID","","GetForegroundWindow","FlatSB_SetScrollProp"
"SysReAllocStringLen","","","","","","","SetPixel","","GetVolumeInformationW","","closesocket","","AdjustTokenPrivileges","CoUninitialize","","SetWindowPos","ImageList_Create"
"SafeArrayGetUBound","","","","","","","IntersectClipRect","","SetErrorMode","","inet_addr","","LookupPrivilegeValueW","CreateBindCtx","","IsWindow","ImageList_DragMove"
"VariantCopy","","","","","","","AngleArc","","GetLocaleInfoW","","send","","RegQueryValueExW","CoGetClassObject","","CountClipboardFormats","ImageList_DrawEx"
"GetErrorInfo","","","","","","","GetTextExtentPointW","","WideCharToMultiByte","","ntohs","","","OleSetMenuDescriptor","","DispatchMessageA","ImageList_SetIconSize"
"SysFreeString","","","","","","","CreatePalette","","FileTimeToLocalFileTime","","gethostbyaddr","","","IsEqualGUID","","EndPaint","ImageList_Write"
"SafeArrayPutElement","","","","","","","CreateDIBitmap","","GetDiskFreeSpaceW","","listen","","","MkParseDisplayName","","ScrollWindowEx","ImageList_Read"
"VariantInit","","","","","","","GetDIBits","","InterlockedExchange","","WSAAsyncGetServByName","","","CoTaskMemFree","","WindowFromPoint","ImageList_Destroy"
"","","","","","","","GetEnhMetaFileBits","","WriteFile","","WSACleanup","","","CoTaskMemAlloc","","DrawIcon","_TrackMouseEvent"
"","","","","","","","StretchBlt","","GetThreadPriority","","gethostbyname","","","","","GetMenuItemRect","ImageList_Draw"
"","","","","","","","StretchDIBits","","SetEvent","","getpeername","","","","","GetMessageTime","ImageList_GetIconSize"
"","","","","","","","ArcTo","","LocalFree","","WSAAsyncSelect","","","","","VkKeyScanW","ImageList_DragLeave"
"","","","","","","","Pie","","FormatMessageW","","recv","","","","","SetMenuItemInfoW","ImageList_GetBkColor"
"","","","","","","","SetWindowExtEx","","ResumeThread","","socket","","","","","SetActiveWindow","ImageList_GetIcon"
"","","","","","","","Arc","","InitializeCriticalSection","","bind","","","","","GetMenuItemID","FlatSB_SetScrollPos"
"","","","","","","","SetViewportExtEx","","LoadResource","","getservbyname","","","","","GetCursorPos","ImageList_ReplaceIcon"
"","","","","","","","ExtCreatePen","","GlobalHandle","","","","","","","ReleaseDC","ImageList_DragEnter"
"","","","","","","","SetBkColor","","EnumCalendarInfoW","","","","","","","GetMenuStringW","ImageList_Add"
"","","","","","","","SetWinMetaFileBits","","FindClose","","","","","","","SendMessageW","InitializeFlatSB"
"","","","","","","","SetRectRgn","","TlsGetValue","","","","","","","IsDialogMessageW","FlatSB_GetScrollPos"
"","","","","","","","GetDIBColorTable","","GetFullPathNameW","","","","","","","EndMenu","ImageList_DragShowNolock"
"","","","","","","","DeleteEnhMetaFile","","GetEnvironmentVariableW","","","","","","","SendMessageA","ImageList_Remove"
"","","","","","","","GetSystemPaletteEntries","","SetLastError","","","","","","","UnregisterClassW","ImageList_EndDrag"
"","","","","","","","GetClipBox","","GetUserDefaultUILanguage","","","","","","","GetClientRect",""
"","","","","","","","GetCurrentPositionEx","","InterlockedDecrement","","","","","","","GetMenuItemInfoW",""
"","","","","","","","LPtoDP","","GlobalFindAtomW","","","","","","","DefWindowProcW",""
"","","","","","","","GetPixel","","WriteProcessMemory","","","","","","","DrawTextW",""
"","","","","","","","GetBrushOrgEx","","GetModuleFileNameW","","","","","","","SetScrollPos",""
"","","","","","","","ExcludeClipRect","","IsDebuggerPresent","","","","","","","CallNextHookEx",""
"","","","","","","","SetBkMode","","HeapAlloc","","","","","","","IsClipboardFormatAvailable",""
"","","","","","","","BitBlt","","VerSetConditionMask","","","","","","","GetSysColor",""
"","","","","","","","CreateEnhMetaFileW","","SetThreadPriority","","","","","","","GetKeyboardState",""
"","","","","","","","FrameRgn","","GetUserDefaultLCID","","","","","","","GetKeyboardLayoutNameW",""
"","","","","","","","CreateBrushIndirect","","UnhandledExceptionFilter","","","","","","","ClientToScreen",""
"","","","","","","","SelectPalette","","LoadLibraryExW","","","","","","","GetTopWindow",""
"","","","","","","","CloseEnhMetaFile","","MultiByteToWideChar","","","","","","","FindWindowW",""
"","","","","","","","SetROP2","","GetLocalTime","","","","","","","GetWindowTextW",""
"","","","","","","","GetNearestPaletteIndex","","CreateEventW","","","","","","","EnumClipboardFormats",""
"","","","","","","","SetDIBColorTable","","GlobalAddAtomW","","","","","","","GetWindowTextLengthW",""
"","","","","","","","SetPixelV","","CreateThread","","","","","","","MsgWaitForMultipleObjects",""
"","","","","","","","DeleteObject","","GetSystemDirectoryW","","","","","","","ScrollWindow",""
"","","","","","","","CreatePenIndirect","","GetSystemDefaultUILanguage","","","","","","","GetWindowTextA",""
"","","","","","","","PatBlt","","GetExitCodeThread","","","","","","","CopyImage",""
"","","","","","","","CreatePen","","CreateMutexW","","","","","","","PtInRect",""
"","","","","","","","SetStretchBltMode","","MulDiv","","","","","","","DrawEdge",""
"","","","","","","","Rectangle","","ExitThread","","","","","","","GetParent",""
"","","","","","","","GetDeviceCaps","","SetPriorityClass","","","","","","","UpdateWindow",""
"","","","","","","","LineTo","","WaitForMultipleObjectsEx","","","","","","","GetPropW",""
"","","","","","","","DeleteDC","","TerminateProcess","","","","","","","SetClassLongW",""
"","","","","","","","CreateFontIndirectW","","GetVersion","","","","","","","EnumWindows",""
"","","","","","","","GetObjectW","","VirtualQuery","","","","","","","CreateCaret",""
"","","","","","","","RealizePalette","","VirtualQueryEx","","","","","","","ShowWindow",""
"","","","","","","","SetEnhMetaFileBits","","SetEndOfFile","","","","","","","GetCaretPos",""
"","","","","","","","CreateBitmap","","GetCurrentThreadId","","","","","","","DrawFrameControl",""
"","","","","","","","RectVisible","","InterlockedIncrement","","","","","","","SetPropW",""
"","","","","","","","GetStockObject","","HeapFree","","","","","","","GetMenuState",""
"","","","","","","","PlayEnhMetaFile","","EnterCriticalSection","","","","","","","DefMDIChildProcW",""
"","","","","","","","UnrealizeObject","","LoadLibraryW","","","","","","","IsCharAlphaW",""
"","","","","","","","GdiFlush","","GetVersionExW","","","","","","","PeekMessageW",""
"","","","","","","","RoundRect","","FreeLibrary","","","","","","","TranslateMDISysAccel",""
"","","","","","","","GetWinMetaFileBits","","QueryPerformanceCounter","","","","","","","InsertMenuItemW",""
"","","","","","","","GetEnhMetaFileDescriptionW","","GetTickCount","","","","","","","SetWindowPlacement",""
"","","","","","","","GetEnhMetaFileHeader","","DisableThreadLibraryCalls","","","","","","","CharUpperW",""
"","","","","","","","SetWindowOrgEx","","TlsAlloc","","","","","","","PeekMessageA",""
"","","","","","","","GetTextExtentPoint32W","","VirtualProtect","","","","","","","TranslateMessage",""
"","","","","","","","Polygon","","LoadLibraryA","","","","","","","IsWindowEnabled",""
"","","","","","","","CreateHalftonePalette","","RtlUnwind","","","","","","","GetWindow",""
"","","","","","","","GetGlyphOutlineW","","GlobalSize","","","","","","","DestroyCaret",""
"","","","","","","","GetRgnBox","","GetFileSize","","","","","","","ActivateKeyboardLayout",""
"","","","","","","","SaveDC","","OpenProcess","","","","","","","RegisterClassW",""
"","","","","","","","MaskBlt","","GetDateFormatW","","","","","","","GetIconInfo",""
"","","","","","","","GetEnhMetaFilePaletteEntries","","GetStartupInfoW","","","","","","","SetParent",""
"","","","","","","","RestoreDC","","ReadProcessMemory","","","","","","","SetClipboardData",""
"","","","","","","","GetBitmapBits","","GetProcAddress","","","","","","","IsZoomed",""
"","","","","","","","GetBitmapDimensionEx","","GetComputerNameW","","","","","","","GetWindowPlacement",""
"","","","","","","","CreateSolidBrush","","CompareStringW","","","","","","","LoadStringW",""
"","","","","","","","CreateDIBSection","","ExpandEnvironmentStringsW","","","","","","","WindowFromDC",""
"","","","","","","","SetTextColor","","FindNextFileW","","","","","","","GetKeyboardLayoutList",""
"","","","","","","","ExtFloodFill","","ResetEvent","","","","","","","DrawMenuBar",""
"","","","","","","","MoveToEx","","FindFirstFileW","","","","","","","IsIconic",""
"","","","","","","","EnumFontFamiliesExW","","IsValidLocale","","","","","","","GetSubMenu",""
"","","","","","","","SetViewportOrgEx","","lstrcmpW","","","","","","","SetTimer",""
"","","","","","","","ExtTextOutW","","GlobalLock","","","","","","","GetActiveWindow",""
"","","","","","","","CreateCompatibleDC","","GetTimeZoneInformation","","","","","","","ShowOwnedPopups",""
"","","","","","","","PolyBezierTo","","CreateFileW","","","","","","","FillRect",""
"","","","","","","","PolyBezier","","TlsSetValue","","","","","","","EnumThreadWindows",""
"","","","","","","","Chord","","ExitProcess","","","","","","","MonitorFromPoint",""
"","","","","","","","SetBrushOrgEx","","LeaveCriticalSection","","","","","","","CopyRect",""
"","","","","","","","CreateRectRgn","","GetLastError","","","","","","","GetSysColorBrush",""
"","","","","","","","SelectObject","","GlobalDeleteAtom","","","","","","","IsWindowUnicode",""
"","","","","","","","CreateCompatibleBitmap","","VirtualAllocEx","","","","","","","CreateWindowExW",""
"","","","","","","","GetStretchBltMode","","GetSystemInfo","","","","","","","GetWindowLongW",""
"","","","","","","","Polyline","","GlobalFree","","","","","","","CharNextW",""
"","","","","","","","Ellipse","","FindResourceW","","","","","","","IsChild",""
"","","","","","","","","","GetThreadLocale","","","","","","","IsDialogMessageA",""
"","","","","","","","","","GlobalUnlock","","","","","","","SetFocus",""
"","","","","","","","","","QueryPerformanceFrequency","","","","","","","RegisterWindowMessageW",""
"","","","","","","","","","GlobalAlloc","","","","","","","GetMonitorInfoW",""
"","","","","","","","","","lstrlenW","","","","","","","EmptyClipboard",""
"","","","","","","","","","CreateProcessW","","","","","","","SetCapture",""
"","","","","","","","","","SwitchToThread","","","","","","","IsCharAlphaNumericW",""
"","","","","","","","","","SizeofResource","","","","","","","OffsetRect",""
"","","","","","","","","","GetCurrentDirectoryW","","","","","","","SetCaretPos",""
"","","","","","","","","","VirtualFreeEx","","","","","","","GetScrollPos",""
"","","","","","","","","","GetCurrentProcessId","","","","","","","CopyIcon",""
"","","","","","","","","","LockResource","","","","","","","keybd_event",""
"","","","","","","","","","GetCommandLineW","","","","","","","KillTimer",""
"","","","","","","","","","GetCPInfo","","","","","","","MapVirtualKeyW",""
"","","","","","","","","","InterlockedCompareExchange","","","","","","","GetClipboardData",""
"","","","","","","","","","GetCurrentThread","","","","","","","GetClassInfoExW",""
"","","","","","","","","","SuspendThread","","","","","","","GetSystemMetrics",""
"","","","","","","","","","RaiseException","","","","","","","SetWindowLongW",""
"","","","","","","","","","TlsFree","","","","","","","SetScrollRange",""
"","","","","","","","","","SetFilePointer","","","","","","","GetWindowRect",""
"","","","","","","","","","ReadFile","","","","","","","InflateRect",""
"","","","","","","","","","CloseHandle","","","","","","","PostMessageA",""
"","","","","","","","","","GetACP","","","","","","","ReleaseCapture",""
"","","","","","","","","","GetModuleHandleW","","","","","","","EnumChildWindows",""
"","","","","","","","","","FreeResource","","","","","","","DrawTextExW",""
"","","","","","","","","","GetCPInfoExW","","","","","","","GetMessageExtraInfo",""
"","","","","","","","","","HeapCreate","","","","","","","CreateIconIndirect",""
"","","","","","","","","","GetTempPathW","","","","","","","CharLowerW",""
"","","","","","","","","","VirtualFree","","","","","","","SetKeyboardState",""
"","","","","","","","","","Sleep","","","","","","","GetKeyNameTextW",""
"","","","","","","","","","VirtualAlloc","","","","","","","WaitMessage",""
"","","","","","","","","","","","","","","","","CreatePopupMenu",""
"","","","","","","","","","","","","","","","","ShowCaret",""
"","","","","","","","","","","","","","","","","DrawFocusRect",""
"","","","","","","","","","","","","","","","","GetClassLongW",""
"","","","","","","","","","","","","","","","","GetLastActivePopup",""
"","","","","","","","","","","","","","","","","DrawIconEx",""
"","","","","","","","","","","","","","","","","CharUpperBuffW",""
"","","","","","","","","","","","","","","","","SetWindowTextW",""
"","","","","","","","","","","","","","","","","GetDCEx",""
"","","","","","","","","","","","","","","","","GetDlgItem",""
"","","","","","","","","","","","","","","","","RemovePropW",""
"","","","","","","","","","","","","","","","","GetSystemMenu",""
"","","","","","","","","","","","","","","","","ScreenToClient",""
"","","","","","","","","","","","","","","","","PostMessageW",""
"","","","","","","","","","","","","","","","","TrackPopupMenu",""
"","","","","","","","","","","","","","","","","GetMenuItemCount",""
"","","","","","","","","","","","","","","","","ValidateRect",""
"","","","","","","","","","","","","","","","","SetWindowsHookExW",""
"","","","","","","","","","","","","","","","","LoadCursorW",""
"","","","","","","","","","","","","","","","","LoadIconW",""
"","","","","","","","","","","","","","","","","FindWindowExW",""
"","","","","","","","","","","","","","","","","GetDC",""
"","","","","","","","","","","","","","","","","InsertMenuW",""
"","","","","","","","","","","","","","","","","SetForegroundWindow",""
"","","","","","","","","","","","","","","","","ExitWindowsEx",""
"","","","","","","","","","","","","","","","","OpenClipboard",""
"","","","","","","","","","","","","","","","","GetAsyncKeyState",""
"","","","","","","","","","","","","","","","","GetScrollBarInfo",""
"","","","","","","","","","","","","","","","","CharLowerBuffW",""
"","","","","","","","","","","","","","","","","GetScrollRange",""
"","","","","","","","","","","","","","","","","GetScrollInfo",""
"","","","","","","","","","","","","","","","","HideCaret",""
"","","","","","","","","","","","","","","","","GetKeyboardLayout",""
"","","","","","","","","","","","","","","","","SendInput",""
"","","","","","","","","","","","","","","","","GetCapture",""
"","","","","","","","","","","","","","","","","GetDlgCtrlID",""
"","","","","","","","","","","","","","","","","BeginPaint",""
"","","","","","","","","","","","","","","","","MessageBeep",""
"","","","","","","","","","","","","","","","","RemoveMenu",""
"","","","","","","","","","","","","","","","","GetWindowThreadProcessId",""
"","","","","","","","","","","","","","","","","ShowScrollBar",""
"","","","","","","","","","","","","","","","","MessageBoxW",""
"","","","","","","","","","","","","","","","","GetMenu",""
"","","","","","","","","","","","","","","","","DestroyIcon",""
"","","","","","","","","","","","","","","","","RegisterClassExW",""
"","","","","","","","","","","","","","","","","UnhookWindowsHookEx",""
"","","","","","","","","","","","","","","","","MoveWindow",""
"","","","","","","","","","","","","","","","","LoadKeyboardLayoutW",""
"","","","","","","","","","","","","","","","","MessageBoxA",""
"","","","","","","","","","","","","","","","","GetWindowDC",""
"","","","","","","","","","","","","","","","","DestroyCursor",""
"","","","","","","","","","","","","","","","","AdjustWindowRectEx",""
"","","","","","","","","","","","","","","","","mouse_event",""
"","","","","","","","","","","","","","","","","GetFocus",""
"","","","","","","","","","","","","","","","","MessageBoxIndirectW",""
"","","","","","","","","","","","","","","","","MsgWaitForMultipleObjectsEx",""
"","","","","","","","","","","","","","","","","RegisterClipboardFormatW",""
"","","","","","","","","","","","","","","","","SetScrollInfo",""
"","","","","","","","","","","","","","","","","GetKeyState",""
"","","","","","","","","","","","","","","","","GetDoubleClickTime",""
"","","","","","","","","","","","","","","","","EnableMenuItem",""
"","","","","","","","","","","","","","","","","EnumDisplayMonitors",""
"","","","","","","","","","","","","","","","","DefFrameProcW",""
"","","","","","","","","","","","","","","","","IsWindowVisible",""
"","","","","","","","","","","","","","","","","GetDesktopWindow",""
"","","","","","","","","","","","","","","","","SetCursorPos",""
"","","","","","","","","","","","","","","","","SystemParametersInfoW",""
"","","","","","","","","","","","","","","","","DispatchMessageW",""
"","","","","","","","","","","","","","","","","FrameRect",""
"","","","","","","","","","","","","","","","","SetRect",""
"","","","","","","","","","","","","","","","","DeleteMenu",""
"","","","","","","","","","","","","","","","","InvalidateRect",""
"","","","","","","","","","","","","","","","","CreateIcon",""
"","","","","","","","","","","","","","","","","CallWindowProcW",""
"","","","","","","","","","","","","","","","","GetClassNameW",""
"","","","","","","","","","","","","","","","","DestroyWindow",""
"","","","","","","","","","","","","","","","","GetClassInfoW",""
"","","","","","","","","","","","","","","","","MonitorFromWindow",""
"","","","","","","","","","","","","","","","","IsRectEmpty",""
"","","","","","","","","","","","","","","","","GetCursor",""
"","","","","","","","","","","","","","","","","SendMessageTimeoutW",""
"","","","","","","","","","","","","","","","","CreateMenu",""
"","","","","","","","","","","","","","","","","EnableWindow",""
"","","","","","","","","","","","","","","","","CloseClipboard",""
"","","","","","","","","","","","","","","","","CheckMenuItem",""
"","","","","","","","","","","","","","","","","SetMenu",""
"","","","","","","","","","","","","","","","","SetCursor",""
