"api-ms-win-core-string-l1-1-0.dll","api-ms-win-core-psapi-l1-1-0.dll","api-ms-win-eventing-classicprovider-l1-1-0.dll","api-ms-win-core-registry-l1-1-0.dll","api-ms-win-core-string-l2-1-0.dll","api-ms-win-security-base-l1-1-0.dll","KERNEL32.dll","msvcrt.dll","api-ms-win-core-string-obsolete-l1-1-0.dll","api-ms-win-core-kernel32-private-l1-1-0.dll","ntdll.dll","api-ms-win-core-threadpool-l1-2-0.dll","api-ms-win-core-io-l1-1-0.dll","api-ms-win-core-handle-l1-1-0.dll","api-ms-win-core-timezone-l1-1-0.dll","api-ms-win-core-localization-l1-2-0.dll","api-ms-win-core-kernel32-legacy-l1-1-0.dll","api-ms-win-core-libraryloader-l1-2-1.dll","api-ms-win-core-heap-obsolete-l1-1-0.dll","api-ms-win-core-apiquery-l1-1-0.dll","USER32.dll","api-ms-win-core-file-l1-1-0.dll","api-ms-win-eventing-provider-l1-1-0.dll","api-ms-win-core-heap-l2-1-0.dll","api-ms-win-core-processenvironment-l1-1-0.dll","api-ms-win-core-processthreads-l1-1-0.dll","api-ms-win-core-delayload-l1-1-1.dll","api-ms-win-core-synch-l1-2-1.dll","api-ms-win-core-libraryloader-l1-2-0.dll","api-ms-win-core-errorhandling-l1-1-0.dll","RPCRT4.dll","api-ms-win-core-shlwapi-obsolete-l1-1-0.dll","api-ms-win-core-heap-l1-1-0.dll","api-ms-win-core-kernel32-legacy-l1-1-1.dll","api-ms-win-core-synch-l1-2-0.dll","api-ms-win-core-profile-l1-1-0.dll","KERNELBASE.dll","api-ms-win-eventing-controller-l1-1-0.dll","api-ms-win-core-synch-l1-1-0.dll","api-ms-win-core-threadpool-legacy-l1-1-0.dll","api-ms-win-core-processthreads-l1-1-1.dll","api-ms-win-core-debug-l1-1-0.dll","api-ms-win-core-sysinfo-l1-2-0.dll","api-ms-win-core-sysinfo-l1-1-0.dll","WS2_32.dll","api-ms-win-core-delayload-l1-1-0.dll"
"MultiByteToWideChar","K32EnumProcessModules","TraceMessage","RegCreateKeyExW","CharNextW","CopySid","OOBEComplete","_purecall","lstrcmpiW","CheckElevationEnabled","RtlInitUnicodeString","SetThreadpoolThreadMinimum","DeviceIoControl","DuplicateHandle","SystemTimeToFileTime","FormatMessageW","GetComputerNameW","LoadLibraryW","LocalSize","ApiSetQueryApiSetPresence","UnregisterDeviceNotification","CreateDirectoryW","EventSetInformation","LocalFree","ExpandEnvironmentStringsW","TlsFree","ResolveDelayLoadedAPI","CreateSemaphoreW","SizeofResource","SetUnhandledExceptionFilter","NdrServerCallAll","StrStrW","HeapFree","VerifyVersionInfoW","Sleep","QueryPerformanceCounter","WTSIsServerContainer","StartTraceW","ReleaseSRWLockShared","UnregisterWaitEx","OpenProcess","DebugBreak","GetProductInfo","GetTickCount64","GetNameInfoW","DelayLoadFailureHook"
"","QueryFullProcessImageNameW","","RegDeleteValueW","","GetSecurityDescriptorControl","","malloc","lstrcmpW","","RtlInsertElementGenericTable","CloseThreadpoolCleanupGroup","","CloseHandle","","","RegisterWaitForSingleObject","","","","RegisterDeviceNotificationW","QueryDosDeviceW","EventUnregister","LocalAlloc","","CreateProcessW","","WaitForMultipleObjects","LoadResource","UnhandledExceptionFilter","RpcServerUnregisterIfEx","","HeapAlloc","","","","","ControlTraceW","DeleteCriticalSection","DeleteTimerQueueEx","","OutputDebugStringA","","GetSystemTime","WSAStartup",""
"","","","RegCloseKey","","GetAce","","realloc","","","RtlVerifyVersionInfo","CreateThreadpool","","","","","UnregisterWait","","","","","CreateFileW","EventRegister","","","GetCurrentProcess","","","GetModuleHandleExW","GetLastError","RpcImpersonateClient","","GetProcessHeap","","","","","EnableTraceEx2","InitializeCriticalSectionAndSpinCount","CreateTimerQueueTimer","","IsDebuggerPresent","","GetSystemDirectoryW","WSAGetLastError",""
"","","","RegSetValueExW","","InitializeAcl","","memset","","","RtlDeleteSecurityObject","SetThreadpoolTimer","","","","","","","","","","CompareFileTime","EventActivityIdControl","","","TerminateProcess","","","GetModuleFileNameW","SetLastError","RpcRevertToSelf","","","","","","","","EnterCriticalSection","QueueUserWorkItem","","OutputDebugStringW","","GetVersionExW","WSACleanup",""
"","","","RegQueryInfoKeyW","","InitializeSecurityDescriptor","","wcschr","","","RtlDeleteResource","CloseThreadpool","","","","","","","","","","","","","","OpenProcessToken","","","FreeLibrary","RaiseException","RpcServerInqCallAttributesW","","","","","","","","ReleaseSemaphore","CreateTimerQueue","","","","GetTickCount","",""
"","","","RegGetValueW","","GetSecurityDescriptorLength","","__dllonexit","","","RtlNumberGenericTableElements","SetThreadpoolThreadMaximum","","","","","","","","","","","","","","CreateThread","","","LoadStringW","","RpcServerRegisterIfEx","","","","","","","","CreateEventW","DeleteTimerQueueTimer","","","","GetSystemTimeAsFileTime","",""
"","","","RegEnumKeyExW","","SetSecurityDescriptorDacl","","_stricmp","","","AlpcInitializeMessageAttribute","TrySubmitThreadpoolCallback","","","","","","","","","","","","","","GetCurrentProcessId","","","FindResourceExW","","UuidFromStringW","","","","","","","","ReleaseMutex","","","","","","",""
"","","","RegOpenKeyExW","","GetFileSecurityW","","wcsncpy_s","","","AlpcGetMessageAttribute","WaitForThreadpoolTimerCallbacks","","","","","","","","","","","","","","GetExitCodeThread","","","LoadLibraryExW","","RpcStringBindingParseW","","","","","","","","AcquireSRWLockExclusive","","","","","","",""
"","","","RegQueryValueExW","","CreateWellKnownSid","","_wcsicmp","","","TpAllocAlpcCompletion","CallbackMayRunLong","","","","","","","","","","","","","","CreateProcessAsUserW","","","DisableThreadLibraryCalls","","I_RpcBindingIsClientLocal","","","","","","","","InitializeCriticalSection","","","","","","",""
"","","","","","MakeAbsoluteSD","","wcstok_s","","","NtQueryInformationToken","CloseThreadpoolTimer","","","","","","","","","","","","","","OpenThreadToken","","","GetProcAddress","","RpcBindingToStringBindingW","","","","","","","","OpenEventW","","","","","","",""
"","","","","","DuplicateToken","","_vsnwprintf","","","RtlAcquireResourceShared","CreateThreadpoolTimer","","","","","","","","","","","","","","TlsGetValue","","","GetModuleHandleW","","RpcServerUseProtseqEpW","","","","","","","","WaitForSingleObject","","","","","","",""
"","","","","","EqualSid","","_amsg_exit","","","NtQueryVirtualMemory","CloseThreadpoolCleanupGroupMembers","","","","","","","","","","","","","","ProcessIdToSessionId","","","","","RpcServerListen","","","","","","","","SetEvent","","","","","","",""
"","","","","","AllocateLocallyUniqueId","","__C_specific_handler","","","RtlEqualSid","CreateThreadpoolCleanupGroup","","","","","","","","","","","","","","TlsAlloc","","","","","I_RpcBindingInqLocalClientPID","","","","","","","","WaitForMultipleObjectsEx","","","","","","",""
"","","","","","GetTokenInformation","","_errno","","","DbgPrint","","","","","","","","","","","","","","","TlsSetValue","","","","","RpcServerRegisterAuthInfoW","","","","","","","","CreateMutexW","","","","","","",""
"","","","","","DuplicateTokenEx","","_lock","","","RtlGetControlSecurityDescriptor","","","","","","","","","","","","","","","GetCurrentThreadId","","","","","NdrServerCall2","","","","","","","","ResetEvent","","","","","","",""
"","","","","","GetAclInformation","","qsort","","","RtlDeleteElementGenericTable","","","","","","","","","","","","","","","ExitThread","","","","","RpcServerRegisterIf3","","","","","","","","ReleaseSRWLockExclusive","","","","","","",""
"","","","","","IsValidSid","","??1type_info@@UEAA@XZ","","","RtlClearBits","","","","","","","","","","","","","","","GetCurrentThread","","","","","RpcStringFreeW","","","","","","","","AcquireSRWLockShared","","","","","","",""
"","","","","","AccessCheckAndAuditAlarmW","","_onexit","","","RtlEnumerateGenericTable","","","","","","","","","","","","","","","","","","","","RpcServerInqDefaultPrincNameW","","","","","","","","WaitForSingleObjectEx","","","","","","",""
"","","","","","GetSecurityDescriptorDacl","","_XcptFilter","","","RtlAllocateAndInitializeSid","","","","","","","","","","","","","","","","","","","","UuidToStringW","","","","","","","","InitializeSRWLock","","","","","","",""
"","","","","","GetLengthSid","","memcmp","","","EtwEventRegister","","","","","","","","","","","","","","","","","","","","","","","","","","","","LeaveCriticalSection","","","","","","",""
"","","","","","RevertToSelf","","_resetstkoflw","","","RtlVirtualUnwind","","","","","","","","","","","","","","","","","","","","","","","","","","","","","","","","","","",""
"","","","","","FreeSid","","wcsrchr","","","RtlCopySid","","","","","","","","","","","","","","","","","","","","","","","","","","","","","","","","","","",""
"","","","","","MakeSelfRelativeSD","","_CxxThrowException","","","RtlWakeAddressAll","","","","","","","","","","","","","","","","","","","","","","","","","","","","","","","","","","",""
"","","","","","AllocateAndInitializeSid","","_unlock","","","RtlInitializeGenericTable","","","","","","","","","","","","","","","","","","","","","","","","","","","","","","","","","","",""
"","","","","","CheckTokenMembership","","_wcsnicmp","","","ZwAlpcDisconnectPort","","","","","","","","","","","","","","","","","","","","","","","","","","","","","","","","","","",""
"","","","","","ImpersonateLoggedOnUser","","free","","","VerSetConditionMask","","","","","","","","","","","","","","","","","","","","","","","","","","","","","","","","","","",""
"","","","","","AddAce","","memcpy_s","","","EtwEventWriteTransfer","","","","","","","","","","","","","","","","","","","","","","","","","","","","","","","","","","",""
"","","","","","IsValidSecurityDescriptor","","_callnewh","","","EtwEventUnregister","","","","","","","","","","","","","","","","","","","","","","","","","","","","","","","","","","",""
"","","","","","","","memcpy","","","NtQuerySystemInformation","","","","","","","","","","","","","","","","","","","","","","","","","","","","","","","","","","",""
"","","","","","","","_vsnprintf","","","RtlAllocateHeap","","","","","","","","","","","","","","","","","","","","","","","","","","","","","","","","","","",""
"","","","","","","","__CxxFrameHandler3","","","ZwAlpcSendWaitReceivePort","","","","","","","","","","","","","","","","","","","","","","","","","","","","","","","","","","",""
"","","","","","","","iswspace","","","RtlInitializeBitMap","","","","","","","","","","","","","","","","","","","","","","","","","","","","","","","","","","",""
"","","","","","","","_initterm","","","NtPowerInformation","","","","","","","","","","","","","","","","","","","","","","","","","","","","","","","","","","",""
"","","","","","","","","","","RtlLookupElementGenericTable","","","","","","","","","","","","","","","","","","","","","","","","","","","","","","","","","","",""
"","","","","","","","","","","TpReleaseAlpcCompletion","","","","","","","","","","","","","","","","","","","","","","","","","","","","","","","","","","",""
"","","","","","","","","","","RtlCaptureStackBackTrace","","","","","","","","","","","","","","","","","","","","","","","","","","","","","","","","","","",""
"","","","","","","","","","","RtlNtStatusToDosError","","","","","","","","","","","","","","","","","","","","","","","","","","","","","","","","","","",""
"","","","","","","","","","","RtlInitString","","","","","","","","","","","","","","","","","","","","","","","","","","","","","","","","","","",""
"","","","","","","","","","","NtOpenProcess","","","","","","","","","","","","","","","","","","","","","","","","","","","","","","","","","","",""
"","","","","","","","","","","RtlCreateUserSecurityObject","","","","","","","","","","","","","","","","","","","","","","","","","","","","","","","","","","",""
"","","","","","","","","","","RtlCaptureContext","","","","","","","","","","","","","","","","","","","","","","","","","","","","","","","","","","",""
"","","","","","","","","","","RtlFreeHeap","","","","","","","","","","","","","","","","","","","","","","","","","","","","","","","","","","",""
"","","","","","","","","","","RtlFindClearBitsAndSet","","","","","","","","","","","","","","","","","","","","","","","","","","","","","","","","","","",""
"","","","","","","","","","","RtlInitializeResource","","","","","","","","","","","","","","","","","","","","","","","","","","","","","","","","","","",""
"","","","","","","","","","","ZwAlpcQueryInformation","","","","","","","","","","","","","","","","","","","","","","","","","","","","","","","","","","",""
"","","","","","","","","","","RtlLengthSid","","","","","","","","","","","","","","","","","","","","","","","","","","","","","","","","","","",""
"","","","","","","","","","","ZwAlpcCancelMessage","","","","","","","","","","","","","","","","","","","","","","","","","","","","","","","","","","",""
"","","","","","","","","","","TpWaitForAlpcCompletion","","","","","","","","","","","","","","","","","","","","","","","","","","","","","","","","","","",""
"","","","","","","","","","","NtQuerySystemTime","","","","","","","","","","","","","","","","","","","","","","","","","","","","","","","","","","",""
"","","","","","","","","","","RtlAcquireResourceExclusive","","","","","","","","","","","","","","","","","","","","","","","","","","","","","","","","","","",""
"","","","","","","","","","","NtDuplicateToken","","","","","","","","","","","","","","","","","","","","","","","","","","","","","","","","","","",""
"","","","","","","","","","","NtCreateFile","","","","","","","","","","","","","","","","","","","","","","","","","","","","","","","","","","",""
"","","","","","","","","","","RtlLookupFunctionEntry","","","","","","","","","","","","","","","","","","","","","","","","","","","","","","","","","","",""
"","","","","","","","","","","RtlFreeSid","","","","","","","","","","","","","","","","","","","","","","","","","","","","","","","","","","",""
"","","","","","","","","","","NtOpenProcessToken","","","","","","","","","","","","","","","","","","","","","","","","","","","","","","","","","","",""
"","","","","","","","","","","ZwAlpcConnectPort","","","","","","","","","","","","","","","","","","","","","","","","","","","","","","","","","","",""
"","","","","","","","","","","RtlWaitOnAddress","","","","","","","","","","","","","","","","","","","","","","","","","","","","","","","","","","",""
"","","","","","","","","","","RtlReleaseResource","","","","","","","","","","","","","","","","","","","","","","","","","","","","","","","","","","",""
"","","","","","","","","","","vDbgPrintEx","","","","","","","","","","","","","","","","","","","","","","","","","","","","","","","","","","",""
"","","","","","","","","","","RtlAdjustPrivilege","","","","","","","","","","","","","","","","","","","","","","","","","","","","","","","","","","",""
"","","","","","","","","","","EtwEventActivityIdControl","","","","","","","","","","","","","","","","","","","","","","","","","","","","","","","","","","",""
"","","","","","","","","","","RtlCopySecurityDescriptor","","","","","","","","","","","","","","","","","","","","","","","","","","","","","","","","","","",""
"","","","","","","","","","","RtlCompareMemory","","","","","","","","","","","","","","","","","","","","","","","","","","","","","","","","","","",""
"","","","","","","","","","","ZwClose","","","","","","","","","","","","","","","","","","","","","","","","","","","","","","","","","","",""
"","","","","","","","","","","RtlAreBitsSet","","","","","","","","","","","","","","","","","","","","","","","","","","","","","","","","","","",""
"","","","","","","","","","","NtQueryInformationProcess","","","","","","","","","","","","","","","","","","","","","","","","","","","","","","","","","","",""
"","","","","","","","","","","EtwEventWriteFull","","","","","","","","","","","","","","","","","","","","","","","","","","","","","","","","","","",""
