"SHLWAPI.dll","MPR.dll","comdlg32.dll","OLEAUT32.dll","WINMM.dll","GDI32.dll","ADVAPI32.dll","KERNEL32.dll","WINSPOOL.DRV","CRYPT32.dll","SHELL32.dll","ole32.dll","SETUPAPI.dll","WS2_32.dll","PSAPI.DLL","USER32.dll","USERENV.dll"
"PathIsUNCW","WNetEnumResourceW","GetFileTitleW","VariantChangeType","timeEndPeriod","SetMapMode","DuplicateTokenEx","LockFileEx","ClosePrinter","CryptUnprotectData","SHCreateDirectoryExW","CoUninitialize","SetupDiGetClassImageIndex","WSARecv","GetProcessMemoryInfo","GetMessagePos","CreateEnvironmentBlock"
"PathStripToRootW","WNetAddConnection2W","","VariantClear","timeGetTime","TextOutW","RegisterServiceCtrlHandlerW","GetStdHandle","DocumentPropertiesW","","SHGetSpecialFolderPathW","CoInitialize","SetupDiGetClassDevsW","WSACreateEvent","GetModuleFileNameExW","SetMenuItemBitmaps","DestroyEnvironmentBlock"
"PathFindExtensionW","WNetCloseEnum","","VariantInit","timeBeginPeriod","SetStretchBltMode","SetServiceStatus","GetDriveTypeW","OpenPrinterW","","ShellExecuteExW","CoCreateGuid","SetupDiGetClassDescriptionW","WSAStartup","","LoadBitmapW",""
"PathFileExistsW","WNetOpenEnumW","","","","SaveDC","OpenProcessToken","GetConsoleOutputCP","","","SHFileOperationW","CoCreateInstance","SetupDiEnumDeviceInfo","WSAWaitForMultipleEvents","","DestroyMenu",""
"PathFindFileNameW","","","","","GetClipBox","GetUserNameW","ReleaseMutex","","","","CLSIDFromString","SetupDiGetDeviceRegistryPropertyW","shutdown","","PostQuitMessage",""
"","","","","","GetDeviceCaps","RegQueryValueExA","FileTimeToSystemTime","","","","CoTaskMemFree","SetupDiGetClassImageList","htons","","GetForegroundWindow",""
"","","","","","OffsetViewportOrgEx","RegEnumKeyW","GetFileAttributesA","","","","","SetupDiDestroyDeviceInfoList","WSAGetLastError","","SetWindowPos",""
"","","","","","DeleteDC","CreateProcessAsUserW","SetEvent","","","","","SetupDiDestroyClassImageList","gethostname","","IsWindow",""
"","","","","","RestoreDC","AdjustTokenPrivileges","CreateIoCompletionPort","","","","","","WSAAccept","","GrayStringW",""
"","","","","","DeleteObject","RegSetValueExA","GetDriveTypeA","","","","","","closesocket","","GetMessageTime",""
"","","","","","BitBlt","LookupPrivilegeValueW","HeapDestroy","","","","","","WSACloseEvent","","GetMenuItemID",""
"","","","","","CreateDIBSection","RegOpenKeyExW","GetFileAttributesW","","","","","","send","","GetCursorPos",""
"","","","","","SetTextColor","RegCreateKeyExA","lstrcmpW","","","","","","inet_addr","","ReleaseDC",""
"","","","","","ExtTextOutW","RegOpenKeyExA","GetLocalTime","","","","","","WSASend","","GetDlgCtrlID",""
"","","","","","CreateBitmap","RegEnumValueA","FreeEnvironmentStringsA","","","","","","ntohs","","SendMessageW",""
"","","","","","RectVisible","RegCloseKey","CreatePipe","","","","","","select","","UnregisterClassA",""
"","","","","","GetStockObject","SetTokenInformation","GetCurrentProcess","","","","","","listen","","UnregisterClassW",""
"","","","","","SetViewportOrgEx","RegQueryValueExW","CompareFileTime","","","","","","WSASocketW","","GetClassInfoW",""
"","","","","","ScaleWindowExtEx","","GetCurrentDirectoryA","","","","","","WSACleanup","","DrawTextW",""
"","","","","","PtVisible","","GetConsoleMode","","","","","","gethostbyname","","CallNextHookEx",""
"","","","","","GetDIBits","","GetLocaleInfoA","","","","","","WSAEventSelect","","GetClientRect",""
"","","","","","CreateCompatibleDC","","LocalAlloc","","","","","","recv","","GetActiveWindow",""
"","","","","","StretchBlt","","GetVolumeInformationW","","","","","","setsockopt","","GetWindowTextW",""
"","","","","","ScaleViewportExtEx","","SetErrorMode","","","","","","socket","","GetTopWindow",""
"","","","","","SelectObject","","FreeEnvironmentStringsW","","","","","","bind","","PtInRect",""
"","","","","","SetWindowExtEx","","SetStdHandle","","","","","","recvfrom","","GetClassInfoExW",""
"","","","","","Escape","","GetFileTime","","","","","","WSAEnumNetworkEvents","","UpdateWindow",""
"","","","","","SetBkColor","","GetTempPathA","","","","","","sendto","","GetPropW",""
"","","","","","SetViewportExtEx","","GetCPInfo","","","","","","connect","","GetMessageW",""
"","","","","","CreateCompatibleBitmap","","GetStringTypeA","","","","","","","","ShowWindow",""
"","","","","","","","GetDiskFreeSpaceW","","","","","","","","SetPropW",""
"","","","","","","","InterlockedExchange","","","","","","","","ValidateRect",""
"","","","","","","","WriteFile","","","","","","","","CharToOemBuffA",""
"","","","","","","","WaitForSingleObject","","","","","","","","PeekMessageW",""
"","","","","","","","GetSystemTimeAsFileTime","","","","","","","","EnableWindow",""
"","","","","","","","HeapReAlloc","","","","","","","","CharUpperW",""
"","","","","","","","GetStringTypeW","","","","","","","","TranslateMessage",""
"","","","","","","","GetFullPathNameA","","","","","","","","IsWindowEnabled",""
"","","","","","","","FreeLibrary","","","","","","","","GetWindow",""
"","","","","","","","LocalFree","","","","","","","","RegisterClassW",""
"","","","","","","","FormatMessageW","","","","","","","","GetWindowPlacement",""
"","","","","","","","ResumeThread","","","","","","","","RegisterRawInputDevices",""
"","","","","","","","CreateEventW","","","","","","","","OemToCharBuffA",""
"","","","","","","","LoadResource","","","","","","","","IsIconic",""
"","","","","","","","GlobalHandle","","","","","","","","GetSubMenu",""
"","","","","","","","GetLogicalDriveStringsW","","","","","","","","CopyRect",""
"","","","","","","","FindClose","","","","","","","","GetSysColorBrush",""
"","","","","","","","TlsGetValue","","","","","","","","CreateWindowExW",""
"","","","","","","","MoveFileW","","","","","","","","TabbedTextOutW",""
"","","","","","","","GetFullPathNameW","","","","","","","","GetWindowLongW",""
"","","","","","","","OutputDebugStringA","","","","","","","","DestroyWindow",""
"","","","","","","","GetEnvironmentVariableW","","","","","","","","MapWindowPoints",""
"","","","","","","","SetLastError","","","","","","","","RegisterWindowMessageW",""
"","","","","","","","PeekNamedPipe","","","","","","","","DefWindowProcW",""
"","","","","","","","InitializeCriticalSection","","","","","","","","MapVirtualKeyW",""
"","","","","","","","GlobalFindAtomW","","","","","","","","GetParent",""
"","","","","","","","OutputDebugStringW","","","","","","","","GetSystemMetrics",""
"","","","","","","","GetModuleFileNameW","","","","","","","","SetWindowLongW",""
"","","","","","","","IsDebuggerPresent","","","","","","","","GetWindowRect",""
"","","","","","","","HeapAlloc","","","","","","","","PostMessageW",""
"","","","","","","","GetVersionExA","","","","","","","","CheckMenuItem",""
"","","","","","","","GetModuleFileNameA","","","","","","","","GetClassLongW",""
"","","","","","","","InterlockedExchangeAdd","","","","","","","","GetLastActivePopup",""
"","","","","","","","SetThreadPriority","","","","","","","","GetRawInputData",""
"","","","","","","","UnhandledExceptionFilter","","","","","","","","SetWindowTextW",""
"","","","","","","","InterlockedDecrement","","","","","","","","GetDlgItem",""
"","","","","","","","MultiByteToWideChar","","","","","","","","GetMenuCheckMarkDimensions",""
"","","","","","","","FormatMessageA","","","","","","","","ClientToScreen",""
"","","","","","","","SetFilePointer","","","","","","","","PostThreadMessageW",""
"","","","","","","","SetFileAttributesW","","","","","","","","GetMenuItemCount",""
"","","","","","","","GlobalAddAtomW","","","","","","","","GetMenuState",""
"","","","","","","","CreateThread","","","","","","","","SetWindowsHookExW",""
"","","","","","","","SetEnvironmentVariableW","","","","","","","","LoadCursorW",""
"","","","","","","","GetSystemDirectoryW","","","","","","","","LoadIconW",""
"","","","","","","","DeleteCriticalSection","","","","","","","","GetDC",""
"","","","","","","","SetUnhandledExceptionFilter","","","","","","","","SetForegroundWindow",""
"","","","","","","","CreateMutexW","","","","","","","","DrawTextExW",""
"","","","","","","","ExitThread","","","","","","","","GetCapture",""
"","","","","","","","SetEnvironmentVariableA","","","","","","","","GetWindowThreadProcessId",""
"","","","","","","","TerminateProcess","","","","","","","","MessageBoxW",""
"","","","","","","","WriteConsoleA","","","","","","","","GetMenu",""
"","","","","","","","SetCurrentDirectoryW","","","","","","","","RegisterClassExW",""
"","","","","","","","GlobalAlloc","","","","","","","","UnhookWindowsHookEx",""
"","","","","","","","LocalFileTimeToFileTime","","","","","","","","AdjustWindowRectEx",""
"","","","","","","","SetEndOfFile","","","","","","","","GetSysColor",""
"","","","","","","","GetCurrentThreadId","","","","","","","","GetKeyState",""
"","","","","","","","LeaveCriticalSection","","","","","","","","SystemParametersInfoA",""
"","","","","","","","WriteConsoleW","","","","","","","","EnableMenuItem",""
"","","","","","","","AreFileApisANSI","","","","","","","","IsWindowVisible",""
"","","","","","","","HeapFree","","","","","","","","WinHelpW",""
"","","","","","","","EnterCriticalSection","","","","","","","","GetDesktopWindow",""
"","","","","","","","GetSystemTime","","","","","","","","DispatchMessageW",""
"","","","","","","","SetHandleCount","","","","","","","","GetKeyNameTextW",""
"","","","","","","","LoadLibraryW","","","","","","","","CallWindowProcW",""
"","","","","","","","GetVersionExW","","","","","","","","GetClassNameW",""
"","","","","","","","GetOEMCP","","","","","","","","ModifyMenuW",""
"","","","","","","","QueryPerformanceCounter","","","","","","","","GetFocus",""
"","","","","","","","GetTickCount","","","","","","","","RemovePropW",""
"","","","","","","","TlsAlloc","","","","","","","","",""
"","","","","","","","FlushFileBuffers","","","","","","","","",""
"","","","","","","","LoadLibraryA","","","","","","","","",""
"","","","","","","","DeleteFileA","","","","","","","","",""
"","","","","","","","RtlUnwind","","","","","","","","",""
"","","","","","","","GetStartupInfoA","","","","","","","","",""
"","","","","","","","UnlockFile","","","","","","","","",""
"","","","","","","","GetFileSize","","","","","","","","",""
"","","","","","","","LCMapStringW","","","","","","","","",""
"","","","","","","","OpenProcess","","","","","","","","",""
"","","","","","","","GetModuleHandleW","","","","","","","","",""
"","","","","","","","GetStartupInfoW","","","","","","","","",""
"","","","","","","","CreateDirectoryW","","","","","","","","",""
"","","","","","","","DeleteFileW","","","","","","","","",""
"","","","","","","","GlobalLock","","","","","","","","",""
"","","","","","","","GetProcessHeap","","","","","","","","",""
"","","","","","","","GetTempFileNameW","","","","","","","","",""
"","","","","","","","GetComputerNameW","","","","","","","","",""
"","","","","","","","CompareStringW","","","","","","","","",""
"","","","","","","","GlobalReAlloc","","","","","","","","",""
"","","","","","","","FindNextFileW","","","","","","","","",""
"","","","","","","","WTSGetActiveConsoleSessionId","","","","","","","","",""
"","","","","","","","GetDiskFreeSpaceA","","","","","","","","",""
"","","","","","","","HeapValidate","","","","","","","","",""
"","","","","","","","CompareStringA","","","","","","","","",""
"","","","","","","","CreateFileMappingA","","","","","","","","",""
"","","","","","","","FindFirstFileW","","","","","","","","",""
"","","","","","","","DuplicateHandle","","","","","","","","",""
"","","","","","","","WaitForMultipleObjects","","","","","","","","",""
"","","","","","","","GetProcAddress","","","","","","","","",""
"","","","","","","","CreateFileMappingW","","","","","","","","",""
"","","","","","","","SetVolumeLabelW","","","","","","","","",""
"","","","","","","","GetTempPathW","","","","","","","","",""
"","","","","","","","GetTimeZoneInformation","","","","","","","","",""
"","","","","","","","CreateFileW","","","","","","","","",""
"","","","","","","","GetFileType","","","","","","","","",""
"","","","","","","","TlsSetValue","","","","","","","","",""
"","","","","","","","CreateFileA","","","","","","","","",""
"","","","","","","","ExitProcess","","","","","","","","",""
"","","","","","","","InterlockedIncrement","","","","","","","","",""
"","","","","","","","GetLastError","","","","","","","","",""
"","","","","","","","LocalReAlloc","","","","","","","","",""
"","","","","","","","SystemTimeToFileTime","","","","","","","","",""
"","","","","","","","GlobalDeleteAtom","","","","","","","","",""
"","","","","","","","GetShortPathNameW","","","","","","","","",""
"","","","","","","","UnmapViewOfFile","","","","","","","","",""
"","","","","","","","GetSystemInfo","","","","","","","","",""
"","","","","","","","GlobalFree","","","","","","","","",""
"","","","","","","","GetConsoleCP","","","","","","","","",""
"","","","","","","","LCMapStringA","","","","","","","","",""
"","","","","","","","GetThreadLocale","","","","","","","","",""
"","","","","","","","GetEnvironmentStringsW","","","","","","","","",""
"","","","","","","","GlobalUnlock","","","","","","","","",""
"","","","","","","","LockFile","","","","","","","","",""
"","","","","","","","lstrlenW","","","","","","","","",""
"","","","","","","","CreateProcessW","","","","","","","","",""
"","","","","","","","GetQueuedCompletionStatus","","","","","","","","",""
"","","","","","","","WaitForSingleObjectEx","","","","","","","","",""
"","","","","","","","FileTimeToLocalFileTime","","","","","","","","",""
"","","","","","","","GetEnvironmentStrings","","","","","","","","",""
"","","","","","","","GetCurrentDirectoryW","","","","","","","","",""
"","","","","","","","WritePrivateProfileStringA","","","","","","","","",""
"","","","","","","","GetCurrentProcessId","","","","","","","","",""
"","","","","","","","LockResource","","","","","","","","",""
"","","","","","","","SetFileTime","","","","","","","","",""
"","","","","","","","WideCharToMultiByte","","","","","","","","",""
"","","","","","","","HeapSize","","","","","","","","",""
"","","","","","","","GetCommandLineA","","","","","","","","",""
"","","","","","","","InterlockedCompareExchange","","","","","","","","",""
"","","","","","","","CancelIo","","","","","","","","",""
"","","","","","","","SuspendThread","","","","","","","","",""
"","","","","","","","RaiseException","","","","","","","","",""
"","","","","","","","MapViewOfFile","","","","","","","","",""
"","","","","","","","TlsFree","","","","","","","","",""
"","","","","","","","GetModuleHandleA","","","","","","","","",""
"","","","","","","","HeapCompact","","","","","","","","",""
"","","","","","","","ReadFile","","","","","","","","",""
"","","","","","","","GlobalFlags","","","","","","","","",""
"","","","","","","","CloseHandle","","","","","","","","",""
"","","","","","","","UnlockFileEx","","","","","","","","",""
"","","","","","","","GetACP","","","","","","","","",""
"","","","","","","","GetVersion","","","","","","","","",""
"","","","","","","","GetFileAttributesExW","","","","","","","","",""
"","","","","","","","SizeofResource","","","","","","","","",""
"","","","","","","","IsValidCodePage","","","","","","","","",""
"","","","","","","","HeapCreate","","","","","","","","",""
"","","","","","","","FindResourceW","","","","","","","","",""
"","","","","","","","PostQueuedCompletionStatus","","","","","","","","",""
"","","","","","","","VirtualFree","","","","","","","","",""
"","","","","","","","Sleep","","","","","","","","",""
"","","","","","","","VirtualAlloc","","","","","","","","",""
