"SHLWAPI.dll","MPR.dll","comdlg32.dll","OLEAUT32.dll","WINMM.dll","GDI32.dll","ADVAPI32.dll","KERNEL32.dll","WINSPOOL.DRV","CRYPT32.dll","SHELL32.dll","ole32.dll","SETUPAPI.dll","WS2_32.dll","PSAPI.DLL","USER32.dll","USERENV.dll"
"PathIsUNCW","WNetOpenEnumW","GetFileTitleW","VariantChangeType","timeEndPeriod","SetMapMode","DuplicateTokenEx","GetStdHandle","ClosePrinter","CryptUnprotectData","ShellExecuteExW","CoUninitialize","SetupDiGetClassImageIndex","WSARecv","GetProcessMemoryInfo","GetMessagePos","CreateEnvironmentBlock"
"PathStripToRootW","WNetEnumResourceW","","VariantClear","timeGetTime","TextOutW","RegisterServiceCtrlHandlerW","GetDriveTypeW","DocumentPropertiesW","","SHGetSpecialFolderPathW","CoInitialize","SetupDiGetClassDevsW","WSACreateEvent","GetModuleFileNameExW","SetMenuItemBitmaps","DestroyEnvironmentBlock"
"PathFindExtensionW","WNetCloseEnum","","VariantInit","timeBeginPeriod","GetClipBox","SetServiceStatus","GetConsoleOutputCP","OpenPrinterW","","SHCreateDirectoryExW","CoCreateGuid","SetupDiGetClassDescriptionW","WSAStartup","","LoadBitmapW",""
"PathFileExistsW","WNetAddConnection2W","","","","SaveDC","OpenProcessToken","ReleaseMutex","","","SHFileOperationW","CoCreateInstance","SetupDiEnumDeviceInfo","WSASend","","DestroyMenu",""
"PathFindFileNameW","","","","","SetStretchBltMode","GetUserNameW","FileTimeToSystemTime","","","","CoTaskMemFree","SetupDiGetDeviceRegistryPropertyW","shutdown","","PostQuitMessage",""
"","","","","","GetDeviceCaps","RegQueryValueExA","GetFileAttributesA","","","","CLSIDFromString","SetupDiGetClassImageList","htons","","GetForegroundWindow",""
"","","","","","OffsetViewportOrgEx","RegOpenKeyExW","WaitForSingleObject","","","","","SetupDiDestroyDeviceInfoList","WSAGetLastError","","SetWindowPos",""
"","","","","","DeleteDC","CreateProcessAsUserW","CreateIoCompletionPort","","","","","SetupDiDestroyClassImageList","gethostname","","OemToCharBuffA",""
"","","","","","RestoreDC","AdjustTokenPrivileges","GetDriveTypeA","","","","","","WSAAccept","","GrayStringW",""
"","","","","","SelectObject","RegSetValueExA","HeapDestroy","","","","","","closesocket","","GetMessageTime",""
"","","","","","BitBlt","LookupPrivilegeValueW","GetFileAttributesW","","","","","","WSACloseEvent","","GetMenuItemID",""
"","","","","","CreateDIBSection","RegEnumKeyW","lstrcmpW","","","","","","send","","GetCursorPos",""
"","","","","","SetTextColor","RegCreateKeyExA","GetLocalTime","","","","","","inet_addr","","ReleaseDC",""
"","","","","","ExtTextOutW","RegOpenKeyExA","FreeEnvironmentStringsA","","","","","","WSAWaitForMultipleEvents","","GetDlgCtrlID",""
"","","","","","CreateBitmap","RegEnumValueA","CreatePipe","","","","","","ntohs","","SendMessageW",""
"","","","","","RectVisible","RegCloseKey","GetDiskFreeSpaceA","","","","","","select","","UnregisterClassA",""
"","","","","","GetStockObject","SetTokenInformation","CompareFileTime","","","","","","listen","","UnregisterClassW",""
"","","","","","SetViewportOrgEx","RegQueryValueExW","GetConsoleMode","","","","","","connect","","GetClassInfoW",""
"","","","","","ScaleWindowExtEx","","GetLocaleInfoA","","","","","","WSACleanup","","DrawTextW",""
"","","","","","PtVisible","","LocalAlloc","","","","","","gethostbyname","","CallNextHookEx",""
"","","","","","GetDIBits","","UnhandledExceptionFilter","","","","","","WSAEventSelect","","GetClientRect",""
"","","","","","CreateCompatibleDC","","SetErrorMode","","","","","","recv","","GetTopWindow",""
"","","","","","StretchBlt","","FreeEnvironmentStringsW","","","","","","setsockopt","","GetWindowTextW",""
"","","","","","ScaleViewportExtEx","","SetStdHandle","","","","","","socket","","GetActiveWindow",""
"","","","","","DeleteObject","","GetFileTime","","","","","","bind","","DestroyWindow",""
"","","","","","SetWindowExtEx","","GetTempPathA","","","","","","recvfrom","","GetClassInfoExW",""
"","","","","","Escape","","GetCPInfo","","","","","","WSAEnumNetworkEvents","","UpdateWindow",""
"","","","","","SetBkColor","","GetStringTypeA","","","","","","sendto","","GetPropW",""
"","","","","","SetViewportExtEx","","GetDiskFreeSpaceW","","","","","","WSASocketW","","GetMessageW",""
"","","","","","CreateCompatibleBitmap","","InterlockedExchange","","","","","","","","ShowWindow",""
"","","","","","","","GetTempPathW","","","","","","","","SetPropW",""
"","","","","","","","GetSystemTimeAsFileTime","","","","","","","","ValidateRect",""
"","","","","","","","HeapReAlloc","","","","","","","","CharToOemBuffA",""
"","","","","","","","GetStringTypeW","","","","","","","","PeekMessageW",""
"","","","","","","","GetFullPathNameA","","","","","","","","EnableWindow",""
"","","","","","","","FreeLibrary","","","","","","","","CharUpperW",""
"","","","","","","","LocalFree","","","","","","","","TranslateMessage",""
"","","","","","","","FormatMessageW","","","","","","","","IsWindowEnabled",""
"","","","","","","","ResumeThread","","","","","","","","GetWindow",""
"","","","","","","","CreateEventW","","","","","","","","RegisterClassW",""
"","","","","","","","OutputDebugStringW","","","","","","","","GetWindowPlacement",""
"","","","","","","","GlobalHandle","","","","","","","","RegisterRawInputDevices",""
"","","","","","","","GetLogicalDriveStringsW","","","","","","","","IsWindow",""
"","","","","","","","FindClose","","","","","","","","IsIconic",""
"","","","","","","","TlsGetValue","","","","","","","","GetSubMenu",""
"","","","","","","","FormatMessageA","","","","","","","","CopyRect",""
"","","","","","","","SetFileAttributesW","","","","","","","","GetSysColorBrush",""
"","","","","","","","OutputDebugStringA","","","","","","","","CreateWindowExW",""
"","","","","","","","GetEnvironmentVariableW","","","","","","","","TabbedTextOutW",""
"","","","","","","","SetLastError","","","","","","","","GetWindowLongW",""
"","","","","","","","PeekNamedPipe","","","","","","","","PtInRect",""
"","","","","","","","InitializeCriticalSection","","","","","","","","MapWindowPoints",""
"","","","","","","","GlobalFindAtomW","","","","","","","","RegisterWindowMessageW",""
"","","","","","","","LoadResource","","","","","","","","DefWindowProcW",""
"","","","","","","","GetModuleFileNameW","","","","","","","","MapVirtualKeyW",""
"","","","","","","","IsDebuggerPresent","","","","","","","","GetParent",""
"","","","","","","","HeapAlloc","","","","","","","","GetSystemMetrics",""
"","","","","","","","FlushFileBuffers","","","","","","","","SetWindowLongW",""
"","","","","","","","GetModuleFileNameA","","","","","","","","GetWindowRect",""
"","","","","","","","GlobalAddAtomW","","","","","","","","PostMessageW",""
"","","","","","","","GetPrivateProfileStringA","","","","","","","","CheckMenuItem",""
"","","","","","","","SetThreadPriority","","","","","","","","GetClassLongW",""
"","","","","","","","GetVolumeInformationW","","","","","","","","GetLastActivePopup",""
"","","","","","","","InterlockedDecrement","","","","","","","","GetRawInputData",""
"","","","","","","","MultiByteToWideChar","","","","","","","","SetWindowTextW",""
"","","","","","","","GetPrivateProfileStringW","","","","","","","","GetDlgItem",""
"","","","","","","","MoveFileW","","","","","","","","GetMenuCheckMarkDimensions",""
"","","","","","","","SetFilePointer","","","","","","","","ClientToScreen",""
"","","","","","","","GetFullPathNameW","","","","","","","","PostThreadMessageW",""
"","","","","","","","LockFileEx","","","","","","","","GetMenuItemCount",""
"","","","","","","","CreateThread","","","","","","","","GetMenuState",""
"","","","","","","","SetEnvironmentVariableW","","","","","","","","SetWindowsHookExW",""
"","","","","","","","GetSystemDirectoryW","","","","","","","","LoadCursorW",""
"","","","","","","","DeleteCriticalSection","","","","","","","","LoadIconW",""
"","","","","","","","SetUnhandledExceptionFilter","","","","","","","","GetDC",""
"","","","","","","","GetCurrentProcess","","","","","","","","SetForegroundWindow",""
"","","","","","","","CreateMutexW","","","","","","","","DrawTextExW",""
"","","","","","","","ExitThread","","","","","","","","GetCapture",""
"","","","","","","","SetEnvironmentVariableA","","","","","","","","GetWindowThreadProcessId",""
"","","","","","","","TerminateProcess","","","","","","","","MessageBoxW",""
"","","","","","","","WriteConsoleA","","","","","","","","GetMenu",""
"","","","","","","","SetCurrentDirectoryW","","","","","","","","RegisterClassExW",""
"","","","","","","","GlobalAlloc","","","","","","","","UnhookWindowsHookEx",""
"","","","","","","","LocalFileTimeToFileTime","","","","","","","","AdjustWindowRectEx",""
"","","","","","","","SetEndOfFile","","","","","","","","GetSysColor",""
"","","","","","","","GetVersion","","","","","","","","GetKeyState",""
"","","","","","","","LeaveCriticalSection","","","","","","","","SystemParametersInfoA",""
"","","","","","","","WriteConsoleW","","","","","","","","EnableMenuItem",""
"","","","","","","","AreFileApisANSI","","","","","","","","IsWindowVisible",""
"","","","","","","","HeapFree","","","","","","","","WinHelpW",""
"","","","","","","","EnterCriticalSection","","","","","","","","GetDesktopWindow",""
"","","","","","","","GetSystemTime","","","","","","","","DispatchMessageW",""
"","","","","","","","SetHandleCount","","","","","","","","GetKeyNameTextW",""
"","","","","","","","SetEvent","","","","","","","","CallWindowProcW",""
"","","","","","","","LoadLibraryW","","","","","","","","GetClassNameW",""
"","","","","","","","GetComputerNameW","","","","","","","","ModifyMenuW",""
"","","","","","","","GetVersionExW","","","","","","","","GetFocus",""
"","","","","","","","GetOEMCP","","","","","","","","RemovePropW",""
"","","","","","","","QueryPerformanceCounter","","","","","","","","",""
"","","","","","","","GetTickCount","","","","","","","","",""
"","","","","","","","TlsAlloc","","","","","","","","",""
"","","","","","","","GetVersionExA","","","","","","","","",""
"","","","","","","","LoadLibraryA","","","","","","","","",""
"","","","","","","","RtlUnwind","","","","","","","","",""
"","","","","","","","CopyFileW","","","","","","","","",""
"","","","","","","","GetStartupInfoA","","","","","","","","",""
"","","","","","","","UnlockFile","","","","","","","","",""
"","","","","","","","GetFileSize","","","","","","","","",""
"","","","","","","","LCMapStringW","","","","","","","","",""
"","","","","","","","OpenProcess","","","","","","","","",""
"","","","","","","","GetPrivateProfileIntA","","","","","","","","",""
"","","","","","","","DeleteFileA","","","","","","","","",""
"","","","","","","","GetStartupInfoW","","","","","","","","",""
"","","","","","","","CreateDirectoryW","","","","","","","","",""
"","","","","","","","DeleteFileW","","","","","","","","",""
"","","","","","","","GlobalLock","","","","","","","","",""
"","","","","","","","GetProcessHeap","","","","","","","","",""
"","","","","","","","GetTempFileNameW","","","","","","","","",""
"","","","","","","","CreateFileMappingW","","","","","","","","",""
"","","","","","","","CompareStringW","","","","","","","","",""
"","","","","","","","WriteFile","","","","","","","","",""
"","","","","","","","GlobalReAlloc","","","","","","","","",""
"","","","","","","","GetFileInformationByHandle","","","","","","","","",""
"","","","","","","","FindNextFileW","","","","","","","","",""
"","","","","","","","WTSGetActiveConsoleSessionId","","","","","","","","",""
"","","","","","","","HeapValidate","","","","","","","","",""
"","","","","","","","CompareStringA","","","","","","","","",""
"","","","","","","","CreateFileMappingA","","","","","","","","",""
"","","","","","","","FindFirstFileW","","","","","","","","",""
"","","","","","","","DuplicateHandle","","","","","","","","",""
"","","","","","","","WaitForMultipleObjects","","","","","","","","",""
"","","","","","","","GetProcAddress","","","","","","","","",""
"","","","","","","","SetVolumeLabelW","","","","","","","","",""
"","","","","","","","GetTimeZoneInformation","","","","","","","","",""
"","","","","","","","CreateFileW","","","","","","","","",""
"","","","","","","","GetFileType","","","","","","","","",""
"","","","","","","","TlsSetValue","","","","","","","","",""
"","","","","","","","CreateFileA","","","","","","","","",""
"","","","","","","","ExitProcess","","","","","","","","",""
"","","","","","","","InterlockedIncrement","","","","","","","","",""
"","","","","","","","GetLastError","","","","","","","","",""
"","","","","","","","LocalReAlloc","","","","","","","","",""
"","","","","","","","SystemTimeToFileTime","","","","","","","","",""
"","","","","","","","GlobalDeleteAtom","","","","","","","","",""
"","","","","","","","GetShortPathNameW","","","","","","","","",""
"","","","","","","","UnmapViewOfFile","","","","","","","","",""
"","","","","","","","GetSystemInfo","","","","","","","","",""
"","","","","","","","GlobalFree","","","","","","","","",""
"","","","","","","","GetConsoleCP","","","","","","","","",""
"","","","","","","","LCMapStringA","","","","","","","","",""
"","","","","","","","GetThreadLocale","","","","","","","","",""
"","","","","","","","GetEnvironmentStringsW","","","","","","","","",""
"","","","","","","","GlobalUnlock","","","","","","","","",""
"","","","","","","","LockFile","","","","","","","","",""
"","","","","","","","lstrlenW","","","","","","","","",""
"","","","","","","","VirtualFree","","","","","","","","",""
"","","","","","","","HeapCompact","","","","","","","","",""
"","","","","","","","WaitForSingleObjectEx","","","","","","","","",""
"","","","","","","","FileTimeToLocalFileTime","","","","","","","","",""
"","","","","","","","GetEnvironmentStrings","","","","","","","","",""
"","","","","","","","GetCurrentDirectoryW","","","","","","","","",""
"","","","","","","","WritePrivateProfileStringA","","","","","","","","",""
"","","","","","","","GetCurrentProcessId","","","","","","","","",""
"","","","","","","","LockResource","","","","","","","","",""
"","","","","","","","SetFileTime","","","","","","","","",""
"","","","","","","","GetCurrentDirectoryA","","","","","","","","",""
"","","","","","","","HeapSize","","","","","","","","",""
"","","","","","","","GetCommandLineA","","","","","","","","",""
"","","","","","","","InterlockedCompareExchange","","","","","","","","",""
"","","","","","","","CancelIo","","","","","","","","",""
"","","","","","","","SuspendThread","","","","","","","","",""
"","","","","","","","RaiseException","","","","","","","","",""
"","","","","","","","MapViewOfFile","","","","","","","","",""
"","","","","","","","TlsFree","","","","","","","","",""
"","","","","","","","GetModuleHandleA","","","","","","","","",""
"","","","","","","","GetQueuedCompletionStatus","","","","","","","","",""
"","","","","","","","ReadFile","","","","","","","","",""
"","","","","","","","GlobalFlags","","","","","","","","",""
"","","","","","","","InterlockedExchangeAdd","","","","","","","","",""
"","","","","","","","CloseHandle","","","","","","","","",""
"","","","","","","","UnlockFileEx","","","","","","","","",""
"","","","","","","","GetACP","","","","","","","","",""
"","","","","","","","GetModuleHandleW","","","","","","","","",""
"","","","","","","","GetCurrentThreadId","","","","","","","","",""
"","","","","","","","GetFileAttributesExW","","","","","","","","",""
"","","","","","","","SizeofResource","","","","","","","","",""
"","","","","","","","WideCharToMultiByte","","","","","","","","",""
"","","","","","","","IsValidCodePage","","","","","","","","",""
"","","","","","","","HeapCreate","","","","","","","","",""
"","","","","","","","FindResourceW","","","","","","","","",""
"","","","","","","","PostQueuedCompletionStatus","","","","","","","","",""
"","","","","","","","CreateProcessW","","","","","","","","",""
"","","","","","","","Sleep","","","","","","","","",""
"","","","","","","","VirtualAlloc","","","","","","","","",""
