"mpr.dll","comdlg32.dll","URLMON.DLL","version.dll","winmm.dll","Magnification.dll","gdi32.dll","advapi32.dll","kernel32.dll","msvcrt.dll","oleaut32.dll","netapi32.dll","shell32.dll","ole32.dll","comctl32.dll","gdiplus.dll","user32.dll","wsock32.dll"
"WNetGetConnectionW","GetSaveFileNameW","URLDownloadToFileW","VerQueryValueW","timeGetTime","MagSetWindowSource","SetDIBits","RegCreateKeyExW","SetThreadLocale","memset","VariantChangeType","NetWkstaGetInfo","Shell_NotifyIconW","CreateStreamOnHGlobal","ImageList_BeginDrag","GdiplusShutdown","MapWindowPoints","ioctlsocket"
"","GetOpenFileNameW","","GetFileVersionInfoW","","MagSetWindowFilterList","PolyPolyline","RegFlushKey","GetStdHandle","memcpy","SafeArrayAccessData","","SHGetDesktopFolder","OleUninitialize","ImageList_GetImageCount","GdiplusStartup","GetMessagePos","WSAStartup"
"","","","GetFileVersionInfoSizeW","","MagSetWindowTransform","GetTextMetricsW","RegCloseKey","FileTimeToDosDateTime","","SafeArrayGetLBound","","ShellExecuteW","OleDraw","ImageList_SetBkColor","","SetWindowRgn","connect"
"","","","","","MagInitialize","SetMapMode","OpenProcessToken","WaitForSingleObject","","SafeArrayGetElement","","SHGetMalloc","CoInitialize","ImageList_Replace","","RedrawWindow","getsockname"
"","","","","","MagSetImageScalingCallback","GetWindowOrgEx","RegSetValueExW","HeapDestroy","","SafeArrayPtrOfIndex","","SHGetSpecialFolderLocation","OleInitialize","FlatSB_SetScrollInfo","","LoadBitmapW","htons"
"","","","","","","ResizePalette","RegDeleteValueW","GetFileAttributesW","","SysAllocStringLen","","","ProgIDFromCLSID","InitCommonControls","","EnableScrollBar","inet_ntoa"
"","","","","","","GetPaletteEntries","RegQueryInfoKeyW","VerifyVersionInfoW","","SafeArrayUnaccessData","","","IsAccelerator","ImageList_SetImageCount","","DestroyMenu","WSAGetLastError"
"","","","","","","CombineRgn","GetUserNameW","DeleteCriticalSection","","VariantClear","","","StringFromCLSID","FlatSB_GetScrollInfo","","SetSystemCursor","WSACancelAsyncRequest"
"","","","","","","GetViewportOrgEx","RegEnumKeyExW","GetCurrentProcess","","GetActiveObject","","","CoCreateInstance","ImageList_GetDragImage","","PostQuitMessage","gethostname"
"","","","","","","CopyEnhMetaFileW","RegOpenKeyExW","LocalAlloc","","SafeArrayCreate","","","CLSIDFromProgID","FlatSB_SetScrollProp","","GetForegroundWindow","WSAAsyncGetHostByName"
"","","","","","","SetPixel","AdjustTokenPrivileges","GetVolumeInformationW","","SysReAllocStringLen","","","CoUninitialize","ImageList_Create","","SetWindowPos","closesocket"
"","","","","","","IntersectClipRect","LookupPrivilegeValueW","SetErrorMode","","SafeArrayGetUBound","","","CreateBindCtx","ImageList_DragMove","","IsWindow","inet_addr"
"","","","","","","AngleArc","RegQueryValueExW","GetLocaleInfoW","","VariantCopy","","","CoGetClassObject","ImageList_DrawEx","","CountClipboardFormats","send"
"","","","","","","GetTextExtentPointW","","WideCharToMultiByte","","GetErrorInfo","","","OleSetMenuDescriptor","ImageList_SetIconSize","","DispatchMessageA","ntohs"
"","","","","","","CreatePalette","","FileTimeToLocalFileTime","","SysFreeString","","","IsEqualGUID","ImageList_Write","","EndPaint","gethostbyaddr"
"","","","","","","CreateDIBitmap","","GetDiskFreeSpaceW","","SafeArrayPutElement","","","MkParseDisplayName","ImageList_Read","","ScrollWindowEx","listen"
"","","","","","","GetDIBits","","InterlockedExchange","","VariantInit","","","CoTaskMemFree","ImageList_Destroy","","WindowFromPoint","WSAAsyncGetServByName"
"","","","","","","GetEnhMetaFileBits","","WriteFile","","","","","CoTaskMemAlloc","_TrackMouseEvent","","DrawIcon","WSACleanup"
"","","","","","","StretchBlt","","GetThreadPriority","","","","","","ImageList_Draw","","GetMenuItemRect","gethostbyname"
"","","","","","","StretchDIBits","","SetEvent","","","","","","ImageList_GetIconSize","","GetMessageTime","getpeername"
"","","","","","","ArcTo","","LocalFree","","","","","","ImageList_DragLeave","","VkKeyScanW","WSAAsyncSelect"
"","","","","","","Pie","","FormatMessageW","","","","","","ImageList_GetBkColor","","SetMenuItemInfoW","recv"
"","","","","","","SetWindowExtEx","","ResumeThread","","","","","","ImageList_GetIcon","","SetActiveWindow","socket"
"","","","","","","Arc","","InitializeCriticalSection","","","","","","FlatSB_SetScrollPos","","GetMenuItemID","bind"
"","","","","","","SetViewportExtEx","","LoadResource","","","","","","ImageList_ReplaceIcon","","GetCursorPos","getservbyname"
"","","","","","","ExtCreatePen","","GlobalHandle","","","","","","ImageList_DragEnter","","ReleaseDC",""
"","","","","","","SetBkColor","","EnumCalendarInfoW","","","","","","ImageList_Add","","GetMenuStringW",""
"","","","","","","SetWinMetaFileBits","","FindClose","","","","","","InitializeFlatSB","","SendMessageW",""
"","","","","","","SetRectRgn","","TlsGetValue","","","","","","FlatSB_GetScrollPos","","IsDialogMessageW",""
"","","","","","","GetDIBColorTable","","GetFullPathNameW","","","","","","ImageList_DragShowNolock","","EndMenu",""
"","","","","","","DeleteEnhMetaFile","","GetEnvironmentVariableW","","","","","","ImageList_Remove","","SendMessageA",""
"","","","","","","GetSystemPaletteEntries","","SetLastError","","","","","","ImageList_EndDrag","","UnregisterClassW",""
"","","","","","","GetClipBox","","GetUserDefaultUILanguage","","","","","","","","GetClientRect",""
"","","","","","","GetCurrentPositionEx","","InterlockedDecrement","","","","","","","","GetMenuItemInfoW",""
"","","","","","","LPtoDP","","GlobalFindAtomW","","","","","","","","DefWindowProcW",""
"","","","","","","GetPixel","","WriteProcessMemory","","","","","","","","DrawTextW",""
"","","","","","","GetBrushOrgEx","","GetModuleFileNameW","","","","","","","","SetScrollPos",""
"","","","","","","ExcludeClipRect","","IsDebuggerPresent","","","","","","","","CallNextHookEx",""
"","","","","","","SetBkMode","","HeapAlloc","","","","","","","","IsClipboardFormatAvailable",""
"","","","","","","BitBlt","","VerSetConditionMask","","","","","","","","GetSysColor",""
"","","","","","","CreateEnhMetaFileW","","SetThreadPriority","","","","","","","","GetKeyboardState",""
"","","","","","","FrameRgn","","GetUserDefaultLCID","","","","","","","","GetKeyboardLayoutNameW",""
"","","","","","","CreateBrushIndirect","","UnhandledExceptionFilter","","","","","","","","ClientToScreen",""
"","","","","","","SelectPalette","","LoadLibraryExW","","","","","","","","GetTopWindow",""
"","","","","","","CloseEnhMetaFile","","MultiByteToWideChar","","","","","","","","FindWindowW",""
"","","","","","","SetROP2","","GetLocalTime","","","","","","","","GetWindowTextW",""
"","","","","","","GetNearestPaletteIndex","","CreateEventW","","","","","","","","EnumClipboardFormats",""
"","","","","","","SetDIBColorTable","","GlobalAddAtomW","","","","","","","","GetWindowTextLengthW",""
"","","","","","","SetPixelV","","CreateThread","","","","","","","","MsgWaitForMultipleObjects",""
"","","","","","","DeleteObject","","GetSystemDirectoryW","","","","","","","","ScrollWindow",""
"","","","","","","CreatePenIndirect","","GetSystemDefaultUILanguage","","","","","","","","GetWindowTextA",""
"","","","","","","PatBlt","","GetExitCodeThread","","","","","","","","CopyImage",""
"","","","","","","CreatePen","","CreateMutexW","","","","","","","","PtInRect",""
"","","","","","","SetStretchBltMode","","MulDiv","","","","","","","","DrawEdge",""
"","","","","","","Rectangle","","ExitThread","","","","","","","","GetParent",""
"","","","","","","GetDeviceCaps","","SetPriorityClass","","","","","","","","UpdateWindow",""
"","","","","","","LineTo","","WaitForMultipleObjectsEx","","","","","","","","GetPropW",""
"","","","","","","DeleteDC","","TerminateProcess","","","","","","","","SetClassLongW",""
"","","","","","","CreateFontIndirectW","","GetVersion","","","","","","","","EnumWindows",""
"","","","","","","GetObjectW","","VirtualQuery","","","","","","","","CreateCaret",""
"","","","","","","RealizePalette","","VirtualQueryEx","","","","","","","","ShowWindow",""
"","","","","","","SetEnhMetaFileBits","","SetEndOfFile","","","","","","","","GetCaretPos",""
"","","","","","","CreateBitmap","","GetCurrentThreadId","","","","","","","","DrawFrameControl",""
"","","","","","","RectVisible","","InterlockedIncrement","","","","","","","","SetPropW",""
"","","","","","","GetStockObject","","HeapFree","","","","","","","","GetMenuState",""
"","","","","","","PlayEnhMetaFile","","EnterCriticalSection","","","","","","","","DefMDIChildProcW",""
"","","","","","","UnrealizeObject","","LoadLibraryW","","","","","","","","IsCharAlphaW",""
"","","","","","","GdiFlush","","GetVersionExW","","","","","","","","PeekMessageW",""
"","","","","","","RoundRect","","FreeLibrary","","","","","","","","TranslateMDISysAccel",""
"","","","","","","GetWinMetaFileBits","","QueryPerformanceCounter","","","","","","","","InsertMenuItemW",""
"","","","","","","GetEnhMetaFileDescriptionW","","GetTickCount","","","","","","","","SetWindowPlacement",""
"","","","","","","GetEnhMetaFileHeader","","DisableThreadLibraryCalls","","","","","","","","CharUpperW",""
"","","","","","","SetWindowOrgEx","","TlsAlloc","","","","","","","","PeekMessageA",""
"","","","","","","GetTextExtentPoint32W","","VirtualProtect","","","","","","","","TranslateMessage",""
"","","","","","","Polygon","","LoadLibraryA","","","","","","","","IsWindowEnabled",""
"","","","","","","CreateHalftonePalette","","RtlUnwind","","","","","","","","GetWindow",""
"","","","","","","GetGlyphOutlineW","","GlobalSize","","","","","","","","DestroyCaret",""
"","","","","","","GetRgnBox","","GetFileSize","","","","","","","","ActivateKeyboardLayout",""
"","","","","","","SaveDC","","OpenProcess","","","","","","","","RegisterClassW",""
"","","","","","","MaskBlt","","GetDateFormatW","","","","","","","","GetIconInfo",""
"","","","","","","GetEnhMetaFilePaletteEntries","","GetStartupInfoW","","","","","","","","SetParent",""
"","","","","","","RestoreDC","","ReadProcessMemory","","","","","","","","SetClipboardData",""
"","","","","","","GetBitmapBits","","GetProcAddress","","","","","","","","IsZoomed",""
"","","","","","","GetBitmapDimensionEx","","GetComputerNameW","","","","","","","","GetWindowPlacement",""
"","","","","","","CreateSolidBrush","","CompareStringW","","","","","","","","LoadStringW",""
"","","","","","","CreateDIBSection","","ExpandEnvironmentStringsW","","","","","","","","WindowFromDC",""
"","","","","","","SetTextColor","","FindNextFileW","","","","","","","","GetKeyboardLayoutList",""
"","","","","","","ExtFloodFill","","ResetEvent","","","","","","","","DrawMenuBar",""
"","","","","","","MoveToEx","","FindFirstFileW","","","","","","","","IsIconic",""
"","","","","","","EnumFontFamiliesExW","","IsValidLocale","","","","","","","","GetSubMenu",""
"","","","","","","SetViewportOrgEx","","lstrcmpW","","","","","","","","SetTimer",""
"","","","","","","ExtTextOutW","","GlobalLock","","","","","","","","GetActiveWindow",""
"","","","","","","CreateCompatibleDC","","GetTimeZoneInformation","","","","","","","","ShowOwnedPopups",""
"","","","","","","PolyBezierTo","","CreateFileW","","","","","","","","FillRect",""
"","","","","","","PolyBezier","","TlsSetValue","","","","","","","","EnumThreadWindows",""
"","","","","","","Chord","","ExitProcess","","","","","","","","MonitorFromPoint",""
"","","","","","","SetBrushOrgEx","","LeaveCriticalSection","","","","","","","","CopyRect",""
"","","","","","","CreateRectRgn","","GetLastError","","","","","","","","GetSysColorBrush",""
"","","","","","","SelectObject","","GlobalDeleteAtom","","","","","","","","IsWindowUnicode",""
"","","","","","","CreateCompatibleBitmap","","VirtualAllocEx","","","","","","","","CreateWindowExW",""
"","","","","","","GetStretchBltMode","","GetSystemInfo","","","","","","","","GetWindowLongW",""
"","","","","","","Polyline","","GlobalFree","","","","","","","","CharNextW",""
"","","","","","","Ellipse","","FindResourceW","","","","","","","","IsChild",""
"","","","","","","","","GetThreadLocale","","","","","","","","IsDialogMessageA",""
"","","","","","","","","GlobalUnlock","","","","","","","","SetFocus",""
"","","","","","","","","QueryPerformanceFrequency","","","","","","","","RegisterWindowMessageW",""
"","","","","","","","","GlobalAlloc","","","","","","","","GetMonitorInfoW",""
"","","","","","","","","lstrlenW","","","","","","","","EmptyClipboard",""
"","","","","","","","","CreateProcessW","","","","","","","","SetCapture",""
"","","","","","","","","SwitchToThread","","","","","","","","IsCharAlphaNumericW",""
"","","","","","","","","SizeofResource","","","","","","","","OffsetRect",""
"","","","","","","","","GetCurrentDirectoryW","","","","","","","","SetCaretPos",""
"","","","","","","","","VirtualFreeEx","","","","","","","","GetScrollPos",""
"","","","","","","","","GetCurrentProcessId","","","","","","","","CopyIcon",""
"","","","","","","","","LockResource","","","","","","","","keybd_event",""
"","","","","","","","","GetCommandLineW","","","","","","","","KillTimer",""
"","","","","","","","","GetCPInfo","","","","","","","","MapVirtualKeyW",""
"","","","","","","","","InterlockedCompareExchange","","","","","","","","GetClipboardData",""
"","","","","","","","","GetCurrentThread","","","","","","","","GetClassInfoExW",""
"","","","","","","","","SuspendThread","","","","","","","","GetSystemMetrics",""
"","","","","","","","","RaiseException","","","","","","","","SetWindowLongW",""
"","","","","","","","","TlsFree","","","","","","","","SetScrollRange",""
"","","","","","","","","SetFilePointer","","","","","","","","GetWindowRect",""
"","","","","","","","","ReadFile","","","","","","","","InflateRect",""
"","","","","","","","","CloseHandle","","","","","","","","PostMessageA",""
"","","","","","","","","GetACP","","","","","","","","ReleaseCapture",""
"","","","","","","","","GetModuleHandleW","","","","","","","","EnumChildWindows",""
"","","","","","","","","FreeResource","","","","","","","","DrawTextExW",""
"","","","","","","","","GetCPInfoExW","","","","","","","","GetMessageExtraInfo",""
"","","","","","","","","HeapCreate","","","","","","","","CreateIconIndirect",""
"","","","","","","","","GetTempPathW","","","","","","","","CharLowerW",""
"","","","","","","","","VirtualFree","","","","","","","","SetKeyboardState",""
"","","","","","","","","Sleep","","","","","","","","GetKeyNameTextW",""
"","","","","","","","","VirtualAlloc","","","","","","","","WaitMessage",""
"","","","","","","","","","","","","","","","","CreatePopupMenu",""
"","","","","","","","","","","","","","","","","ShowCaret",""
"","","","","","","","","","","","","","","","","DrawFocusRect",""
"","","","","","","","","","","","","","","","","GetClassLongW",""
"","","","","","","","","","","","","","","","","GetLastActivePopup",""
"","","","","","","","","","","","","","","","","DrawIconEx",""
"","","","","","","","","","","","","","","","","CharUpperBuffW",""
"","","","","","","","","","","","","","","","","SetWindowTextW",""
"","","","","","","","","","","","","","","","","GetDCEx",""
"","","","","","","","","","","","","","","","","GetDlgItem",""
"","","","","","","","","","","","","","","","","RemovePropW",""
"","","","","","","","","","","","","","","","","GetSystemMenu",""
"","","","","","","","","","","","","","","","","ScreenToClient",""
"","","","","","","","","","","","","","","","","PostMessageW",""
"","","","","","","","","","","","","","","","","TrackPopupMenu",""
"","","","","","","","","","","","","","","","","GetMenuItemCount",""
"","","","","","","","","","","","","","","","","ValidateRect",""
"","","","","","","","","","","","","","","","","SetWindowsHookExW",""
"","","","","","","","","","","","","","","","","LoadCursorW",""
"","","","","","","","","","","","","","","","","LoadIconW",""
"","","","","","","","","","","","","","","","","FindWindowExW",""
"","","","","","","","","","","","","","","","","GetDC",""
"","","","","","","","","","","","","","","","","InsertMenuW",""
"","","","","","","","","","","","","","","","","SetForegroundWindow",""
"","","","","","","","","","","","","","","","","ExitWindowsEx",""
"","","","","","","","","","","","","","","","","OpenClipboard",""
"","","","","","","","","","","","","","","","","GetAsyncKeyState",""
"","","","","","","","","","","","","","","","","GetScrollBarInfo",""
"","","","","","","","","","","","","","","","","CharLowerBuffW",""
"","","","","","","","","","","","","","","","","GetScrollRange",""
"","","","","","","","","","","","","","","","","GetScrollInfo",""
"","","","","","","","","","","","","","","","","HideCaret",""
"","","","","","","","","","","","","","","","","GetKeyboardLayout",""
"","","","","","","","","","","","","","","","","SendInput",""
"","","","","","","","","","","","","","","","","GetCapture",""
"","","","","","","","","","","","","","","","","GetDlgCtrlID",""
"","","","","","","","","","","","","","","","","BeginPaint",""
"","","","","","","","","","","","","","","","","MessageBeep",""
"","","","","","","","","","","","","","","","","RemoveMenu",""
"","","","","","","","","","","","","","","","","GetWindowThreadProcessId",""
"","","","","","","","","","","","","","","","","ShowScrollBar",""
"","","","","","","","","","","","","","","","","MessageBoxW",""
"","","","","","","","","","","","","","","","","GetMenu",""
"","","","","","","","","","","","","","","","","DestroyIcon",""
"","","","","","","","","","","","","","","","","RegisterClassExW",""
"","","","","","","","","","","","","","","","","UnhookWindowsHookEx",""
"","","","","","","","","","","","","","","","","MoveWindow",""
"","","","","","","","","","","","","","","","","LoadKeyboardLayoutW",""
"","","","","","","","","","","","","","","","","MessageBoxA",""
"","","","","","","","","","","","","","","","","GetWindowDC",""
"","","","","","","","","","","","","","","","","DestroyCursor",""
"","","","","","","","","","","","","","","","","AdjustWindowRectEx",""
"","","","","","","","","","","","","","","","","mouse_event",""
"","","","","","","","","","","","","","","","","GetFocus",""
"","","","","","","","","","","","","","","","","MessageBoxIndirectW",""
"","","","","","","","","","","","","","","","","MsgWaitForMultipleObjectsEx",""
"","","","","","","","","","","","","","","","","RegisterClipboardFormatW",""
"","","","","","","","","","","","","","","","","SetScrollInfo",""
"","","","","","","","","","","","","","","","","GetKeyState",""
"","","","","","","","","","","","","","","","","GetDoubleClickTime",""
"","","","","","","","","","","","","","","","","EnableMenuItem",""
"","","","","","","","","","","","","","","","","EnumDisplayMonitors",""
"","","","","","","","","","","","","","","","","DefFrameProcW",""
"","","","","","","","","","","","","","","","","IsWindowVisible",""
"","","","","","","","","","","","","","","","","GetDesktopWindow",""
"","","","","","","","","","","","","","","","","SetCursorPos",""
"","","","","","","","","","","","","","","","","SystemParametersInfoW",""
"","","","","","","","","","","","","","","","","DispatchMessageW",""
"","","","","","","","","","","","","","","","","FrameRect",""
"","","","","","","","","","","","","","","","","SetRect",""
"","","","","","","","","","","","","","","","","DeleteMenu",""
"","","","","","","","","","","","","","","","","InvalidateRect",""
"","","","","","","","","","","","","","","","","CreateIcon",""
"","","","","","","","","","","","","","","","","CallWindowProcW",""
"","","","","","","","","","","","","","","","","GetClassNameW",""
"","","","","","","","","","","","","","","","","DestroyWindow",""
"","","","","","","","","","","","","","","","","GetClassInfoW",""
"","","","","","","","","","","","","","","","","MonitorFromWindow",""
"","","","","","","","","","","","","","","","","IsRectEmpty",""
"","","","","","","","","","","","","","","","","GetCursor",""
"","","","","","","","","","","","","","","","","SendMessageTimeoutW",""
"","","","","","","","","","","","","","","","","CreateMenu",""
"","","","","","","","","","","","","","","","","EnableWindow",""
"","","","","","","","","","","","","","","","","CloseClipboard",""
"","","","","","","","","","","","","","","","","CheckMenuItem",""
"","","","","","","","","","","","","","","","","SetMenu",""
"","","","","","","","","","","","","","","","","SetCursor",""
