"api-ms-win-core-string-l1-1-0.dll","api-ms-win-core-psapi-l1-1-0.dll","api-ms-win-eventing-classicprovider-l1-1-0.dll","api-ms-win-core-registry-l1-1-0.dll","api-ms-win-core-string-l2-1-0.dll","api-ms-win-security-base-l1-1-0.dll","KERNEL32.dll","msvcrt.dll","api-ms-win-core-string-obsolete-l1-1-0.dll","api-ms-win-core-kernel32-private-l1-1-0.dll","ntdll.dll","api-ms-win-core-threadpool-l1-2-0.dll","api-ms-win-core-io-l1-1-0.dll","api-ms-win-core-handle-l1-1-0.dll","api-ms-win-core-timezone-l1-1-0.dll","api-ms-win-core-localization-l1-2-0.dll","api-ms-win-core-kernel32-legacy-l1-1-0.dll","api-ms-win-core-libraryloader-l1-2-1.dll","api-ms-win-core-heap-obsolete-l1-1-0.dll","api-ms-win-core-processthreads-l1-1-1.dll","api-ms-win-core-file-l1-1-0.dll","api-ms-win-eventing-provider-l1-1-0.dll","api-ms-win-core-heap-l2-1-0.dll","api-ms-win-core-processenvironment-l1-1-0.dll","api-ms-win-core-processthreads-l1-1-0.dll","api-ms-win-core-delayload-l1-1-1.dll","api-ms-win-core-kernel32-legacy-l1-1-1.dll","api-ms-win-core-synch-l1-2-1.dll","api-ms-win-core-libraryloader-l1-2-0.dll","api-ms-win-core-errorhandling-l1-1-0.dll","RPCRT4.dll","api-ms-win-core-heap-l1-1-0.dll","api-ms-win-core-apiquery-l1-1-0.dll","api-ms-win-core-synch-l1-2-0.dll","api-ms-win-core-profile-l1-1-0.dll","KERNELBASE.dll","WS2_32.dll","api-ms-win-core-synch-l1-1-0.dll","api-ms-win-core-threadpool-legacy-l1-1-0.dll","api-ms-win-core-debug-l1-1-0.dll","api-ms-win-core-sysinfo-l1-2-0.dll","api-ms-win-core-sysinfo-l1-1-0.dll","api-ms-win-eventing-controller-l1-1-0.dll","api-ms-win-core-delayload-l1-1-0.dll"
"WideCharToMultiByte","K32EnumProcessModules","TraceMessage","RegCreateKeyExW","CharNextW","CopySid","OOBEComplete","_purecall","lstrcmpiW","CheckElevationEnabled","RtlAllocateAndInitializeSid","CreateThreadpoolTimer","DeviceIoControl","DuplicateHandle","SystemTimeToFileTime","FormatMessageW","GetComputerNameW","LoadLibraryW","LocalSize","OpenProcess","CreateDirectoryW","EventActivityIdControl","LocalFree","ExpandEnvironmentStringsW","TlsFree","ResolveDelayLoadedAPI","VerifyVersionInfoW","CreateSemaphoreW","SizeofResource","SetUnhandledExceptionFilter","NdrServerCallAll","HeapAlloc","ApiSetQueryApiSetPresence","Sleep","QueryPerformanceCounter","WTSIsServerContainer","WSAStartup","ReleaseSRWLockShared","UnregisterWaitEx","OutputDebugStringW","GetProductInfo","GetTickCount64","StartTraceW","DelayLoadFailureHook"
"MultiByteToWideChar","QueryFullProcessImageNameW","","RegDeleteValueW","","GetSecurityDescriptorControl","","malloc","lstrcmpW","","RtlInitUnicodeString","CreateThreadpool","","CloseHandle","","","RegisterWaitForSingleObject","","","","WriteFile","","LocalAlloc","","CreateProcessW","","","WaitForMultipleObjects","LoadResource","UnhandledExceptionFilter","RpcServerUnregisterIfEx","HeapFree","","","","","GetNameInfoW","DeleteCriticalSection","DeleteTimerQueueEx","OutputDebugStringA","","GetSystemTime","ControlTraceW",""
"","","","RegCloseKey","","GetAce","","realloc","","","RtlInsertElementGenericTable","SetThreadpoolTimer","","","","","UnregisterWait","","","","QueryDosDeviceW","","","","GetCurrentProcess","","","","GetModuleHandleExW","SetLastError","RpcRevertToSelf","GetProcessHeap","","","","","WSAGetLastError","InitializeCriticalSectionAndSpinCount","CreateTimerQueueTimer","IsDebuggerPresent","","GetSystemDirectoryW","EnableTraceEx2",""
"","","","RegSetValueExW","","InitializeAcl","","memset","","","EtwTraceMessage","CloseThreadpool","","","","","","","","","CreateFileW","","","","TerminateProcess","","","","GetModuleFileNameW","RaiseException","UuidToStringW","","","","","","WSACleanup","EnterCriticalSection","QueueUserWorkItem","DebugBreak","","GetVersionExW","",""
"","","","RegQueryInfoKeyW","","GetAclInformation","","wcschr","","","RtlVerifyVersionInfo","WaitForThreadpoolTimerCallbacks","","","","","","","","","CompareFileTime","","","","OpenProcessToken","","","","FreeLibrary","GetLastError","RpcServerInqCallAttributesW","","","","","","","ReleaseSemaphore","CreateTimerQueue","","","GetTickCount","",""
"","","","RegGetValueW","","GetSecurityDescriptorLength","","__dllonexit","","","RtlDeleteSecurityObject","CloseThreadpoolTimer","","","","","","","","","","","","","ExitThread","","","","LoadStringW","","RpcServerRegisterIfEx","","","","","","","ReleaseMutex","DeleteTimerQueueTimer","","","GetSystemTimeAsFileTime","",""
"","","","RegEnumKeyExW","","SetSecurityDescriptorDacl","","_stricmp","","","RtlDeleteResource","","","","","","","","","","","","","","GetCurrentProcessId","","","","FindResourceExW","","UuidFromStringW","","","","","","","InitializeCriticalSection","","","","","",""
"","","","RegOpenKeyExW","","GetFileSecurityW","","wcsncpy_s","","","RtlNumberGenericTableElements","","","","","","","","","","","","","","GetExitCodeThread","","","","LoadLibraryExW","","RpcStringBindingParseW","","","","","","","AcquireSRWLockExclusive","","","","","",""
"","","","RegQueryValueExW","","CreateWellKnownSid","","_wcsicmp","","","AlpcInitializeMessageAttribute","","","","","","","","","","","","","","OpenThreadToken","","","","DisableThreadLibraryCalls","","I_RpcBindingIsClientLocal","","","","","","","CreateEventW","","","","","",""
"","","","","","MakeAbsoluteSD","","wcstok_s","","","AlpcGetMessageAttribute","","","","","","","","","","","","","","CreateThread","","","","GetProcAddress","","RpcBindingToStringBindingW","","","","","","","OpenEventW","","","","","",""
"","","","","","DuplicateToken","","_vsnwprintf","","","NtQueryInformationToken","","","","","","","","","","","","","","TlsGetValue","","","","GetModuleHandleW","","RpcServerUseProtseqEpW","","","","","","","WaitForSingleObject","","","","","",""
"","","","","","ImpersonateLoggedOnUser","","_amsg_exit","","","EtwGetTraceEnableFlags","","","","","","","","","","","","","","ProcessIdToSessionId","","","","","","RpcServerListen","","","","","","","SetEvent","","","","","",""
"","","","","","GetTokenInformation","","__C_specific_handler","","","NtOpenProcess","","","","","","","","","","","","","","TlsAlloc","","","","","","RpcServerRegisterIf3","","","","","","","WaitForMultipleObjectsEx","","","","","",""
"","","","","","DuplicateTokenEx","","_errno","","","RtlAcquireResourceShared","","","","","","","","","","","","","","TlsSetValue","","","","","","I_RpcBindingInqLocalClientPID","","","","","","","CreateMutexW","","","","","",""
"","","","","","IsValidSid","","_lock","","","EtwEventSetInformation","","","","","","","","","","","","","","GetCurrentThreadId","","","","","","RpcServerRegisterAuthInfoW","","","","","","","ResetEvent","","","","","",""
"","","","","","AccessCheckAndAuditAlarmW","","qsort","","","RtlEqualSid","","","","","","","","","","","","","","CreateProcessAsUserW","","","","","","RpcImpersonateClient","","","","","","","ReleaseSRWLockExclusive","","","","","",""
"","","","","","GetSecurityDescriptorDacl","","??1type_info@@UEAA@XZ","","","DbgPrint","","","","","","","","","","","","","","GetCurrentThread","","","","","","RpcStringFreeW","","","","","","","WaitForSingleObjectEx","","","","","",""
"","","","","","GetLengthSid","","_onexit","","","RtlGetControlSecurityDescriptor","","","","","","","","","","","","","","","","","","","","RpcServerInqDefaultPrincNameW","","","","","","","InitializeSRWLock","","","","","",""
"","","","","","InitializeSecurityDescriptor","","_XcptFilter","","","RtlDeleteElementGenericTable","","","","","","","","","","","","","","","","","","","","NdrServerCall2","","","","","","","AcquireSRWLockShared","","","","","",""
"","","","","","RevertToSelf","","memcmp","","","RtlClearBits","","","","","","","","","","","","","","","","","","","","","","","","","","","LeaveCriticalSection","","","","","",""
"","","","","","FreeSid","","_resetstkoflw","","","RtlEnumerateGenericTable","","","","","","","","","","","","","","","","","","","","","","","","","","","","","","","","",""
"","","","","","MakeSelfRelativeSD","","wcsrchr","","","TpAllocAlpcCompletion","","","","","","","","","","","","","","","","","","","","","","","","","","","","","","","","",""
"","","","","","AllocateAndInitializeSid","","_CxxThrowException","","","EtwEventWriteTransfer","","","","","","","","","","","","","","","","","","","","","","","","","","","","","","","","",""
"","","","","","CheckTokenMembership","","_unlock","","","EtwEventRegister","","","","","","","","","","","","","","","","","","","","","","","","","","","","","","","","",""
"","","","","","EqualSid","","_wcsnicmp","","","RtlVirtualUnwind","","","","","","","","","","","","","","","","","","","","","","","","","","","","","","","","",""
"","","","","","AddAce","","free","","","RtlCopySid","","","","","","","","","","","","","","","","","","","","","","","","","","","","","","","","",""
"","","","","","IsValidSecurityDescriptor","","memcpy_s","","","RtlWakeAddressAll","","","","","","","","","","","","","","","","","","","","","","","","","","","","","","","","",""
"","","","","","","","_callnewh","","","RtlInitializeGenericTable","","","","","","","","","","","","","","","","","","","","","","","","","","","","","","","","",""
"","","","","","","","memcpy","","","ZwAlpcDisconnectPort","","","","","","","","","","","","","","","","","","","","","","","","","","","","","","","","",""
"","","","","","","","_vsnprintf","","","VerSetConditionMask","","","","","","","","","","","","","","","","","","","","","","","","","","","","","","","","",""
"","","","","","","","iswspace","","","EtwEventWriteFull","","","","","","","","","","","","","","","","","","","","","","","","","","","","","","","","",""
"","","","","","","","_initterm","","","EtwEventUnregister","","","","","","","","","","","","","","","","","","","","","","","","","","","","","","","","",""
"","","","","","","","","","","EtwUnregisterTraceGuids","","","","","","","","","","","","","","","","","","","","","","","","","","","","","","","","",""
"","","","","","","","","","","NtQuerySystemInformation","","","","","","","","","","","","","","","","","","","","","","","","","","","","","","","","",""
"","","","","","","","","","","RtlAllocateHeap","","","","","","","","","","","","","","","","","","","","","","","","","","","","","","","","",""
"","","","","","","","","","","ZwAlpcSendWaitReceivePort","","","","","","","","","","","","","","","","","","","","","","","","","","","","","","","","",""
"","","","","","","","","","","RtlLengthSid","","","","","","","","","","","","","","","","","","","","","","","","","","","","","","","","",""
"","","","","","","","","","","RtlInitializeBitMap","","","","","","","","","","","","","","","","","","","","","","","","","","","","","","","","",""
"","","","","","","","","","","NtPowerInformation","","","","","","","","","","","","","","","","","","","","","","","","","","","","","","","","",""
"","","","","","","","","","","EtwGetTraceLoggerHandle","","","","","","","","","","","","","","","","","","","","","","","","","","","","","","","","",""
"","","","","","","","","","","RtlLookupElementGenericTable","","","","","","","","","","","","","","","","","","","","","","","","","","","","","","","","",""
"","","","","","","","","","","TpReleaseAlpcCompletion","","","","","","","","","","","","","","","","","","","","","","","","","","","","","","","","",""
"","","","","","","","","","","RtlCaptureStackBackTrace","","","","","","","","","","","","","","","","","","","","","","","","","","","","","","","","",""
"","","","","","","","","","","EtwGetTraceEnableLevel","","","","","","","","","","","","","","","","","","","","","","","","","","","","","","","","",""
"","","","","","","","","","","NtQueryVirtualMemory","","","","","","","","","","","","","","","","","","","","","","","","","","","","","","","","",""
"","","","","","","","","","","EtwRegisterTraceGuidsW","","","","","","","","","","","","","","","","","","","","","","","","","","","","","","","","",""
"","","","","","","","","","","RtlNtStatusToDosError","","","","","","","","","","","","","","","","","","","","","","","","","","","","","","","","",""
"","","","","","","","","","","RtlInitString","","","","","","","","","","","","","","","","","","","","","","","","","","","","","","","","",""
"","","","","","","","","","","RtlFreeSid","","","","","","","","","","","","","","","","","","","","","","","","","","","","","","","","",""
"","","","","","","","","","","RtlCreateUserSecurityObject","","","","","","","","","","","","","","","","","","","","","","","","","","","","","","","","",""
"","","","","","","","","","","RtlCaptureContext","","","","","","","","","","","","","","","","","","","","","","","","","","","","","","","","",""
"","","","","","","","","","","RtlFreeHeap","","","","","","","","","","","","","","","","","","","","","","","","","","","","","","","","",""
"","","","","","","","","","","RtlFindClearBitsAndSet","","","","","","","","","","","","","","","","","","","","","","","","","","","","","","","","",""
"","","","","","","","","","","RtlInitializeResource","","","","","","","","","","","","","","","","","","","","","","","","","","","","","","","","",""
"","","","","","","","","","","ZwAlpcQueryInformation","","","","","","","","","","","","","","","","","","","","","","","","","","","","","","","","",""
"","","","","","","","","","","EtwEventWrite","","","","","","","","","","","","","","","","","","","","","","","","","","","","","","","","",""
"","","","","","","","","","","ZwAlpcCancelMessage","","","","","","","","","","","","","","","","","","","","","","","","","","","","","","","","",""
"","","","","","","","","","","TpWaitForAlpcCompletion","","","","","","","","","","","","","","","","","","","","","","","","","","","","","","","","",""
"","","","","","","","","","","NtQuerySystemTime","","","","","","","","","","","","","","","","","","","","","","","","","","","","","","","","",""
"","","","","","","","","","","RtlAcquireResourceExclusive","","","","","","","","","","","","","","","","","","","","","","","","","","","","","","","","",""
"","","","","","","","","","","NtDuplicateToken","","","","","","","","","","","","","","","","","","","","","","","","","","","","","","","","",""
"","","","","","","","","","","NtCreateFile","","","","","","","","","","","","","","","","","","","","","","","","","","","","","","","","",""
"","","","","","","","","","","RtlLookupFunctionEntry","","","","","","","","","","","","","","","","","","","","","","","","","","","","","","","","",""
"","","","","","","","","","","NtOpenProcessToken","","","","","","","","","","","","","","","","","","","","","","","","","","","","","","","","",""
"","","","","","","","","","","ZwAlpcConnectPort","","","","","","","","","","","","","","","","","","","","","","","","","","","","","","","","",""
"","","","","","","","","","","RtlWaitOnAddress","","","","","","","","","","","","","","","","","","","","","","","","","","","","","","","","",""
"","","","","","","","","","","RtlReleaseResource","","","","","","","","","","","","","","","","","","","","","","","","","","","","","","","","",""
"","","","","","","","","","","vDbgPrintEx","","","","","","","","","","","","","","","","","","","","","","","","","","","","","","","","",""
"","","","","","","","","","","RtlAdjustPrivilege","","","","","","","","","","","","","","","","","","","","","","","","","","","","","","","","",""
"","","","","","","","","","","EtwEventActivityIdControl","","","","","","","","","","","","","","","","","","","","","","","","","","","","","","","","",""
"","","","","","","","","","","RtlCopySecurityDescriptor","","","","","","","","","","","","","","","","","","","","","","","","","","","","","","","","",""
"","","","","","","","","","","RtlCompareMemory","","","","","","","","","","","","","","","","","","","","","","","","","","","","","","","","",""
"","","","","","","","","","","ZwClose","","","","","","","","","","","","","","","","","","","","","","","","","","","","","","","","",""
"","","","","","","","","","","RtlAreBitsSet","","","","","","","","","","","","","","","","","","","","","","","","","","","","","","","","",""
"","","","","","","","","","","NtQueryInformationProcess","","","","","","","","","","","","","","","","","","","","","","","","","","","","","","","","",""
