"version.dll","winmm.dll","gdi32.dll","advapi32.dll","kernel32.dll","msvcrt.dll","oleaut32.dll","shell32.dll","ole32.dll","comctl32.dll","user32.dll","winspool.drv"
"VerQueryValueW","mciGetErrorStringW","SetDIBits","RegCreateKeyExW","SetThreadLocale","memset","VariantChangeType","Shell_NotifyIconW","CreateStreamOnHGlobal","ImageList_BeginDrag","MapWindowPoints","ClosePrinter"
"GetFileVersionInfoW","mciSendCommandW","GetTextMetricsW","RegFlushKey","GetStdHandle","memcpy","SafeArrayAccessData","ShellExecuteW","OleUninitialize","ImageList_GetImageCount","GetMessagePos","DocumentPropertiesW"
"GetFileVersionInfoSizeW","","SetMapMode","RegCloseKey","FileTimeToDosDateTime","","SafeArrayGetLBound","","OleDraw","ImageList_SetBkColor","SetWindowRgn","GetDefaultPrinterW"
"","","GetWindowOrgEx","RegRestoreKeyW","WaitForSingleObject","","SafeArrayGetElement","","CoInitialize","ImageList_GetImageInfo","RedrawWindow","EnumPrintersW"
"","","ResizePalette","RegDeleteKeyW","HeapDestroy","","SafeArrayPtrOfIndex","","OleInitialize","FlatSB_SetScrollInfo","LoadBitmapW","OpenPrinterW"
"","","GetPaletteEntries","RegSetValueExW","GetFileAttributesW","","SysAllocStringLen","","ProgIDFromCLSID","InitCommonControls","EnableScrollBar",""
"","","CombineRgn","RegDeleteValueW","VerifyVersionInfoW","","SafeArrayUnaccessData","","IsAccelerator","ImageList_SetImageCount","EnumWindowStationsW",""
"","","CopyEnhMetaFileW","RegQueryInfoKeyW","DeleteCriticalSection","","VariantCopyInd","","CoCreateInstance","FlatSB_GetScrollInfo","SetSystemCursor",""
"","","SetPixel","RegConnectRegistryW","GetCurrentProcess","","VariantClear","","OleRegEnumVerbs","ImageList_GetDragImage","PostQuitMessage",""
"","","EndDoc","RegEnumValueW","LocalAlloc","","GetActiveObject","","CoUninitialize","FlatSB_SetScrollProp","GetForegroundWindow",""
"","","IntersectClipRect","RegOpenKeyExW","EnumSystemLocalesW","","SafeArrayCreate","","StringFromCLSID","ImageList_Create","SetWindowPos",""
"","","AngleArc","RegEnumKeyExW","SetErrorMode","","SysReAllocStringLen","","CoGetClassObject","ImageList_DragMove","IsWindow",""
"","","GetTextExtentPointW","RegSaveKeyW","GetLocaleInfoW","","SafeArrayGetUBound","","OleSetMenuDescriptor","ImageList_DrawEx","CountClipboardFormats",""
"","","CreateEllipticRgn","RegReplaceKeyW","WideCharToMultiByte","","VariantCopy","","IsEqualGUID","ImageList_SetIconSize","DispatchMessageA",""
"","","CreatePalette","RegLoadKeyW","FileTimeToLocalFileTime","","GetErrorInfo","","CoTaskMemFree","ImageList_Write","EndPaint",""
"","","CreateDIBitmap","RegUnLoadKeyW","GetDiskFreeSpaceW","","SysFreeString","","CoTaskMemAlloc","ImageList_Read","WindowFromPoint",""
"","","GetDIBits","GetUserNameW","InterlockedExchange","","SafeArrayPutElement","","","ImageList_Replace","DrawIcon",""
"","","GetEnhMetaFileBits","RegQueryValueExW","WriteFile","","VariantInit","","","ImageList_SetOverlayImage","GetMessageTime",""
"","","StretchBlt","","GetThreadPriority","","","","","ImageList_Destroy","VkKeyScanW",""
"","","StretchDIBits","","SetEvent","","","","","_TrackMouseEvent","SetMenuItemInfoW",""
"","","ArcTo","","LocalFree","","","","","ImageList_Draw","SetActiveWindow",""
"","","Pie","","FormatMessageW","","","","","ImageList_GetIconSize","GetMenuItemID",""
"","","Arc","","ResumeThread","","","","","ImageList_DragLeave","GetCursorPos",""
"","","SetBkColor","","InitializeCriticalSection","","","","","ImageList_GetBkColor","ReleaseDC",""
"","","SetWinMetaFileBits","","LoadResource","","","","","ImageList_GetIcon","GetMenuStringW",""
"","","GetDIBColorTable","","EnumCalendarInfoW","","","","","FlatSB_SetScrollPos","SendMessageW",""
"","","DeleteEnhMetaFile","","FindClose","","","","","ImageList_ReplaceIcon","EndMenu",""
"","","CreateFontIndirectW","","TlsGetValue","","","","","ImageList_DragEnter","SendMessageA",""
"","","SetStretchBltMode","","GetFullPathNameW","","","","","ImageList_Add","UnregisterClassW",""
"","","EnumFontsW","","GetEnvironmentVariableW","","","","","InitializeFlatSB","GetClientRect",""
"","","GetCurrentPositionEx","","SetLastError","","","","","FlatSB_GetScrollPos","GetMenuItemInfoW",""
"","","LPtoDP","","GetUserDefaultUILanguage","","","","","ImageList_DragShowNolock","DefMDIChildProcW",""
"","","GetPixel","","GlobalFindAtomW","","","","","ImageList_Remove","DrawTextW",""
"","","GetBrushOrgEx","","GetModuleFileNameW","","","","","ImageList_Copy","SetScrollPos",""
"","","ExcludeClipRect","","TryEnterCriticalSection","","","","","ImageList_LoadImageW","CallNextHookEx",""
"","","SetBkMode","","IsDebuggerPresent","","","","","ImageList_EndDrag","IsClipboardFormatAvailable",""
"","","BitBlt","","HeapAlloc","","","","","","GetSysColor",""
"","","CreateEnhMetaFileW","","VerSetConditionMask","","","","","","GetKeyboardState",""
"","","SetAbortProc","","SetThreadPriority","","","","","","GetKeyboardLayoutNameW",""
"","","FrameRgn","","GetUserDefaultLCID","","","","","","ClientToScreen",""
"","","CreateBrushIndirect","","UnhandledExceptionFilter","","","","","","GetTopWindow",""
"","","SelectPalette","","LoadLibraryExW","","","","","","RegisterHotKey",""
"","","CloseEnhMetaFile","","MultiByteToWideChar","","","","","","GetWindowTextW",""
"","","SetROP2","","GetLocalTime","","","","","","EnumClipboardFormats",""
"","","EndPage","","CreateEventW","","","","","","MsgWaitForMultipleObjects",""
"","","AbortDoc","","GlobalAddAtomW","","","","","","ScrollWindow",""
"","","GetNearestPaletteIndex","","CreateThread","","","","","","DestroyMenu",""
"","","SetDIBColorTable","","GetSystemDefaultUILanguage","","","","","","CopyImage",""
"","","DeleteObject","","GetExitCodeThread","","","","","","DestroyWindow",""
"","","CreatePenIndirect","","MulDiv","","","","","","DrawEdge",""
"","","PatBlt","","GetSystemTimes","","","","","","ShowCursor",""
"","","GetClipBox","","ExitThread","","","","","","GetParent",""
"","","Rectangle","","WaitForMultipleObjectsEx","","","","","","UpdateWindow",""
"","","GetDeviceCaps","","TerminateProcess","","","","","","GetPropW",""
"","","LineTo","","GetVersion","","","","","","SetClassLongW",""
"","","DeleteDC","","VirtualQuery","","","","","","EnumWindows",""
"","","GetSystemPaletteEntries","","VirtualQueryEx","","","","","","ShowWindow",""
"","","StartPage","","SetEndOfFile","","","","","","DrawFrameControl",""
"","","GetObjectW","","GetCurrentThreadId","","","","","","SetPropW",""
"","","CreateDCW","","HeapFree","","","","","","GetDesktopWindow",""
"","","RealizePalette","","EnterCriticalSection","","","","","","PeekMessageW",""
"","","SetEnhMetaFileBits","","LoadLibraryW","","","","","","TranslateMDISysAccel",""
"","","CreateBitmap","","GetVersionExW","","","","","","InsertMenuItemW",""
"","","RectVisible","","FreeLibrary","","","","","","SetWindowPlacement",""
"","","GetStockObject","","QueryPerformanceCounter","","","","","","CharUpperW",""
"","","PlayEnhMetaFile","","GetTickCount","","","","","","PeekMessageA",""
"","","UnrealizeObject","","TlsAlloc","","","","","","TranslateMessage",""
"","","GdiFlush","","VirtualProtect","","","","","","IsWindowEnabled",""
"","","SelectClipRgn","","LoadLibraryA","","","","","","GetWindow",""
"","","RoundRect","","RtlUnwind","","","","","","ActivateKeyboardLayout",""
"","","GetWinMetaFileBits","","CopyFileW","","","","","","RegisterClassW",""
"","","GetEnhMetaFileDescriptionW","","GlobalSize","","","","","","GetIconInfo",""
"","","GetEnhMetaFileHeader","","GetFileSize","","","","","","SetParent",""
"","","SetWindowOrgEx","","OpenProcess","","","","","","SetClipboardData",""
"","","GetTextExtentPoint32W","","GetDateFormatW","","","","","","IsZoomed",""
"","","Polygon","","GetStartupInfoW","","","","","","GetWindowPlacement",""
"","","CreateHalftonePalette","","CreateDirectoryW","","","","","","LoadStringW",""
"","","GetRgnBox","","DeleteFileW","","","","","","GetKeyboardLayoutList",""
"","","SaveDC","","GetProcAddress","","","","","","DrawMenuBar",""
"","","CreateICW","","GetComputerNameW","","","","","","IsIconic",""
"","","MaskBlt","","EnumResourceNamesW","","","","","","GetSubMenu",""
"","","GetEnhMetaFilePaletteEntries","","CompareStringW","","","","","","SetTimer",""
"","","RestoreDC","","RemoveDirectoryW","","","","","","GetActiveWindow",""
"","","GetBitmapBits","","FindNextFileW","","","","","","IsDialogMessageW",""
"","","CreateDIBSection","","ResetEvent","","","","","","FillRect",""
"","","SetTextColor","","FindFirstFileW","","","","","","EnumThreadWindows",""
"","","ExtFloodFill","","IsValidLocale","","","","","","MonitorFromPoint",""
"","","MoveToEx","","GlobalLock","","","","","","CreateAcceleratorTableW",""
"","","EnumFontFamiliesExW","","GetTimeZoneInformation","","","","","","GetSysColorBrush",""
"","","SetViewportOrgEx","","CreateFileW","","","","","","IsWindowUnicode",""
"","","ExtTextOutW","","TlsSetValue","","","","","","CreateWindowExW",""
"","","CreateCompatibleDC","","ExitProcess","","","","","","GetWindowLongW",""
"","","PolyBezierTo","","LeaveCriticalSection","","","","","","CharNextW",""
"","","PolyBezier","","GetLastError","","","","","","IsChild",""
"","","Chord","","GlobalDeleteAtom","","","","","","IsDialogMessageA",""
"","","SetBrushOrgEx","","GetSystemInfo","","","","","","SetFocus",""
"","","CreateRectRgn","","GlobalFree","","","","","","RegisterWindowMessageW",""
"","","SelectObject","","FindResourceW","","","","","","GetMonitorInfoW",""
"","","CreateCompatibleBitmap","","GetThreadLocale","","","","","","EmptyClipboard",""
"","","CreateSolidBrush","","GlobalUnlock","","","","","","BeginPaint",""
"","","Polyline","","GlobalAlloc","","","","","","DefWindowProcW",""
"","","StartDocW","","lstrlenW","","","","","","GetScrollPos",""
"","","Ellipse","","WinExec","","","","","","CopyIcon",""
"","","","","SwitchToThread","","","","","","keybd_event",""
"","","","","SizeofResource","","","","","","KillTimer",""
"","","","","GetCurrentProcessId","","","","","","MapVirtualKeyW",""
"","","","","LockResource","","","","","","ClipCursor",""
"","","","","GetCommandLineW","","","","","","GetClipboardData",""
"","","","","GetCPInfo","","","","","","GetClassInfoExW",""
"","","","","HeapSize","","","","","","GetSystemMetrics",""
"","","","","InterlockedCompareExchange","","","","","","SetWindowLongW",""
"","","","","GetCurrentThread","","","","","","SetScrollRange",""
"","","","","SuspendThread","","","","","","GetWindowRect",""
"","","","","RaiseException","","","","","","SetCapture",""
"","","","","TlsFree","","","","","","ReleaseCapture",""
"","","","","SetFilePointer","","","","","","EnumChildWindows",""
"","","","","ReadFile","","","","","","DrawTextExW",""
"","","","","CloseHandle","","","","","","GetMessageExtraInfo",""
"","","","","GetACP","","","","","","CharLowerW",""
"","","","","GetModuleHandleW","","","","","","SetKeyboardState",""
"","","","","FreeResource","","","","","","GetKeyNameTextW",""
"","","","","GetCPInfoExW","","","","","","WaitMessage",""
"","","","","HeapCreate","","","","","","CreatePopupMenu",""
"","","","","GetTempPathW","","","","","","ShowCaret",""
"","","","","VirtualFree","","","","","","DrawFocusRect",""
"","","","","Sleep","","","","","","GetClassLongW",""
"","","","","VirtualAlloc","","","","","","GetLastActivePopup",""
"","","","","","","","","","","DrawIconEx",""
"","","","","","","","","","","CharUpperBuffW",""
"","","","","","","","","","","SetWindowTextW",""
"","","","","","","","","","","GetDCEx",""
"","","","","","","","","","","RemovePropW",""
"","","","","","","","","","","BringWindowToTop",""
"","","","","","","","","","","GetSystemMenu",""
"","","","","","","","","","","ScreenToClient",""
"","","","","","","","","","","PostMessageW",""
"","","","","","","","","","","TrackPopupMenu",""
"","","","","","","","","","","GetMenuItemCount",""
"","","","","","","","","","","AttachThreadInput",""
"","","","","","","","","","","GetMenuState",""
"","","","","","","","","","","ShowOwnedPopups",""
"","","","","","","","","","","LoadCursorW",""
"","","","","","","","","","","LoadIconW",""
"","","","","","","","","","","FindWindowExW",""
"","","","","","","","","","","GetDC",""
"","","","","","","","","","","InsertMenuW",""
"","","","","","","","","","","SetForegroundWindow",""
"","","","","","","","","","","OpenClipboard",""
"","","","","","","","","","","GetAsyncKeyState",""
"","","","","","","","","","","GetScrollBarInfo",""
"","","","","","","","","","","CharLowerBuffW",""
"","","","","","","","","","","GetScrollRange",""
"","","","","","","","","","","GetScrollInfo",""
"","","","","","","","","","","HideCaret",""
"","","","","","","","","","","GetKeyboardLayout",""
"","","","","","","","","","","FindWindowW",""
"","","","","","","","","","","GetCapture",""
"","","","","","","","","","","GetDlgCtrlID",""
"","","","","","","","","","","MessageBeep",""
"","","","","","","","","","","RemoveMenu",""
"","","","","","","","","","","GetWindowThreadProcessId",""
"","","","","","","","","","","ShowScrollBar",""
"","","","","","","","","","","MessageBoxW",""
"","","","","","","","","","","GetMenu",""
"","","","","","","","","","","MonitorFromRect",""
"","","","","","","","","","","DestroyIcon",""
"","","","","","","","","","","UnhookWindowsHookEx",""
"","","","","","","","","","","EnumDesktopWindows",""
"","","","","","","","","","","LoadKeyboardLayoutW",""
"","","","","","","","","","","MessageBoxA",""
"","","","","","","","","","","GetWindowDC",""
"","","","","","","","","","","DestroyCursor",""
"","","","","","","","","","","AdjustWindowRectEx",""
"","","","","","","","","","","mouse_event",""
"","","","","","","","","","","LoadCursorFromFileW",""
"","","","","","","","","","","MsgWaitForMultipleObjectsEx",""
"","","","","","","","","","","RegisterClipboardFormatW",""
"","","","","","","","","","","SetScrollInfo",""
"","","","","","","","","","","GetKeyState",""
"","","","","","","","","","","EnableMenuItem",""
"","","","","","","","","","","EnumDisplayMonitors",""
"","","","","","","","","","","DefFrameProcW",""
"","","","","","","","","","","IsWindowVisible",""
"","","","","","","","","","","SetCursorPos",""
"","","","","","","","","","","SystemParametersInfoW",""
"","","","","","","","","","","DispatchMessageW",""
"","","","","","","","","","","FrameRect",""
"","","","","","","","","","","SetRect",""
"","","","","","","","","","","DeleteMenu",""
"","","","","","","","","","","InvalidateRect",""
"","","","","","","","","","","CreateIcon",""
"","","","","","","","","","","CallWindowProcW",""
"","","","","","","","","","","GetClassNameW",""
"","","","","","","","","","","GetClassInfoW",""
"","","","","","","","","","","MonitorFromWindow",""
"","","","","","","","","","","SetWindowsHookExW",""
"","","","","","","","","","","GetCursor",""
"","","","","","","","","","","GetFocus",""
"","","","","","","","","","","CreateMenu",""
"","","","","","","","","","","EnableWindow",""
"","","","","","","","","","","CloseClipboard",""
"","","","","","","","","","","CheckMenuItem",""
"","","","","","","","","","","SetMenu",""
"","","","","","","","","","","SetCursor",""
