"WINSTA.dll","CRYPT32.dll","KERNEL32.dll","msvcrt.dll","netapi32.dll","ntdll.dll","Secur32.dll","WinSCard.dll","advapi32.dll","ole32.dll","SHLWAPI.dll","USER32.dll","OLEAUT32.dll","NETAPI32.dll","SHELL32.dll","RPCRT4.dll","cryptdll.dll","USERENV.dll","HID.DLL","WLDAP32.dll","VERSION.dll","SAMLIB.dll","msasn1.dll","ADVAPI32.dll","SETUPAPI.dll"
"WinStationQueryInformationW","CryptUnprotectData","GetStdHandle","_wpgmptr","I_NetServerTrustPasswordsGet","RtlDowncaseUnicodeString","LsaDeregisterLogonProcess","SCardFreeMemory","A_SHAFinal","CoInitializeEx","PathCanonicalizeW","GetKeyboardLayout","SysFreeString","NetStatisticsGet","CommandLineToArgvW","RpcRevertToSelf","CDLocateCSystem","CreateEnvironmentBlock","HidD_GetPreparsedData","Ord(301)","VerQueryValueW","SamiChangePasswordUser","ASN1_CreateEncoder","CopySid","SetupDiEnumDeviceInterfaces"
"WinStationFreeMemory","CertEnumCertificatesInStore","FileTimeToSystemTime","mbtowc","I_NetServerReqChallenge","RtlCompressBuffer","QueryContextAttributesW","SCardDisconnect","A_SHAInit","CoCreateInstance","PathCombineW","IsCharAlphaNumericW","VariantInit","NetShareEnum","","RpcMgmtEpEltInqNextW","MD5Final","DestroyEnvironmentBlock","HidD_GetHidGuid","Ord(145)","GetFileVersionInfoW","SamLookupDomainInSamServer","ASN1_FreeEncoded","CryptEncrypt","SetupDiGetDeviceInterfaceDetailW"
"WinStationEnumerateW","CryptAcquireCertificatePrivateKey","GetFileAttributesA","wprintf","I_NetServerAuthenticate2","RtlInitUnicodeString","LsaConnectUntrusted","SCardEstablishContext","A_SHAUpdate","CoUninitialize","PathIsRelativeW","","SysAllocString","NetSessionEnum","","RpcMgmtEpEltInqDone","MD5Update","","HidD_FreePreparsedData","Ord(167)","GetFileVersionInfoSizeW","SamFreeMemory","ASN1_CreateModule","GetSidSubAuthorityCount","SetupDiGetClassDevsW"
"WinStationConnectW","CertOpenStore","WaitForSingleObject","wctomb","","NtSetSystemEnvironmentValueEx","LsaLookupAuthenticationPackage","SCardListReadersW","","","PathIsDirectoryW","","","NetApiBufferFree","","MesHandleFree","CDLocateCheckSum","","HidP_GetCaps","Ord(36)","","SamQueryInformationUser","ASN1_CloseDecoder","CreateWellKnownSid","SetupDiDestroyDeviceInfoList"
"WinStationCloseServer","CryptExportPublicKeyInfo","HeapDestroy","memset","","RtlUpcaseUnicodeStringToOemString","LsaFreeReturnBuffer","SCardGetCardTypeProviderNameW","","","PathFindFileNameW","","","NetServerGetInfo","","RpcMgmtStopServerListening","MD5Init","","HidD_GetAttributes","Ord(79)","","SamLookupNamesInDomain","ASN1_CloseModule","RegOpenKeyExW",""
"WinStationOpenServerW","CertAddEncodedCertificateToStore","SetConsoleCursorPosition","fclose","","RtlAppendUnicodeStringToString","FreeContextBuffer","SCardConnectW","","","","","","DsGetDcNameW","","NdrMesTypeAlignSize2","CDGenerateRandomBits","","","Ord(309)","","SamOpenAlias","ASN1_CloseEncoder","CryptDuplicateKey",""
"","CertAddCertificateContextToStore","GetFileAttributesW","malloc","","RtlGetCompressionWorkSpaceSize","LsaCallAuthenticationPackage","SCardListCardsW","","","","","","NetRemoteTOD","","RpcBindingToStringBindingW","","","","Ord(41)","","SamEnumerateDomainsInSamServer","ASN1_CreateDecoder","LookupAccountNameW",""
"","CertFreeCertificateContext","GetProcessId","wcstoul","","RtlStringFromGUID","","SCardGetAttrib","","","","","","NetWkstaUserEnum","","RpcImpersonateClient","","","","Ord(127)","","SamEnumerateUsersInDomain","ASN1BERDotVal2Eoid","OpenEventLogW",""
"","CertCloseStore","DeleteCriticalSection","_stricmp","","NtTerminateProcess","","SCardReleaseContext","","","","","","","","RpcStringBindingComposeW","","","","Ord(304)","","SamCloseHandle","","ConvertSidToStringSidW",""
"","CertFindCertificateInStore","GetCurrentProcess","wcstol","","RtlFreeUnicodeString","","","","","","","","","","RpcServerRegisterAuthInfoW","","","","Ord(133)","","SamOpenGroup","","GetTokenInformation",""
"","CertNameToStrW","LocalAlloc","strtoul","","RtlFreeAnsiString","","","","","","","","","","RpcBindingSetAuthInfoExW","","","","Ord(54)","","SamGetGroupsForUser","","LsaQueryInformationPolicy",""
"","CryptEncodeObject","GetTempPathA","isdigit","","NtCompareTokens","","","","","","","","","","RpcEpRegisterW","","","","Ord(208)","","SamGetMembersInGroup","","LsaFreeMemory",""
"","CryptProtectData","WideCharToMultiByte","fflush","","RtlUnicodeStringToAnsiString","","","","","","","","","","RpcBindingFree","","","","Ord(147)","","SamEnumerateGroupsInDomain","","OpenThreadToken",""
"","CryptStringToBinaryW","GetDiskFreeSpaceW","towupper","","RtlGetNtVersionNumbers","","","","","","","","","","RpcMgmtEpEltInqBegin","","","","Ord(77)","","SamOpenUser","","BuildSecurityDescriptorW",""
"","CryptSignAndEncodeCertificate","InterlockedExchange","__pioinfo","","NtQueryObject","","","","","","","","","","RpcServerInqBindings","","","","Ord(142)","","SamGetMembersInAlias","","LsaRetrievePrivateData",""
"","CertGetNameStringW","WriteFile","_amsg_exit","","RtlGUIDFromString","","","","","","","","","","NdrMesTypeEncode2","","","","Ord(73)","","SamEnumerateAliasesInDomain","","CryptGetUserKey",""
"","CertSetCertificateContextProperty","GetSystemTimeAsFileTime","_itoa","","RtlUpcaseUnicodeString","","","","","","","","","","RpcServerUnregisterIfEx","","","","Ord(310)","","SamGetAliasMembership","","CryptDestroyKey",""
"","PFXExportCertStoreEx","HeapReAlloc","isleadbyte","","NtQuerySystemInformation","","","","","","","","","","RpcStringFreeW","","","","Ord(26)","","SamLookupIdsInDomain","","DuplicateTokenEx",""
"","CertGetCertificateContextProperty","GetFullPathNameA","_errno","","RtlAnsiStringToUnicodeString","","","","","","","","","","NdrServerCall2","","","","Ord(27)","","SamOpenDomain","","OpenServiceW",""
"","CertEnumSystemStore","SetEvent","isxdigit","","RtlEqualUnicodeString","","","","","","","","","","MesIncrementalHandleReset","","","","Ord(13)","","SamSetInformationUser","","LookupPrivilegeValueW",""
"","CryptBinaryToStringW","LocalFree","_wcsdup","","RtlEqualString","","","","","","","","","","NdrClientCall2","","","","","","SamConnect","","RegQueryValueExW",""
"","","FormatMessageW","vfwprintf","","NtQuerySystemEnvironmentValueEx","","","","","","","","","","MesEncodeIncrementalHandleCreate","","","","","","SamRidToSid","","CryptImportKey",""
"","","IsWow64Process","_snprintf","","RtlFreeOemString","","","","","","","","","","MesDecodeIncrementalHandleCreate","","","","","","","","CloseServiceHandle",""
"","","InitializeCriticalSection","_XcptFilter","","RtlCreateUserThread","","","","","","","","","","RpcBindingInqAuthClientW","","","","","","","","GetSidSubAuthority",""
"","","OutputDebugStringW","_fileno","","RtlIpv6AddressToStringW","","","","","","","","","","RpcServerUseProtseqEpW","","","","","","","","CryptEnumProviderTypesW",""
"","","FindClose","strrchr","","RtlIpv4AddressToStringW","","","","","","","","","","RpcBindingSetOption","","","","","","","","ClearEventLogW",""
"","","FormatMessageA","isspace","","NtResumeProcess","","","","","","","","","","NdrMesTypeDecode2","","","","","","","","SetServiceObjectSecurity",""
"","","GetFullPathNameW","_except_handler3","","RtlGetCurrentPeb","","","","","","","","","","RpcEpUnregister","","","","","","","","CryptGenKey",""
"","","OutputDebugStringA","_wcsicmp","","RtlAdjustPrivilege","","","","","","","","","","I_RpcBindingInqSecurityContext","","","","","","","","CryptSetProvParam",""
"","","SetLastError","iswctype","","NtSuspendProcess","","","","","","","","","","NdrMesTypeFree2","","","","","","","","LsaOpenSecret",""
"","","GetSystemTime","wcschr","","NtQueryInformationProcess","","","","","","","","","","RpcServerRegisterIf2","","","","","","","","IsTextUnicode",""
"","","DeviceIoControl","ferror","","NtEnumerateSystemEnvironmentValuesEx","","","","","","","","","","RpcServerListen","","","","","","","","CreateProcessAsUserW",""
"","","WriteProcessMemory","gmtime","","","","","","","","","","","","RpcBindingFromStringBindingW","","","","","","","","RegSetValueExW",""
"","","TryEnterCriticalSection","free","","","","","","","","","","","","RpcEpResolveBinding","","","","","","","","CryptExportKey",""
"","","HeapAlloc","_msize","","","","","","","","","","","","UuidCreate","","","","","","","","CheckTokenMembership",""
"","","GetVersionExA","wcsstr","","","","","","","","","","","","RpcBindingVectorFree","","","","","","","","QueryServiceStatusEx",""
"","","FlushViewOfFile","_isatty","","","","","","","","","","","","","","","","","","","","SetThreadToken",""
"","","FillConsoleOutputCharacterW","wcstombs","","","","","","","","","","","","","","","","","","","","RegCloseKey",""
"","","UnhandledExceptionFilter","calloc","","","","","","","","","","","","","","","","","","","","LookupAccountSidW",""
"","","MultiByteToWideChar","_write","","","","","","","","","","","","","","","","","","","","StartServiceW",""
"","","CreateEventW","realloc","","","","","","","","","","","","","","","","","","","","LsaQuerySecret",""
"","","LockFileEx","memcpy","","","","","","","","","","","","","","","","","","","","CreateProcessWithLogonW",""
"","","CreateThread","_lseeki64","","","","","","","","","","","","","","","","","","","","GetNumberOfEventLogRecords",""
"","","CreatePipe","__badioinfo","","","","","","","","","","","","","","","","","","","","DeleteService",""
"","","SetUnhandledExceptionFilter","memmove","","","","","","","","","","","","","","","","","","","","CryptCreateHash",""
"","","CreateMutexW","_wfopen","","","","","","","","","","","","","","","","","","","","CryptDecrypt",""
"","","SetHandleInformation","_read","","","","","","","","","","","","","","","","","","","","OpenProcessToken",""
"","","TerminateProcess","wcsrchr","","","","","","","","","","","","","","","","","","","","LsaClose",""
"","","SetCurrentDirectoryW","_vscwprintf","","","","","","","","","","","","","","","","","","","","LsaEnumerateTrustedDomainsEx",""
"","","VirtualQuery","__mb_cur_max","","","","","","","","","","","","","","","","","","","","SystemFunction032",""
"","","VirtualQueryEx","ungetc","","","","","","","","","","","","","","","","","","","","CreateServiceW",""
"","","SetEndOfFile","_initterm","","","","","","","","","","","","","","","","","","","","CryptReleaseContext",""
"","","GetVersion","_iob","","","","","","","","","","","","","","","","","","","","CryptAcquireContextA",""
"","","AreFileApisANSI","localeconv","","","","","","","","","","","","","","","","","","","","IsValidSid",""
"","","HeapFree","strftime","","","","","","","","","","","","","","","","","","","","RegisterServiceCtrlHandlerW",""
"","","EnterCriticalSection","_wcsnicmp","","","","","","","","","","","","","","","","","","","","RegEnumKeyExW",""
"","","TerminateThread","","","","","","","","","","","","","","","","","","","","","CryptAcquireContextW",""
"","","LoadLibraryW","","","","","","","","","","","","","","","","","","","","","CryptGetProvParam",""
"","","GetVersionExW","","","","","","","","","","","","","","","","","","","","","CryptDestroyHash",""
"","","FreeLibrary","","","","","","","","","","","","","","","","","","","","","RegEnumValueW",""
"","","QueryPerformanceCounter","","","","","","","","","","","","","","","","","","","","","CryptEnumProvidersW",""
"","","GetTickCount","","","","","","","","","","","","","","","","","","","","","FreeSid",""
"","","VirtualProtect","","","","","","","","","","","","","","","","","","","","","CryptGetHashParam",""
"","","FlushFileBuffers","","","","","","","","","","","","","","","","","","","","","AllocateAndInitializeSid",""
"","","LoadLibraryA","","","","","","","","","","","","","","","","","","","","","SystemFunction025",""
"","","RtlUnwind","","","","","","","","","","","","","","","","","","","","","OpenSCManagerW",""
"","","CreateRemoteThread","","","","","","","","","","","","","","","","","","","","","CryptSetHashParam",""
"","","UnlockFile","","","","","","","","","","","","","","","","","","","","","ControlService",""
"","","GetFileSize","","","","","","","","","","","","","","","","","","","","","CryptHashData",""
"","","OpenProcess","","","","","","","","","","","","","","","","","","","","","LsaOpenPolicy",""
"","","DeleteFileA","","","","","","","","","","","","","","","","","","","","","CryptGetKeyParam",""
"","","GetDateFormatW","","","","","","","","","","","","","","","","","","","","","SystemFunction013",""
"","","ReadProcessMemory","","","","","","","","","","","","","","","","","","","","","LsaQueryTrustedDomainInfoByName",""
"","","DeleteFileW","","","","","","","","","","","","","","","","","","","","","LookupPrivilegeNameW",""
"","","GetProcAddress","","","","","","","","","","","","","","","","","","","","","SetServiceStatus",""
"","","GetConsoleScreenBufferInfo","","","","","","","","","","","","","","","","","","","","","RegQueryInfoKeyW",""
"","","VirtualProtectEx","","","","","","","","","","","","","","","","","","","","","GetLengthSid",""
"","","GetProcessHeap","","","","","","","","","","","","","","","","","","","","","ConvertStringSidToSidW",""
"","","CreateFileMappingW","","","","","","","","","","","","","","","","","","","","","CryptSetKeyParam",""
"","","GetTimeFormatW","","","","","","","","","","","","","","","","","","","","","CredFree",""
"","","GetFileSizeEx","","","","","","","","","","","","","","","","","","","","","CredEnumerateW",""
"","","ExpandEnvironmentStringsW","","","","","","","","","","","","","","","","","","","","","QueryServiceObjectSecurity",""
"","","UnmapViewOfFile","","","","","","","","","","","","","","","","","","","","","StartServiceCtrlDispatcherW",""
"","","FindNextFileW","","","","","","","","","","","","","","","","","","","","","SystemFunction005",""
"","","GetDiskFreeSpaceA","","","","","","","","","","","","","","","","","","","","","SystemFunction006",""
"","","HeapValidate","","","","","","","","","","","","","","","","","","","","","SystemFunction007",""
"","","GetComputerNameExW","","","","","","","","","","","","","","","","","","","","","SystemFunction001",""
"","","CreateFileMappingA","","","","","","","","","","","","","","","","","","","","","",""
"","","FindFirstFileW","","","","","","","","","","","","","","","","","","","","","",""
"","","DuplicateHandle","","","","","","","","","","","","","","","","","","","","","",""
"","","GetTimeZoneInformation","","","","","","","","","","","","","","","","","","","","","",""
"","","CreateFileW","","","","","","","","","","","","","","","","","","","","","",""
"","","CreateFileA","","","","","","","","","","","","","","","","","","","","","",""
"","","LeaveCriticalSection","","","","","","","","","","","","","","","","","","","","","",""
"","","GetLastError","","","","","","","","","","","","","","","","","","","","","",""
"","","SystemTimeToFileTime","","","","","","","","","","","","","","","","","","","","","",""
"","","VirtualAllocEx","","","","","","","","","","","","","","","","","","","","","",""
"","","GetSystemInfo","","","","","","","","","","","","","","","","","","","","","",""
"","","lstrlenA","","","","","","","","","","","","","","","","","","","","","",""
"","","WaitForSingleObjectEx","","","","","","","","","","","","","","","","","","","","","",""
"","","lstrlenW","","","","","","","","","","","","","","","","","","","","","",""
"","","CreateProcessW","","","","","","","","","","","","","","","","","","","","","",""
"","","HeapCompact","","","","","","","","","","","","","","","","","","","","","",""
"","","LockFile","","","","","","","","","","","","","","","","","","","","","",""
"","","FileTimeToLocalFileTime","","","","","","","","","","","","","","","","","","","","","",""
"","","GetCurrentDirectoryW","","","","","","","","","","","","","","","","","","","","","",""
"","","VirtualFreeEx","","","","","","","","","","","","","","","","","","","","","",""
"","","GetCurrentProcessId","","","","","","","","","","","","","","","","","","","","","",""
"","","ProcessIdToSessionId","","","","","","","","","","","","","","","","","","","","","",""
"","","HeapSize","","","","","","","","","","","","","","","","","","","","","",""
"","","InterlockedCompareExchange","","","","","","","","","","","","","","","","","","","","","",""
"","","GetCurrentThread","","","","","","","","","","","","","","","","","","","","","",""
"","","RaiseException","","","","","","","","","","","","","","","","","","","","","",""
"","","MapViewOfFile","","","","","","","","","","","","","","","","","","","","","",""
"","","SetFilePointer","","","","","","","","","","","","","","","","","","","","","",""
"","","ReadFile","","","","","","","","","","","","","","","","","","","","","",""
"","","CloseHandle","","","","","","","","","","","","","","","","","","","","","",""
"","","UnlockFileEx","","","","","","","","","","","","","","","","","","","","","",""
"","","GetModuleHandleW","","","","","","","","","","","","","","","","","","","","","",""
"","","GetCurrentThreadId","","","","","","","","","","","","","","","","","","","","","",""
"","","GetFileAttributesExW","","","","","","","","","","","","","","","","","","","","","",""
"","","HeapCreate","","","","","","","","","","","","","","","","","","","","","",""
"","","GetTempPathW","","","","","","","","","","","","","","","","","","","","","",""
"","","VirtualFree","","","","","","","","","","","","","","","","","","","","","",""
"","","Sleep","","","","","","","","","","","","","","","","","","","","","",""
"","","VirtualAlloc","","","","","","","","","","","","","","","","","","","","","",""
