"AVICAP32.dll","VERSION.dll","WININET.dll","GDI32.dll","DNSAPI.dll","SHELL32.dll","KERNEL32.dll","RASAPI32.dll","WTSAPI32.dll","NETAPI32.dll","ADVAPI32.dll","ole32.dll","SHLWAPI.dll","WS2_32.dll","PSAPI.DLL","USER32.dll","USERENV.dll"
"capGetDriverDescriptionA","GetFileVersionInfoSizeA","InternetOpenUrlA","GetObjectA","DnsRecordListFree","CommandLineToArgvW","GetStdHandle","RasGetEntryDialParamsA","WTSEnumerateSessionsA","NetUserSetInfo","RegRestoreKeyA","CoCreateInstance","SHDeleteKeyA","WSADuplicateSocketA","GetModuleFileNameExA","GetMessageA","CreateEnvironmentBlock"
"","GetFileVersionInfoA","InternetQueryDataAvailable","SetPixel","DnsQuery_A","SHFileOperationA","ReleaseMutex","RasEnumEntriesA","WTSQuerySessionInformationA","NetUserAdd","RegDeleteKeyA","CoInitialize","PathMatchSpecA","WSASocketA","GetModuleInformation","MapVirtualKeyA","DestroyEnvironmentBlock"
"","VerQueryValueA","InternetWriteFile","CreateCompatibleDC","","","FileTimeToSystemTime","","WTSQueryUserToken","NetLocalGroupAddMembers","LookupPrivilegeValueA","","PathAddBackslashA","htonl","EnumProcesses","GetForegroundWindow",""
"","","InternetReadFile","DeleteDC","","","GetFileAttributesA","","WTSFreeMemory","NetApiBufferFree","RegCloseKey","","PathStripPathA","getsockname","GetModuleBaseNameA","EmptyClipboard",""
"","","InternetCloseHandle","GetSystemPaletteEntries","","","SetEvent","","","NetUserDel","RegCreateKeyExA","","","accept","EnumProcessModules","SwitchDesktop",""
"","","InternetOpenA","CreateBitmap","","","GetDriveTypeA","","","NetUserEnum","OpenServiceA","","","ioctlsocket","","keybd_event",""
"","","FtpOpenFileA","CreatePalette","","","HeapDestroy","","","","QueryServiceConfigA","","","WSAStartup","","GetUserObjectInformationA",""
"","","InternetConnectA","GetDeviceCaps","","","EncodePointer","","","","RegQueryValueExA","","","connect","","PostQuitMessage",""
"","","","RealizePalette","","","SetFileTime","","","","AdjustTokenPrivileges","","","shutdown","","DefWindowProcA",""
"","","","SelectPalette","","","SystemTimeToTzSpecificLocalTime","","","","ControlService","","","htons","","FindWindowA",""
"","","","SelectObject","","","CreatePipe","","","","LookupAccountSidA","","","getpeername","","SetWindowPos",""
"","","","GetDIBits","","","GetCurrentProcess","","","","GetServiceKeyNameA","","","WSAGetLastError","","GetWindowThreadProcessId",""
"","","","DeleteObject","","","GetConsoleMode","","","","DeleteService","","","gethostname","","GetDesktopWindow",""
"","","","BitBlt","","","GetLocaleInfoA","","","","RegCreateKeyA","","","closesocket","","IsWindow",""
"","","","GdiFlush","","","LocalAlloc","","","","UnlockServiceDatabase","","","ntohl","","GetWindowRect",""
"","","","CreateDCA","","","lstrcatA","","","","SetSecurityDescriptorDacl","","","inet_addr","","DispatchMessageA",""
"","","","GetBitmapBits","","","UnhandledExceptionFilter","","","","CloseServiceHandle","","","send","","GetThreadDesktop",""
"","","","CreateCompatibleBitmap","","","SetErrorMode","","","","RegOpenKeyA","","","ntohs","","PostMessageA",""
"","","","","","","FreeEnvironmentStringsW","","","","OpenProcessToken","","","select","","GetWindowDC",""
"","","","","","","GetThreadContext","","","","CreateServiceA","","","listen","","SetWindowLongA",""
"","","","","","","GetLocaleInfoW","","","","QueryServiceStatus","","","__WSAFDIsSet","","SetProcessWindowStation",""
"","","","","","","SetStdHandle","","","","MakeAbsoluteSD","","","WSAAsyncSelect","","TranslateMessage",""
"","","","","","","GetFileTime","","","","CloseEventLog","","","gethostbyname","","SetThreadDesktop",""
"","","","","","","GetTempPathA","","","","OpenEventLogA","","","inet_ntoa","","GetProcessWindowStation",""
"","","","","","","GetCPInfo","","","","GetServiceDisplayNameA","","","WSACleanup","","OpenWindowStationA",""
"","","","","","","WriteFile","","","","SetTokenInformation","","","recv","","GetKeyState",""
"","","","","","","WaitForSingleObject","","","","RegOpenKeyExA","","","WSAIoctl","","GetAsyncKeyState",""
"","","","","","","GetSystemTimeAsFileTime","","","","SetEntriesInAclA","","","setsockopt","","SystemParametersInfoA",""
"","","","","","","HeapReAlloc","","","","GetTokenInformation","","","socket","","wsprintfA",""
"","","","","","","GetStringTypeW","","","","DuplicateTokenEx","","","bind","","ReleaseDC",""
"","","","","","","ConnectNamedPipe","","","","SetServiceStatus","","","recvfrom","","SetClipboardData",""
"","","","","","","SetFileAttributesA","","","","CreateProcessAsUserA","","","sendto","","mouse_event",""
"","","","","","","GetOEMCP","","","","GetSecurityDescriptorDacl","","","","","SendMessageA",""
"","","","","","","LocalFree","","","","LockServiceDatabase","","","","","CloseClipboard",""
"","","","","","","MoveFileA","","","","RegEnumKeyA","","","","","GetClipboardData",""
"","","","","","","ResumeThread","","","","RegDeleteValueA","","","","","GetCursorPos",""
"","","","","","","InitializeCriticalSection","","","","RegEnumKeyExA","","","","","RegisterClassA",""
"","","","","","","FindClose","","","","RegisterServiceCtrlHandlerA","","","","","OpenDesktopA",""
"","","","","","","InterlockedDecrement","","","","EnumServicesStatusA","","","","","CloseWindowStation",""
"","","","","","","FormatMessageA","","","","ClearEventLogA","","","","","GetWindowLongA",""
"","","","","","","OutputDebugStringA","","","","RevertToSelf","","","","","GetWindowTextLengthA",""
"","","","","","","SetLastError","","","","StartServiceCtrlDispatcherA","","","","","CreateWindowExA",""
"","","","","","","GetSystemTime","","","","BuildTrusteeWithSidA","","","","","LoadCursorA",""
"","","","","","","WriteProcessMemory","","","","ChangeServiceConfigA","","","","","LoadIconA",""
"","","","","","","GetModuleFileNameW","","","","ImpersonateLoggedOnUser","","","","","AttachThreadInput",""
"","","","","","","IsDebuggerPresent","","","","AllocateAndInitializeSid","","","","","CloseDesktop",""
"","","","","","","ExitProcess","","","","RegSetValueExA","","","","","EnumDesktopWindows",""
"","","","","","","FlushFileBuffers","","","","StartServiceA","","","","","GetClassNameA",""
"","","","","","","GetModuleFileNameA","","","","RegEnumValueA","","","","","GetFocus",""
"","","","","","","FreeLibrary","","","","FreeSid","","","","","OpenInputDesktop",""
"","","","","","","GetVolumeInformationA","","","","GetKernelObjectSecurity","","","","","GetWindowTextA",""
"","","","","","","LoadLibraryExA","","","","SetKernelObjectSecurity","","","","","OpenClipboard",""
"","","","","","","GetPrivateProfileStringA","","","","","","","","","ExitWindowsEx",""
"","","","","","","Module32First","","","","","","","","","IsDialogMessageA",""
"","","","","","","TlsGetValue","","","","","","","","","DestroyWindow",""
"","","","","","","MultiByteToWideChar","","","","","","","","","",""
"","","","","","","GetLocalTime","","","","","","","","","",""
"","","","","","","SetFilePointerEx","","","","","","","","","",""
"","","","","","","LeaveCriticalSection","","","","","","","","","",""
"","","","","","","CreateMutexA","","","","","","","","","",""
"","","","","","","GetModuleHandleA","","","","","","","","","",""
"","","","","","","GlobalMemoryStatus","","","","","","","","","",""
"","","","","","","InterlockedExchangeAdd","","","","","","","","","",""
"","","","","","","CreateThread","","","","","","","","","",""
"","","","","","","DisconnectNamedPipe","","","","","","","","","",""
"","","","","","","Module32Next","","","","","","","","","",""
"","","","","","","SetUnhandledExceptionFilter","","","","","","","","","",""
"","","","","","","IsProcessorFeaturePresent","","","","","","","","","",""
"","","","","","","GetSystemDirectoryA","","","","","","","","","",""
"","","","","","","DecodePointer","","","","","","","","","",""
"","","","","","","SetThreadContext","","","","","","","","","",""
"","","","","","","GetDiskFreeSpaceExA","","","","","","","","","",""
"","","","","","","VirtualQuery","","","","","","","","","",""
"","","","","","","LocalFileTimeToFileTime","","","","","","","","","",""
"","","","","","","VirtualQueryEx","","","","","","","","","",""
"","","","","","","SetEndOfFile","","","","","","","","","",""
"","","","","","","GetCurrentThreadId","","","","","","","","","",""
"","","","","","","GetProcAddress","","","","","","","","","",""
"","","","","","","WriteConsoleW","","","","","","","","","",""
"","","","","","","CreateToolhelp32Snapshot","","","","","","","","","",""
"","","","","","","InitializeCriticalSectionAndSpinCount","","","","","","","","","",""
"","","","","","","HeapFree","","","","","","","","","",""
"","","","","","","EnterCriticalSection","","","","","","","","","",""
"","","","","","","PeekNamedPipe","","","","","","","","","",""
"","","","","","","SetHandleCount","","","","","","","","","",""
"","","","","","","LoadLibraryW","","","","","","","","","",""
"","","","","","","GetExitCodeProcess","","","","","","","","","",""
"","","","","","","QueryPerformanceCounter","","","","","","","","","",""
"","","","","","","GetTickCount","","","","","","","","","",""
"","","","","","","TlsAlloc","","","","","","","","","",""
"","","","","","","GetVersionExA","","","","","","","","","",""
"","","","","","","LoadLibraryA","","","","","","","","","",""
"","","","","","","RtlUnwind","","","","","","","","","",""
"","","","","","","Process32Next","","","","","","","","","",""
"","","","","","","CreateRemoteThread","","","","","","","","","",""
"","","","","","","GetStartupInfoA","","","","","","","","","",""
"","","","","","","GetDateFormatA","","","","","","","","","",""
"","","","","","","WinExec","","","","","","","","","",""
"","","","","","","MoveFileExA","","","","","","","","","",""
"","","","","","","GetFileSize","","","","","","","","","",""
"","","","","","","OpenProcess","","","","","","","","","",""
"","","","","","","GetPrivateProfileIntA","","","","","","","","","",""
"","","","","","","CreateDirectoryA","","","","","","","","","",""
"","","","","","","DeleteFileA","","","","","","","","","",""
"","","","","","","GetWindowsDirectoryA","","","","","","","","","",""
"","","","","","","GetStartupInfoW","","","","","","","","","",""
"","","","","","","ReadProcessMemory","","","","","","","","","",""
"","","","","","","GlobalLock","","","","","","","","","",""
"","","","","","","VirtualProtectEx","","","","","","","","","",""
"","","","","","","GetProcessHeap","","","","","","","","","",""
"","","","","","","GetFileSizeEx","","","","","","","","","",""
"","","","","","","FindFirstFileA","","","","","","","","","",""
"","","","","","","WTSGetActiveConsoleSessionId","","","","","","","","","",""
"","","","","","","lstrcpyA","","","","","","","","","",""
"","","","","","","GetTempFileNameA","","","","","","","","","",""
"","","","","","","FindNextFileA","","","","","","","","","",""
"","","","","","","IsValidLocale","","","","","","","","","",""
"","","","","","","GetUserDefaultLCID","","","","","","","","","",""
"","","","","","","CreateFileW","","","","","","","","","",""
"","","","","","","CreateEventA","","","","","","","","","",""
"","","","","","","GetFileType","","","","","","","","","",""
"","","","","","","TlsSetValue","","","","","","","","","",""
"","","","","","","CreateFileA","","","","","","","","","",""
"","","","","","","HeapAlloc","","","","","","","","","",""
"","","","","","","InterlockedIncrement","","","","","","","","","",""
"","","","","","","GetLastError","","","","","","","","","",""
"","","","","","","SystemTimeToFileTime","","","","","","","","","",""
"","","","","","","LCMapStringW","","","","","","","","","",""
"","","","","","","VirtualAllocEx","","","","","","","","","",""
"","","","","","","GetSystemInfo","","","","","","","","","",""
"","","","","","","lstrlenA","","","","","","","","","",""
"","","","","","","GetConsoleCP","","","","","","","","","",""
"","","","","","","DeleteCriticalSection","","","","","","","","","",""
"","","","","","","GetEnvironmentStringsW","","","","","","","","","",""
"","","","","","","GlobalUnlock","","","","","","","","","",""
"","","","","","","GlobalAlloc","","","","","","","","","",""
"","","","","","","CreateNamedPipeA","","","","","","","","","",""
"","","","","","","RemoveDirectoryA","","","","","","","","","",""
"","","","","","","GetShortPathNameA","","","","","","","","","",""
"","","","","","","GetCurrentProcessId","","","","","","","","","",""
"","","","","","","ProcessIdToSessionId","","","","","","","","","",""
"","","","","","","lstrlenW","","","","","","","","","",""
"","","","","","","WideCharToMultiByte","","","","","","","","","",""
"","","","","","","HeapSize","","","","","","","","","",""
"","","","","","","GetCommandLineA","","","","","","","","","",""
"","","","","","","RaiseException","","","","","","","","","",""
"","","","","","","TlsFree","","","","","","","","","",""
"","","","","","","SetFilePointer","","","","","","","","","",""
"","","","","","","ReadFile","","","","","","","","","",""
"","","","","","","CloseHandle","","","","","","","","","",""
"","","","","","","Process32First","","","","","","","","","",""
"","","","","","","EnumSystemLocalesA","","","","","","","","","",""
"","","","","","","GetACP","","","","","","","","","",""
"","","","","","","GetModuleHandleW","","","","","","","","","",""
"","","","","","","CreateProcessA","","","","","","","","","",""
"","","","","","","IsValidCodePage","","","","","","","","","",""
"","","","","","","HeapCreate","","","","","","","","","",""
"","","","","","","VirtualFree","","","","","","","","","",""
"","","","","","","Sleep","","","","","","","","","",""
"","","","","","","TerminateProcess","","","","","","","","","",""
"","","","","","","VirtualAlloc","","","","","","","","","",""
