"Process.Name","PID","Operation","Detail","Path"
"d4e97a18be820a1a3af639c9bca21c5f85a3f49a37275b37fd012faeffcb7c4a.exe",6752,"Load Image","Image Base: 0x400000, Image Size: 0x12000","C:\Program Files\d4e97a18be820a1a3af639c9bca21c5f85a3f49a37275b37fd012faeffcb7c4a.exe"
"d4e97a18be820a1a3af639c9bca21c5f85a3f49a37275b37fd012faeffcb7c4a.exe",6752,"Load Image","Image Base: 0x7ff92bf90000, Image Size: 0x1ed000","C:\Windows\System32\ntdll.dll"
"d4e97a18be820a1a3af639c9bca21c5f85a3f49a37275b37fd012faeffcb7c4a.exe",6752,"Load Image","Image Base: 0x77500000, Image Size: 0x19c000","C:\Windows\SysWOW64\ntdll.dll"
"d4e97a18be820a1a3af639c9bca21c5f85a3f49a37275b37fd012faeffcb7c4a.exe",6752,"CreateFile","Desired Access: Generic Read, Disposition: Open, Options: Synchronous IO Non-Alert, Attributes: n/a, ShareMode: None, AllocationSize: n/a","C:\Windows\Prefetch\D4E97A18BE820A1A3AF639C9BCA21-FFCB1F46.pf"
"d4e97a18be820a1a3af639c9bca21c5f85a3f49a37275b37fd012faeffcb7c4a.exe",6752,"CreateFile","Desired Access: Execute/Traverse, Synchronize, Disposition: Open, Options: Directory, Synchronous IO Non-Alert, Attributes: n/a, ShareMode: Read, Write, AllocationSize: n/a, OpenResult: Opened","C:\Windows"
"d4e97a18be820a1a3af639c9bca21c5f85a3f49a37275b37fd012faeffcb7c4a.exe",6752,"Load Image","Image Base: 0x7ff92b4a0000, Image Size: 0x53000","C:\Windows\System32\wow64.dll"
"d4e97a18be820a1a3af639c9bca21c5f85a3f49a37275b37fd012faeffcb7c4a.exe",6752,"Load Image","Image Base: 0x7ff92bcd0000, Image Size: 0x7c000","C:\Windows\System32\wow64win.dll"
"d4e97a18be820a1a3af639c9bca21c5f85a3f49a37275b37fd012faeffcb7c4a.exe",6752,"CreateFile","Desired Access: Read Attributes, Disposition: Open, Options: Open Reparse Point, Attributes: n/a, ShareMode: Read, Write, Delete, AllocationSize: n/a","C:\Windows\System32\wow64log.dll"
"d4e97a18be820a1a3af639c9bca21c5f85a3f49a37275b37fd012faeffcb7c4a.exe",6752,"CreateFile","Desired Access: Read Attributes, Synchronize, Disposition: Open, Options: Synchronous IO Non-Alert, Attributes: n/a, ShareMode: Read, Write, Delete, AllocationSize: n/a, OpenResult: Opened","C:\Windows"
"d4e97a18be820a1a3af639c9bca21c5f85a3f49a37275b37fd012faeffcb7c4a.exe",6752,"Load Image","Image Base: 0x774f0000, Image Size: 0x9000","C:\Windows\System32\wow64cpu.dll"
"d4e97a18be820a1a3af639c9bca21c5f85a3f49a37275b37fd012faeffcb7c4a.exe",6752,"CreateFile","Desired Access: Execute/Traverse, Synchronize, Disposition: Open, Options: Directory, Synchronous IO Non-Alert, Attributes: n/a, ShareMode: Read, Write, AllocationSize: n/a, OpenResult: Opened","C:\Program Files"
"d4e97a18be820a1a3af639c9bca21c5f85a3f49a37275b37fd012faeffcb7c4a.exe",6752,"Load Image","Image Base: 0x74ec0000, Image Size: 0xe0000","C:\Windows\SysWOW64\kernel32.dll"
"d4e97a18be820a1a3af639c9bca21c5f85a3f49a37275b37fd012faeffcb7c4a.exe",6752,"Load Image","Image Base: 0x77110000, Image Size: 0x1f9000","C:\Windows\SysWOW64\KernelBase.dll"
"d4e97a18be820a1a3af639c9bca21c5f85a3f49a37275b37fd012faeffcb7c4a.exe",6752,"CreateFile","Desired Access: Read Attributes, Disposition: Open, Options: Open Reparse Point, Attributes: n/a, ShareMode: Read, Write, Delete, AllocationSize: n/a, OpenResult: Opened","C:\Windows\SysWOW64\apphelp.dll"
"d4e97a18be820a1a3af639c9bca21c5f85a3f49a37275b37fd012faeffcb7c4a.exe",6752,"CreateFile","Desired Access: Read Data/List Directory, Execute/Traverse, Synchronize, Disposition: Open, Options: Synchronous IO Non-Alert, Non-Directory File, Attributes: n/a, ShareMode: Read, Delete, AllocationSize: n/a, OpenResult: Opened","C:\Windows\SysWOW64\apphelp.dll"
"d4e97a18be820a1a3af639c9bca21c5f85a3f49a37275b37fd012faeffcb7c4a.exe",6752,"Load Image","Image Base: 0x74ab0000, Image Size: 0x9c000","C:\Windows\SysWOW64\apphelp.dll"
"d4e97a18be820a1a3af639c9bca21c5f85a3f49a37275b37fd012faeffcb7c4a.exe",6752,"CreateFile","Desired Access: Read Control, Disposition: Open, Options: , Attributes: n/a, ShareMode: Read, Delete, AllocationSize: n/a, OpenResult: Opened","C:\Program Files\d4e97a18be820a1a3af639c9bca21c5f85a3f49a37275b37fd012faeffcb7c4a.exe"
"d4e97a18be820a1a3af639c9bca21c5f85a3f49a37275b37fd012faeffcb7c4a.exe",6752,"CreateFile","Desired Access: Read Control, Disposition: Open, Options: , Attributes: n/a, ShareMode: Read, Delete, AllocationSize: n/a, OpenResult: Opened","C:\Windows\SysWOW64\ntdll.dll"
"d4e97a18be820a1a3af639c9bca21c5f85a3f49a37275b37fd012faeffcb7c4a.exe",6752,"CreateFile","Desired Access: Read Control, Disposition: Open, Options: , Attributes: n/a, ShareMode: Read, Delete, AllocationSize: n/a, OpenResult: Opened","C:\Windows\SysWOW64\kernel32.dll"
"d4e97a18be820a1a3af639c9bca21c5f85a3f49a37275b37fd012faeffcb7c4a.exe",6752,"CreateFile","Desired Access: Read Control, Disposition: Open, Options: , Attributes: n/a, ShareMode: Read, Delete, AllocationSize: n/a, OpenResult: Opened","C:\Windows\SysWOW64\KernelBase.dll"
"d4e97a18be820a1a3af639c9bca21c5f85a3f49a37275b37fd012faeffcb7c4a.exe",6752,"CreateFile","Desired Access: Generic Read, Disposition: Open, Options: Synchronous IO Non-Alert, Non-Directory File, Attributes: N, ShareMode: Read, Delete, AllocationSize: n/a, OpenResult: Opened","C:\Windows\apppatch\sysmain.sdb"
"d4e97a18be820a1a3af639c9bca21c5f85a3f49a37275b37fd012faeffcb7c4a.exe",6752,"CreateFile","Desired Access: Generic Read, Disposition: Open, Options: Synchronous IO Non-Alert, Non-Directory File, Attributes: N, ShareMode: Read, AllocationSize: n/a, OpenResult: Opened","C:\Program Files\d4e97a18be820a1a3af639c9bca21c5f85a3f49a37275b37fd012faeffcb7c4a.exe"
"d4e97a18be820a1a3af639c9bca21c5f85a3f49a37275b37fd012faeffcb7c4a.exe",6752,"CreateFile","Desired Access: Generic Read, Disposition: Open, Options: Synchronous IO Non-Alert, Non-Directory File, Attributes: N, ShareMode: Read, AllocationSize: n/a, OpenResult: Opened","C:\Windows\apppatch\sysmain.sdb"
"d4e97a18be820a1a3af639c9bca21c5f85a3f49a37275b37fd012faeffcb7c4a.exe",6752,"CreateFile","Desired Access: Generic Read, Disposition: Open, Options: Synchronous IO Non-Alert, Non-Directory File, Attributes: N, ShareMode: Read, AllocationSize: n/a, OpenResult: Opened","C:\Program Files\d4e97a18be820a1a3af639c9bca21c5f85a3f49a37275b37fd012faeffcb7c4a.exe"
"d4e97a18be820a1a3af639c9bca21c5f85a3f49a37275b37fd012faeffcb7c4a.exe",6752,"CreateFile","Desired Access: Generic Read, Disposition: Open, Options: Synchronous IO Non-Alert, Non-Directory File, Attributes: N, ShareMode: Read, AllocationSize: n/a, OpenResult: Opened","C:\Program Files\d4e97a18be820a1a3af639c9bca21c5f85a3f49a37275b37fd012faeffcb7c4a.exe"
"d4e97a18be820a1a3af639c9bca21c5f85a3f49a37275b37fd012faeffcb7c4a.exe",6752,"CreateFile","Desired Access: Generic Read, Disposition: Open, Options: Synchronous IO Non-Alert, Non-Directory File, Attributes: N, ShareMode: Read, AllocationSize: n/a, OpenResult: Opened","C:\Windows\apppatch\sysmain.sdb"
"d4e97a18be820a1a3af639c9bca21c5f85a3f49a37275b37fd012faeffcb7c4a.exe",6752,"Load Image","Image Base: 0x769c0000, Image Size: 0x7e000","C:\Windows\SysWOW64\advapi32.dll"
"d4e97a18be820a1a3af639c9bca21c5f85a3f49a37275b37fd012faeffcb7c4a.exe",6752,"Load Image","Image Base: 0x74b80000, Image Size: 0xc0000","C:\Windows\SysWOW64\msvcrt.dll"
"d4e97a18be820a1a3af639c9bca21c5f85a3f49a37275b37fd012faeffcb7c4a.exe",6752,"Load Image","Image Base: 0x757d0000, Image Size: 0x79000","C:\Windows\SysWOW64\sechost.dll"
"d4e97a18be820a1a3af639c9bca21c5f85a3f49a37275b37fd012faeffcb7c4a.exe",6752,"Load Image","Image Base: 0x76c40000, Image Size: 0xbf000","C:\Windows\SysWOW64\rpcrt4.dll"
"d4e97a18be820a1a3af639c9bca21c5f85a3f49a37275b37fd012faeffcb7c4a.exe",6752,"Load Image","Image Base: 0x74b60000, Image Size: 0x20000","C:\Windows\SysWOW64\sspicli.dll"
"d4e97a18be820a1a3af639c9bca21c5f85a3f49a37275b37fd012faeffcb7c4a.exe",6752,"Load Image","Image Base: 0x74b50000, Image Size: 0xa000","C:\Windows\SysWOW64\cryptbase.dll"
"d4e97a18be820a1a3af639c9bca21c5f85a3f49a37275b37fd012faeffcb7c4a.exe",6752,"Load Image","Image Base: 0x76570000, Image Size: 0x62000","C:\Windows\SysWOW64\bcryptprimitives.dll"
"d4e97a18be820a1a3af639c9bca21c5f85a3f49a37275b37fd012faeffcb7c4a.exe",6752,"CreateFile","Desired Access: Read Attributes, Disposition: Open, Options: Open Reparse Point, Attributes: n/a, ShareMode: Read, Write, Delete, AllocationSize: n/a","C:\Program Files\WTSAPI32.dll"
"d4e97a18be820a1a3af639c9bca21c5f85a3f49a37275b37fd012faeffcb7c4a.exe",6752,"CreateFile","Desired Access: Read Attributes, Disposition: Open, Options: Open Reparse Point, Attributes: n/a, ShareMode: Read, Write, Delete, AllocationSize: n/a, OpenResult: Opened","C:\Windows\SysWOW64\wtsapi32.dll"
"d4e97a18be820a1a3af639c9bca21c5f85a3f49a37275b37fd012faeffcb7c4a.exe",6752,"CreateFile","Desired Access: Read Data/List Directory, Execute/Traverse, Synchronize, Disposition: Open, Options: Synchronous IO Non-Alert, Non-Directory File, Attributes: n/a, ShareMode: Read, Delete, AllocationSize: n/a, OpenResult: Opened","C:\Windows\SysWOW64\wtsapi32.dll"
"d4e97a18be820a1a3af639c9bca21c5f85a3f49a37275b37fd012faeffcb7c4a.exe",6752,"Load Image","Image Base: 0x71b60000, Image Size: 0xf000","C:\Windows\SysWOW64\wtsapi32.dll"
"d4e97a18be820a1a3af639c9bca21c5f85a3f49a37275b37fd012faeffcb7c4a.exe",6752,"CreateFile","Desired Access: Read Control, Disposition: Open, Options: , Attributes: n/a, ShareMode: Read, Delete, AllocationSize: n/a, OpenResult: Opened","C:\Windows\SysWOW64\msvcrt.dll"
"d4e97a18be820a1a3af639c9bca21c5f85a3f49a37275b37fd012faeffcb7c4a.exe",6752,"CreateFile","Desired Access: Read Control, Disposition: Open, Options: , Attributes: n/a, ShareMode: Read, Delete, AllocationSize: n/a, OpenResult: Opened","C:\Windows\SysWOW64\wtsapi32.dll"
"d4e97a18be820a1a3af639c9bca21c5f85a3f49a37275b37fd012faeffcb7c4a.exe",6752,"CreateFile","Desired Access: Read Control, Disposition: Open, Options: , Attributes: n/a, ShareMode: Read, Delete, AllocationSize: n/a, OpenResult: Opened","C:\Windows\SysWOW64\bcryptprimitives.dll"
"d4e97a18be820a1a3af639c9bca21c5f85a3f49a37275b37fd012faeffcb7c4a.exe",6752,"CreateFile","Desired Access: Read Control, Disposition: Open, Options: , Attributes: n/a, ShareMode: Read, Delete, AllocationSize: n/a, OpenResult: Opened","C:\Windows\SysWOW64\cryptbase.dll"
"d4e97a18be820a1a3af639c9bca21c5f85a3f49a37275b37fd012faeffcb7c4a.exe",6752,"CreateFile","Desired Access: Read Control, Disposition: Open, Options: , Attributes: n/a, ShareMode: Read, Delete, AllocationSize: n/a, OpenResult: Opened","C:\Windows\SysWOW64\sspicli.dll"
"d4e97a18be820a1a3af639c9bca21c5f85a3f49a37275b37fd012faeffcb7c4a.exe",6752,"CreateFile","Desired Access: Read Control, Disposition: Open, Options: , Attributes: n/a, ShareMode: Read, Delete, AllocationSize: n/a, OpenResult: Opened","C:\Windows\SysWOW64\rpcrt4.dll"
"d4e97a18be820a1a3af639c9bca21c5f85a3f49a37275b37fd012faeffcb7c4a.exe",6752,"CreateFile","Desired Access: Read Control, Disposition: Open, Options: , Attributes: n/a, ShareMode: Read, Delete, AllocationSize: n/a, OpenResult: Opened","C:\Windows\SysWOW64\sechost.dll"
"d4e97a18be820a1a3af639c9bca21c5f85a3f49a37275b37fd012faeffcb7c4a.exe",6752,"CreateFile","Desired Access: Read Control, Disposition: Open, Options: , Attributes: n/a, ShareMode: Read, Delete, AllocationSize: n/a, OpenResult: Opened","C:\Windows\SysWOW64\advapi32.dll"
"d4e97a18be820a1a3af639c9bca21c5f85a3f49a37275b37fd012faeffcb7c4a.exe",6752,"CreateFile","Desired Access: Generic Read, Disposition: Open, Options: Synchronous IO Non-Alert, Non-Directory File, Attributes: n/a, ShareMode: Read, Write, AllocationSize: n/a, OpenResult: Opened","C:\Program Files\d4e97a18be820a1a3af639c9bca21c5f85a3f49a37275b37fd012faeffcb7c4a.exe"
"d4e97a18be820a1a3af639c9bca21c5f85a3f49a37275b37fd012faeffcb7c4a.exe",6752,"ReadFile","Offset: 0, Length: 118,784, Priority: Normal","C:\Program Files\d4e97a18be820a1a3af639c9bca21c5f85a3f49a37275b37fd012faeffcb7c4a.exe"
"d4e97a18be820a1a3af639c9bca21c5f85a3f49a37275b37fd012faeffcb7c4a.exe",6752,"Load Image","Image Base: 0x76aa0000, Image Size: 0x19a000","C:\Windows\SysWOW64\user32.dll"
"d4e97a18be820a1a3af639c9bca21c5f85a3f49a37275b37fd012faeffcb7c4a.exe",6752,"Load Image","Image Base: 0x76810000, Image Size: 0x17000","C:\Windows\SysWOW64\win32u.dll"
"d4e97a18be820a1a3af639c9bca21c5f85a3f49a37275b37fd012faeffcb7c4a.exe",6752,"Load Image","Image Base: 0x770e0000, Image Size: 0x23000","C:\Windows\SysWOW64\gdi32.dll"
"d4e97a18be820a1a3af639c9bca21c5f85a3f49a37275b37fd012faeffcb7c4a.exe",6752,"Load Image","Image Base: 0x75660000, Image Size: 0x166000","C:\Windows\SysWOW64\gdi32full.dll"
"d4e97a18be820a1a3af639c9bca21c5f85a3f49a37275b37fd012faeffcb7c4a.exe",6752,"Load Image","Image Base: 0x77350000, Image Size: 0x80000","C:\Windows\SysWOW64\msvcp_win.dll"
"d4e97a18be820a1a3af639c9bca21c5f85a3f49a37275b37fd012faeffcb7c4a.exe",6752,"Load Image","Image Base: 0x75530000, Image Size: 0x122000","C:\Windows\SysWOW64\ucrtbase.dll"
"d4e97a18be820a1a3af639c9bca21c5f85a3f49a37275b37fd012faeffcb7c4a.exe",6752,"CreateFile","Desired Access: Read Control, Disposition: Open, Options: , Attributes: n/a, ShareMode: Read, Delete, AllocationSize: n/a, OpenResult: Opened","C:\Windows\SysWOW64\win32u.dll"
"d4e97a18be820a1a3af639c9bca21c5f85a3f49a37275b37fd012faeffcb7c4a.exe",6752,"CreateFile","Desired Access: Read Control, Disposition: Open, Options: , Attributes: n/a, ShareMode: Read, Delete, AllocationSize: n/a, OpenResult: Opened","C:\Windows\SysWOW64\ucrtbase.dll"
"d4e97a18be820a1a3af639c9bca21c5f85a3f49a37275b37fd012faeffcb7c4a.exe",6752,"CreateFile","Desired Access: Read Control, Disposition: Open, Options: , Attributes: n/a, ShareMode: Read, Delete, AllocationSize: n/a, OpenResult: Opened","C:\Windows\SysWOW64\msvcp_win.dll"
"d4e97a18be820a1a3af639c9bca21c5f85a3f49a37275b37fd012faeffcb7c4a.exe",6752,"CreateFile","Desired Access: Read Control, Disposition: Open, Options: , Attributes: n/a, ShareMode: Read, Delete, AllocationSize: n/a, OpenResult: Opened","C:\Windows\SysWOW64\gdi32full.dll"
"d4e97a18be820a1a3af639c9bca21c5f85a3f49a37275b37fd012faeffcb7c4a.exe",6752,"CreateFile","Desired Access: Read Control, Disposition: Open, Options: , Attributes: n/a, ShareMode: Read, Delete, AllocationSize: n/a, OpenResult: Opened","C:\Windows\SysWOW64\gdi32.dll"
"d4e97a18be820a1a3af639c9bca21c5f85a3f49a37275b37fd012faeffcb7c4a.exe",6752,"CreateFile","Desired Access: Read Control, Disposition: Open, Options: , Attributes: n/a, ShareMode: Read, Delete, AllocationSize: n/a, OpenResult: Opened","C:\Windows\SysWOW64\user32.dll"
"d4e97a18be820a1a3af639c9bca21c5f85a3f49a37275b37fd012faeffcb7c4a.exe",6752,"CreateFile","Desired Access: Read Attributes, Disposition: Open, Options: Open Reparse Point, Attributes: n/a, ShareMode: Read, Write, Delete, AllocationSize: n/a, OpenResult: Opened","C:\Windows\SysWOW64\imm32.dll"
"d4e97a18be820a1a3af639c9bca21c5f85a3f49a37275b37fd012faeffcb7c4a.exe",6752,"CreateFile","Desired Access: Read Data/List Directory, Synchronize, Disposition: Open, Options: Synchronous IO Non-Alert, Non-Directory File, Attributes: n/a, ShareMode: Read, Delete, AllocationSize: n/a, OpenResult: Opened","C:\Windows\SysWOW64\imm32.dll"
"d4e97a18be820a1a3af639c9bca21c5f85a3f49a37275b37fd012faeffcb7c4a.exe",6752,"Load Image","Image Base: 0x758c0000, Image Size: 0x25000","C:\Windows\SysWOW64\imm32.dll"
"d4e97a18be820a1a3af639c9bca21c5f85a3f49a37275b37fd012faeffcb7c4a.exe",6752,"CreateFile","Desired Access: Read Control, Disposition: Open, Options: , Attributes: n/a, ShareMode: Read, Delete, AllocationSize: n/a, OpenResult: Opened","C:\Windows\SysWOW64\imm32.dll"
"d4e97a18be820a1a3af639c9bca21c5f85a3f49a37275b37fd012faeffcb7c4a.exe",6752,"Load Image","Image Base: 0x758f0000, Image Size: 0x553000","C:\Windows\SysWOW64\shell32.dll"
"d4e97a18be820a1a3af639c9bca21c5f85a3f49a37275b37fd012faeffcb7c4a.exe",6752,"Load Image","Image Base: 0x77310000, Image Size: 0x3b000","C:\Windows\SysWOW64\cfgmgr32.dll"
"d4e97a18be820a1a3af639c9bca21c5f85a3f49a37275b37fd012faeffcb7c4a.exe",6752,"Load Image","Image Base: 0x773d0000, Image Size: 0x89000","C:\Windows\SysWOW64\SHCore.dll"
"d4e97a18be820a1a3af639c9bca21c5f85a3f49a37275b37fd012faeffcb7c4a.exe",6752,"Load Image","Image Base: 0x74c40000, Image Size: 0x278000","C:\Windows\SysWOW64\combase.dll"
"d4e97a18be820a1a3af639c9bca21c5f85a3f49a37275b37fd012faeffcb7c4a.exe",6752,"Load Image","Image Base: 0x75e50000, Image Size: 0x5fe000","C:\Windows\SysWOW64\windows.storage.dll"
"d4e97a18be820a1a3af639c9bca21c5f85a3f49a37275b37fd012faeffcb7c4a.exe",6752,"Load Image","Image Base: 0x75410000, Image Size: 0x1c000","C:\Windows\SysWOW64\profapi.dll"
"d4e97a18be820a1a3af639c9bca21c5f85a3f49a37275b37fd012faeffcb7c4a.exe",6752,"Load Image","Image Base: 0x75860000, Image Size: 0x54000","C:\Windows\SysWOW64\powrprof.dll"
"d4e97a18be820a1a3af639c9bca21c5f85a3f49a37275b37fd012faeffcb7c4a.exe",6752,"Load Image","Image Base: 0x76470000, Image Size: 0x44000","C:\Windows\SysWOW64\shlwapi.dll"
"d4e97a18be820a1a3af639c9bca21c5f85a3f49a37275b37fd012faeffcb7c4a.exe",6752,"Load Image","Image Base: 0x76450000, Image Size: 0xf000","C:\Windows\SysWOW64\kernel.appcore.dll"
"d4e97a18be820a1a3af639c9bca21c5f85a3f49a37275b37fd012faeffcb7c4a.exe",6752,"Load Image","Image Base: 0x77060000, Image Size: 0x12000","C:\Windows\SysWOW64\cryptsp.dll"
"d4e97a18be820a1a3af639c9bca21c5f85a3f49a37275b37fd012faeffcb7c4a.exe",6752,"CreateFile","Desired Access: Read Control, Disposition: Open, Options: , Attributes: n/a, ShareMode: Read, Delete, AllocationSize: n/a, OpenResult: Opened","C:\Windows\SysWOW64\cfgmgr32.dll"
"d4e97a18be820a1a3af639c9bca21c5f85a3f49a37275b37fd012faeffcb7c4a.exe",6752,"CreateFile","Desired Access: Read Control, Disposition: Open, Options: , Attributes: n/a, ShareMode: Read, Delete, AllocationSize: n/a, OpenResult: Opened","C:\Windows\SysWOW64\combase.dll"
"d4e97a18be820a1a3af639c9bca21c5f85a3f49a37275b37fd012faeffcb7c4a.exe",6752,"CreateFile","Desired Access: Read Control, Disposition: Open, Options: , Attributes: n/a, ShareMode: Read, Delete, AllocationSize: n/a, OpenResult: Opened","C:\Windows\SysWOW64\SHCore.dll"
"d4e97a18be820a1a3af639c9bca21c5f85a3f49a37275b37fd012faeffcb7c4a.exe",6752,"CreateFile","Desired Access: Read Control, Disposition: Open, Options: , Attributes: n/a, ShareMode: Read, Delete, AllocationSize: n/a, OpenResult: Opened","C:\Windows\SysWOW64\profapi.dll"
"d4e97a18be820a1a3af639c9bca21c5f85a3f49a37275b37fd012faeffcb7c4a.exe",6752,"CreateFile","Desired Access: Read Control, Disposition: Open, Options: , Attributes: n/a, ShareMode: Read, Delete, AllocationSize: n/a, OpenResult: Opened","C:\Windows\SysWOW64\powrprof.dll"
"d4e97a18be820a1a3af639c9bca21c5f85a3f49a37275b37fd012faeffcb7c4a.exe",6752,"CreateFile","Desired Access: Read Control, Disposition: Open, Options: , Attributes: n/a, ShareMode: Read, Delete, AllocationSize: n/a, OpenResult: Opened","C:\Windows\SysWOW64\shlwapi.dll"
"d4e97a18be820a1a3af639c9bca21c5f85a3f49a37275b37fd012faeffcb7c4a.exe",6752,"CreateFile","Desired Access: Read Control, Disposition: Open, Options: , Attributes: n/a, ShareMode: Read, Delete, AllocationSize: n/a, OpenResult: Opened","C:\Windows\SysWOW64\kernel.appcore.dll"
"d4e97a18be820a1a3af639c9bca21c5f85a3f49a37275b37fd012faeffcb7c4a.exe",6752,"CreateFile","Desired Access: Read Control, Disposition: Open, Options: , Attributes: n/a, ShareMode: Read, Delete, AllocationSize: n/a, OpenResult: Opened","C:\Windows\SysWOW64\windows.storage.dll"
"d4e97a18be820a1a3af639c9bca21c5f85a3f49a37275b37fd012faeffcb7c4a.exe",6752,"CreateFile","Desired Access: Read Control, Disposition: Open, Options: , Attributes: n/a, ShareMode: Read, Delete, AllocationSize: n/a, OpenResult: Opened","C:\Windows\SysWOW64\cryptsp.dll"
"d4e97a18be820a1a3af639c9bca21c5f85a3f49a37275b37fd012faeffcb7c4a.exe",6752,"CreateFile","Desired Access: Read Control, Disposition: Open, Options: , Attributes: n/a, ShareMode: Read, Delete, AllocationSize: n/a, OpenResult: Opened","C:\Windows\SysWOW64\shell32.dll"
"d4e97a18be820a1a3af639c9bca21c5f85a3f49a37275b37fd012faeffcb7c4a.exe",6752,"Load Image","Image Base: 0x76ea0000, Image Size: 0xfc000","C:\Windows\SysWOW64\ole32.dll"
"d4e97a18be820a1a3af639c9bca21c5f85a3f49a37275b37fd012faeffcb7c4a.exe",6752,"CreateFile","Desired Access: Read Control, Disposition: Open, Options: , Attributes: n/a, ShareMode: Read, Delete, AllocationSize: n/a, OpenResult: Opened","C:\Windows\SysWOW64\ole32.dll"
"d4e97a18be820a1a3af639c9bca21c5f85a3f49a37275b37fd012faeffcb7c4a.exe",6752,"CreateFile","Desired Access: Read Attributes, Disposition: Open, Options: Open Reparse Point, Attributes: n/a, ShareMode: Read, Write, Delete, AllocationSize: n/a, OpenResult: Opened","C:\Windows\SysWOW64\oleaut32.dll"
"d4e97a18be820a1a3af639c9bca21c5f85a3f49a37275b37fd012faeffcb7c4a.exe",6752,"CreateFile","Desired Access: Read Data/List Directory, Synchronize, Disposition: Open, Options: Synchronous IO Non-Alert, Non-Directory File, Attributes: n/a, ShareMode: Read, Delete, AllocationSize: n/a, OpenResult: Opened","C:\Windows\SysWOW64\oleaut32.dll"
"d4e97a18be820a1a3af639c9bca21c5f85a3f49a37275b37fd012faeffcb7c4a.exe",6752,"CreateFile","Desired Access: Read Attributes, Disposition: Open, Options: Open Reparse Point, Attributes: n/a, ShareMode: Read, Write, Delete, AllocationSize: n/a, OpenResult: Opened","C:\Program Files\d4e97a18be820a1a3af639c9bca21c5f85a3f49a37275b37fd012faeffcb7c4a.exe"
"d4e97a18be820a1a3af639c9bca21c5f85a3f49a37275b37fd012faeffcb7c4a.exe",6752,"CreateFile","Desired Access: Read Data/List Directory, Synchronize, Disposition: Open, Options: Directory, Synchronous IO Non-Alert, Attributes: n/a, ShareMode: Read, Write, Delete, AllocationSize: n/a, OpenResult: Opened","C:\"
"d4e97a18be820a1a3af639c9bca21c5f85a3f49a37275b37fd012faeffcb7c4a.exe",6752,"CreateFile","Desired Access: Read Data/List Directory, Synchronize, Disposition: Open, Options: Directory, Synchronous IO Non-Alert, Attributes: n/a, ShareMode: Read, Write, Delete, AllocationSize: n/a, OpenResult: Opened","C:\Program Files"
"d4e97a18be820a1a3af639c9bca21c5f85a3f49a37275b37fd012faeffcb7c4a.exe",6752,"CreateFile","Desired Access: Generic Read, Disposition: Open, Options: Synchronous IO Non-Alert, Non-Directory File, Attributes: N, ShareMode: Read, AllocationSize: n/a, OpenResult: Opened","C:\Windows\Globalization\Sorting\SortDefault.nls"
"d4e97a18be820a1a3af639c9bca21c5f85a3f49a37275b37fd012faeffcb7c4a.exe",6752,"CreateFile","Desired Access: Read Attributes, Disposition: Open, Options: Open Reparse Point, Attributes: n/a, ShareMode: Read, Write, Delete, AllocationSize: n/a, OpenResult: Opened","C:\Program Files"
"d4e97a18be820a1a3af639c9bca21c5f85a3f49a37275b37fd012faeffcb7c4a.exe",6752,"CreateFile","Desired Access: Read Attributes, Disposition: Open, Options: Open Reparse Point, Attributes: n/a, ShareMode: Read, Write, Delete, AllocationSize: n/a","C:\Windows\SysWOW64\rpcss.dll"
"d4e97a18be820a1a3af639c9bca21c5f85a3f49a37275b37fd012faeffcb7c4a.exe",6752,"CreateFile","Desired Access: Read Attributes, Disposition: Open, Options: Open Reparse Point, Attributes: n/a, ShareMode: Read, Write, Delete, AllocationSize: n/a, OpenResult: Opened","C:\Windows\SysWOW64\uxtheme.dll"
"d4e97a18be820a1a3af639c9bca21c5f85a3f49a37275b37fd012faeffcb7c4a.exe",6752,"CreateFile","Desired Access: Read Data/List Directory, Execute/Traverse, Synchronize, Disposition: Open, Options: Synchronous IO Non-Alert, Non-Directory File, Attributes: n/a, ShareMode: Read, Delete, AllocationSize: n/a, OpenResult: Opened","C:\Windows\SysWOW64\uxtheme.dll"
"d4e97a18be820a1a3af639c9bca21c5f85a3f49a37275b37fd012faeffcb7c4a.exe",6752,"Load Image","Image Base: 0x744f0000, Image Size: 0x7b000","C:\Windows\SysWOW64\uxtheme.dll"
"d4e97a18be820a1a3af639c9bca21c5f85a3f49a37275b37fd012faeffcb7c4a.exe",6752,"CreateFile","Desired Access: Read Control, Disposition: Open, Options: , Attributes: n/a, ShareMode: Read, Delete, AllocationSize: n/a, OpenResult: Opened","C:\Windows\SysWOW64\uxtheme.dll"
"d4e97a18be820a1a3af639c9bca21c5f85a3f49a37275b37fd012faeffcb7c4a.exe",6752,"CreateFile","Desired Access: Read Data/List Directory, Read Attributes, Synchronize, Disposition: Open, Options: Synchronous IO Non-Alert, Attributes: n/a, ShareMode: Read, Write, Delete, AllocationSize: n/a, OpenResult: Opened","C:\Windows\SysWOW64"
"d4e97a18be820a1a3af639c9bca21c5f85a3f49a37275b37fd012faeffcb7c4a.exe",6752,"CreateFile","Desired Access: Read Attributes, Disposition: Open, Options: Open Reparse Point, Attributes: n/a, ShareMode: Read, Write, Delete, AllocationSize: n/a","C:\Program Files\PROPSYS.dll"
"d4e97a18be820a1a3af639c9bca21c5f85a3f49a37275b37fd012faeffcb7c4a.exe",6752,"CreateFile","Desired Access: Read Attributes, Disposition: Open, Options: Open Reparse Point, Attributes: n/a, ShareMode: Read, Write, Delete, AllocationSize: n/a, OpenResult: Opened","C:\Windows\SysWOW64\propsys.dll"
"d4e97a18be820a1a3af639c9bca21c5f85a3f49a37275b37fd012faeffcb7c4a.exe",6752,"CreateFile","Desired Access: Read Data/List Directory, Execute/Traverse, Synchronize, Disposition: Open, Options: Synchronous IO Non-Alert, Non-Directory File, Attributes: n/a, ShareMode: Read, Delete, AllocationSize: n/a, OpenResult: Opened","C:\Windows\SysWOW64\propsys.dll"
"d4e97a18be820a1a3af639c9bca21c5f85a3f49a37275b37fd012faeffcb7c4a.exe",6752,"Load Image","Image Base: 0x73650000, Image Size: 0x17f000","C:\Windows\SysWOW64\propsys.dll"
"d4e97a18be820a1a3af639c9bca21c5f85a3f49a37275b37fd012faeffcb7c4a.exe",6752,"Load Image","Image Base: 0x76630000, Image Size: 0x96000","C:\Windows\SysWOW64\oleaut32.dll"
"d4e97a18be820a1a3af639c9bca21c5f85a3f49a37275b37fd012faeffcb7c4a.exe",6752,"CreateFile","Desired Access: Read Control, Disposition: Open, Options: , Attributes: n/a, ShareMode: Read, Delete, AllocationSize: n/a, OpenResult: Opened","C:\Windows\SysWOW64\oleaut32.dll"
"d4e97a18be820a1a3af639c9bca21c5f85a3f49a37275b37fd012faeffcb7c4a.exe",6752,"CreateFile","Desired Access: Read Control, Disposition: Open, Options: , Attributes: n/a, ShareMode: Read, Delete, AllocationSize: n/a, OpenResult: Opened","C:\Windows\SysWOW64\propsys.dll"
"d4e97a18be820a1a3af639c9bca21c5f85a3f49a37275b37fd012faeffcb7c4a.exe",6752,"Load Image","Image Base: 0x764e0000, Image Size: 0x81000","C:\Windows\SysWOW64\clbcatq.dll"
"d4e97a18be820a1a3af639c9bca21c5f85a3f49a37275b37fd012faeffcb7c4a.exe",6752,"CreateFile","Desired Access: Read Control, Disposition: Open, Options: , Attributes: n/a, ShareMode: Read, Delete, AllocationSize: n/a, OpenResult: Opened","C:\Windows\SysWOW64\clbcatq.dll"
"d4e97a18be820a1a3af639c9bca21c5f85a3f49a37275b37fd012faeffcb7c4a.exe",6752,"CreateFile","Desired Access: Read Attributes, Disposition: Open, Options: Open Reparse Point, Attributes: n/a, ShareMode: Read, Write, Delete, AllocationSize: n/a, OpenResult: Opened","C:\Windows\SysWOW64\propsys.dll"
"d4e97a18be820a1a3af639c9bca21c5f85a3f49a37275b37fd012faeffcb7c4a.exe",6752,"CreateFile","Desired Access: Read Attributes, Disposition: Open, Options: Open Reparse Point, Attributes: n/a, ShareMode: Read, Write, Delete, AllocationSize: n/a, OpenResult: Opened","C:\Windows\SysWOW64\propsys.dll"
"d4e97a18be820a1a3af639c9bca21c5f85a3f49a37275b37fd012faeffcb7c4a.exe",6752,"CreateFile","Desired Access: Read Attributes, Disposition: Open, Options: Open Reparse Point, Attributes: n/a, ShareMode: Read, Write, Delete, AllocationSize: n/a, OpenResult: Opened","C:\Windows\System32\propsys.dll"
"d4e97a18be820a1a3af639c9bca21c5f85a3f49a37275b37fd012faeffcb7c4a.exe",6752,"CreateFile","Desired Access: Read Attributes, Disposition: Open, Options: Open Reparse Point, Attributes: n/a, ShareMode: Read, Write, Delete, AllocationSize: n/a, OpenResult: Opened","C:\Windows\SysWOW64\propsys.dll"
"d4e97a18be820a1a3af639c9bca21c5f85a3f49a37275b37fd012faeffcb7c4a.exe",6752,"CreateFile","Desired Access: Read Attributes, Disposition: Open, Options: Open Reparse Point, Attributes: n/a, ShareMode: Read, Write, Delete, AllocationSize: n/a, OpenResult: Opened","C:\Windows\SysWOW64\propsys.dll"
"d4e97a18be820a1a3af639c9bca21c5f85a3f49a37275b37fd012faeffcb7c4a.exe",6752,"CreateFile","Desired Access: Read Attributes, Disposition: Open, Options: Open Reparse Point, Attributes: n/a, ShareMode: Read, Write, Delete, AllocationSize: n/a, OpenResult: Opened","C:\Windows\System32\propsys.dll"
"d4e97a18be820a1a3af639c9bca21c5f85a3f49a37275b37fd012faeffcb7c4a.exe",6752,"CreateFile","Desired Access: Generic Read, Disposition: Open, Options: , Attributes: n/a, ShareMode: Read, Delete, AllocationSize: n/a, OpenResult: Opened","C:\Windows\SysWOW64\en-US\propsys.dll.mui"
"d4e97a18be820a1a3af639c9bca21c5f85a3f49a37275b37fd012faeffcb7c4a.exe",6752,"CreateFile","Desired Access: Read Data/List Directory, Synchronize, Disposition: Create, Options: Directory, Synchronous IO Non-Alert, Open Reparse Point, Attributes: N, ShareMode: Read, Write, AllocationSize: 0","C:\Users\x\AppData\Local\Microsoft\Windows\Caches"
"d4e97a18be820a1a3af639c9bca21c5f85a3f49a37275b37fd012faeffcb7c4a.exe",6752,"CreateFile","Desired Access: Read Control, Disposition: Open, Options: Open Reparse Point, Attributes: n/a, ShareMode: Read, Write, Delete, AllocationSize: n/a, OpenResult: Opened","C:\Users\x\AppData\Local\Microsoft\Windows\Caches"
"d4e97a18be820a1a3af639c9bca21c5f85a3f49a37275b37fd012faeffcb7c4a.exe",6752,"CreateFile","Desired Access: Read Control, Disposition: Open, Options: Open Reparse Point, Attributes: n/a, ShareMode: Read, Write, Delete, AllocationSize: n/a, OpenResult: Opened","C:\Users\x\AppData\Local\Microsoft\Windows\Caches"
"d4e97a18be820a1a3af639c9bca21c5f85a3f49a37275b37fd012faeffcb7c4a.exe",6752,"CreateFile","Desired Access: Generic Read, Disposition: Open, Options: Synchronous IO Non-Alert, Non-Directory File, Attributes: n/a, ShareMode: Read, Write, AllocationSize: n/a, OpenResult: Opened","C:\Users\x\AppData\Local\Microsoft\Windows\Caches\cversions.1.db"
"d4e97a18be820a1a3af639c9bca21c5f85a3f49a37275b37fd012faeffcb7c4a.exe",6752,"CreateFile","Desired Access: Generic Read, Disposition: Open, Options: Synchronous IO Non-Alert, Non-Directory File, Attributes: n/a, ShareMode: Read, AllocationSize: n/a, OpenResult: Opened","C:\Users\x\AppData\Local\Microsoft\Windows\Caches\{AFBF9F1A-8EE8-4C77-AF34-C647E37CA0D9}.1.ver0x0000000000000016.db"
"d4e97a18be820a1a3af639c9bca21c5f85a3f49a37275b37fd012faeffcb7c4a.exe",6752,"CreateFile","Desired Access: Generic Read, Disposition: Open, Options: Sequential Access, Synchronous IO Non-Alert, Non-Directory File, Attributes: n/a, ShareMode: Read, Write, Delete, AllocationSize: n/a, OpenResult: Opened","C:\Users\x\Desktop\desktop.ini"
"d4e97a18be820a1a3af639c9bca21c5f85a3f49a37275b37fd012faeffcb7c4a.exe",6752,"ReadFile","Offset: 0, Length: 282, Priority: Normal","C:\Users\x\Desktop\desktop.ini"
"d4e97a18be820a1a3af639c9bca21c5f85a3f49a37275b37fd012faeffcb7c4a.exe",6752,"CreateFile","Desired Access: Generic Read, Disposition: Open, Options: Sequential Access, Synchronous IO Non-Alert, Non-Directory File, Attributes: n/a, ShareMode: Read, Write, Delete, AllocationSize: n/a, OpenResult: Opened","C:\Users\x\Documents\desktop.ini"
"d4e97a18be820a1a3af639c9bca21c5f85a3f49a37275b37fd012faeffcb7c4a.exe",6752,"ReadFile","Offset: 0, Length: 402, Priority: Normal","C:\Users\x\Documents\desktop.ini"
"d4e97a18be820a1a3af639c9bca21c5f85a3f49a37275b37fd012faeffcb7c4a.exe",6752,"CreateFile","Desired Access: Generic Read, Disposition: Open, Options: Sequential Access, Synchronous IO Non-Alert, Non-Directory File, Attributes: n/a, ShareMode: Read, Write, Delete, AllocationSize: n/a, OpenResult: Opened","C:\Users\x\Music\desktop.ini"
"d4e97a18be820a1a3af639c9bca21c5f85a3f49a37275b37fd012faeffcb7c4a.exe",6752,"ReadFile","Offset: 0, Length: 504, Priority: Normal","C:\Users\x\Music\desktop.ini"
"d4e97a18be820a1a3af639c9bca21c5f85a3f49a37275b37fd012faeffcb7c4a.exe",6752,"CreateFile","Desired Access: Generic Read, Disposition: Open, Options: Sequential Access, Synchronous IO Non-Alert, Non-Directory File, Attributes: n/a, ShareMode: Read, Write, Delete, AllocationSize: n/a, OpenResult: Opened","C:\Users\x\Pictures\desktop.ini"
"d4e97a18be820a1a3af639c9bca21c5f85a3f49a37275b37fd012faeffcb7c4a.exe",6752,"ReadFile","Offset: 0, Length: 504, Priority: Normal","C:\Users\x\Pictures\desktop.ini"
"d4e97a18be820a1a3af639c9bca21c5f85a3f49a37275b37fd012faeffcb7c4a.exe",6752,"CreateFile","Desired Access: Generic Read, Disposition: Open, Options: Sequential Access, Synchronous IO Non-Alert, Non-Directory File, Attributes: n/a, ShareMode: Read, Write, Delete, AllocationSize: n/a, OpenResult: Opened","C:\Users\x\Videos\desktop.ini"
"d4e97a18be820a1a3af639c9bca21c5f85a3f49a37275b37fd012faeffcb7c4a.exe",6752,"ReadFile","Offset: 0, Length: 504, Priority: Normal","C:\Users\x\Videos\desktop.ini"
"d4e97a18be820a1a3af639c9bca21c5f85a3f49a37275b37fd012faeffcb7c4a.exe",6752,"CreateFile","Desired Access: Generic Read, Disposition: Open, Options: Sequential Access, Synchronous IO Non-Alert, Non-Directory File, Attributes: n/a, ShareMode: Read, Write, Delete, AllocationSize: n/a, OpenResult: Opened","C:\Users\x\Downloads\desktop.ini"
"d4e97a18be820a1a3af639c9bca21c5f85a3f49a37275b37fd012faeffcb7c4a.exe",6752,"ReadFile","Offset: 0, Length: 282, Priority: Normal","C:\Users\x\Downloads\desktop.ini"
"d4e97a18be820a1a3af639c9bca21c5f85a3f49a37275b37fd012faeffcb7c4a.exe",6752,"CreateFile","Desired Access: Generic Read, Disposition: Open, Options: Sequential Access, Synchronous IO Non-Alert, Non-Directory File, Attributes: n/a, ShareMode: Read, Write, Delete, AllocationSize: n/a, OpenResult: Opened","C:\Users\x\OneDrive\desktop.ini"
"d4e97a18be820a1a3af639c9bca21c5f85a3f49a37275b37fd012faeffcb7c4a.exe",6752,"ReadFile","Offset: 0, Length: 92, Priority: Normal","C:\Users\x\OneDrive\desktop.ini"
"d4e97a18be820a1a3af639c9bca21c5f85a3f49a37275b37fd012faeffcb7c4a.exe",6752,"RegCreateKey","Desired Access: Notify, Disposition: REG_OPENED_EXISTING_KEY","HKLM\SOFTWARE\Microsoft\Windows\CurrentVersion\Explorer\SyncRootManager"
"d4e97a18be820a1a3af639c9bca21c5f85a3f49a37275b37fd012faeffcb7c4a.exe",6752,"CreateFile","Desired Access: Read Attributes, Disposition: Open, Options: Open Reparse Point, Attributes: n/a, ShareMode: Read, Write, Delete, AllocationSize: n/a","C:\Program Files\edputil.dll"
"d4e97a18be820a1a3af639c9bca21c5f85a3f49a37275b37fd012faeffcb7c4a.exe",6752,"CreateFile","Desired Access: Read Attributes, Disposition: Open, Options: Open Reparse Point, Attributes: n/a, ShareMode: Read, Write, Delete, AllocationSize: n/a, OpenResult: Opened","C:\Windows\SysWOW64\edputil.dll"
"d4e97a18be820a1a3af639c9bca21c5f85a3f49a37275b37fd012faeffcb7c4a.exe",6752,"CreateFile","Desired Access: Read Data/List Directory, Execute/Traverse, Synchronize, Disposition: Open, Options: Synchronous IO Non-Alert, Non-Directory File, Attributes: n/a, ShareMode: Read, Delete, AllocationSize: n/a, OpenResult: Opened","C:\Windows\SysWOW64\edputil.dll"
"d4e97a18be820a1a3af639c9bca21c5f85a3f49a37275b37fd012faeffcb7c4a.exe",6752,"Load Image","Image Base: 0x72a70000, Image Size: 0x3d000","C:\Windows\SysWOW64\edputil.dll"
"d4e97a18be820a1a3af639c9bca21c5f85a3f49a37275b37fd012faeffcb7c4a.exe",6752,"CreateFile","Desired Access: Read Control, Disposition: Open, Options: , Attributes: n/a, ShareMode: Read, Delete, AllocationSize: n/a, OpenResult: Opened","C:\Windows\SysWOW64\edputil.dll"
"d4e97a18be820a1a3af639c9bca21c5f85a3f49a37275b37fd012faeffcb7c4a.exe",6752,"CreateFile","Desired Access: Read Attributes, Disposition: Open, Options: Open Reparse Point, Attributes: n/a, ShareMode: Read, Write, Delete, AllocationSize: n/a","C:\Windows\SysWOW64\rpcss.dll"
"d4e97a18be820a1a3af639c9bca21c5f85a3f49a37275b37fd012faeffcb7c4a.exe",6752,"CreateFile","Desired Access: Read Attributes, Disposition: Open, Options: Open Reparse Point, Attributes: n/a, ShareMode: Read, Write, Delete, AllocationSize: n/a, OpenResult: Opened","C:\Windows\SysWOW64\Windows.StateRepositoryPS.dll"
"d4e97a18be820a1a3af639c9bca21c5f85a3f49a37275b37fd012faeffcb7c4a.exe",6752,"CreateFile","Desired Access: Read Data/List Directory, Execute/Traverse, Synchronize, Disposition: Open, Options: Synchronous IO Non-Alert, Non-Directory File, Attributes: n/a, ShareMode: Read, Delete, AllocationSize: n/a, OpenResult: Opened","C:\Windows\SysWOW64\Windows.StateRepositoryPS.dll"
"d4e97a18be820a1a3af639c9bca21c5f85a3f49a37275b37fd012faeffcb7c4a.exe",6752,"Load Image","Image Base: 0x726b0000, Image Size: 0x88000","C:\Windows\SysWOW64\Windows.StateRepositoryPS.dll"
"d4e97a18be820a1a3af639c9bca21c5f85a3f49a37275b37fd012faeffcb7c4a.exe",6752,"CreateFile","Desired Access: Read Control, Disposition: Open, Options: , Attributes: n/a, ShareMode: Read, Delete, AllocationSize: n/a, OpenResult: Opened","C:\Windows\SysWOW64\Windows.StateRepositoryPS.dll"
"d4e97a18be820a1a3af639c9bca21c5f85a3f49a37275b37fd012faeffcb7c4a.exe",6752,"CreateFile","Desired Access: Read Attributes, Disposition: Open, Options: Open Reparse Point, Attributes: n/a, ShareMode: Read, Write, Delete, AllocationSize: n/a","C:\Program Files\urlmon.dll"
"d4e97a18be820a1a3af639c9bca21c5f85a3f49a37275b37fd012faeffcb7c4a.exe",6752,"CreateFile","Desired Access: Read Attributes, Disposition: Open, Options: Open Reparse Point, Attributes: n/a, ShareMode: Read, Write, Delete, AllocationSize: n/a, OpenResult: Opened","C:\Windows\SysWOW64\urlmon.dll"
"d4e97a18be820a1a3af639c9bca21c5f85a3f49a37275b37fd012faeffcb7c4a.exe",6752,"CreateFile","Desired Access: Read Data/List Directory, Execute/Traverse, Synchronize, Disposition: Open, Options: Synchronous IO Non-Alert, Non-Directory File, Attributes: n/a, ShareMode: Read, Delete, AllocationSize: n/a, OpenResult: Opened","C:\Windows\SysWOW64\urlmon.dll"
"d4e97a18be820a1a3af639c9bca21c5f85a3f49a37275b37fd012faeffcb7c4a.exe",6752,"Load Image","Image Base: 0x72490000, Image Size: 0x1be000","C:\Windows\SysWOW64\urlmon.dll"
"d4e97a18be820a1a3af639c9bca21c5f85a3f49a37275b37fd012faeffcb7c4a.exe",6752,"CreateFile","Desired Access: Read Attributes, Disposition: Open, Options: Open Reparse Point, Attributes: n/a, ShareMode: Read, Write, Delete, AllocationSize: n/a","C:\Program Files\iertutil.dll"
"d4e97a18be820a1a3af639c9bca21c5f85a3f49a37275b37fd012faeffcb7c4a.exe",6752,"CreateFile","Desired Access: Read Attributes, Disposition: Open, Options: Open Reparse Point, Attributes: n/a, ShareMode: Read, Write, Delete, AllocationSize: n/a, OpenResult: Opened","C:\Windows\SysWOW64\iertutil.dll"
"d4e97a18be820a1a3af639c9bca21c5f85a3f49a37275b37fd012faeffcb7c4a.exe",6752,"CreateFile","Desired Access: Read Data/List Directory, Execute/Traverse, Synchronize, Disposition: Open, Options: Synchronous IO Non-Alert, Non-Directory File, Attributes: n/a, ShareMode: Read, Delete, AllocationSize: n/a, OpenResult: Opened","C:\Windows\SysWOW64\iertutil.dll"
"d4e97a18be820a1a3af639c9bca21c5f85a3f49a37275b37fd012faeffcb7c4a.exe",6752,"Load Image","Image Base: 0x72260000, Image Size: 0x22f000","C:\Windows\SysWOW64\iertutil.dll"
"d4e97a18be820a1a3af639c9bca21c5f85a3f49a37275b37fd012faeffcb7c4a.exe",6752,"CreateFile","Desired Access: Read Control, Disposition: Open, Options: , Attributes: n/a, ShareMode: Read, Delete, AllocationSize: n/a, OpenResult: Opened","C:\Windows\SysWOW64\iertutil.dll"
"d4e97a18be820a1a3af639c9bca21c5f85a3f49a37275b37fd012faeffcb7c4a.exe",6752,"CreateFile","Desired Access: Read Control, Disposition: Open, Options: , Attributes: n/a, ShareMode: Read, Delete, AllocationSize: n/a, OpenResult: Opened","C:\Windows\SysWOW64\urlmon.dll"
"d4e97a18be820a1a3af639c9bca21c5f85a3f49a37275b37fd012faeffcb7c4a.exe",6752,"CreateFile","Desired Access: Synchronize, Disposition: Open, Options: Directory, Synchronous IO Non-Alert, Open For Free Space Query, Attributes: n/a, ShareMode: None, AllocationSize: n/a, OpenResult: Opened","C:\Windows\SysWOW64"
"d4e97a18be820a1a3af639c9bca21c5f85a3f49a37275b37fd012faeffcb7c4a.exe",6752,"CreateFile","Desired Access: Synchronize, Disposition: Open, Options: Directory, Synchronous IO Non-Alert, Open For Free Space Query, Attributes: n/a, ShareMode: None, AllocationSize: n/a, OpenResult: Opened","C:\Windows"
"d4e97a18be820a1a3af639c9bca21c5f85a3f49a37275b37fd012faeffcb7c4a.exe",6752,"RegCreateKey","Desired Access: Read/Write, Disposition: REG_OPENED_EXISTING_KEY","HKCU\Software\Microsoft\Windows\CurrentVersion\Internet Settings\ZoneMap\"
"d4e97a18be820a1a3af639c9bca21c5f85a3f49a37275b37fd012faeffcb7c4a.exe",6752,"RegSetValue","Type: REG_DWORD, Length: 4, Data: 1","HKCU\Software\Microsoft\Windows\CurrentVersion\Internet Settings\ZoneMap\ProxyBypass"
"d4e97a18be820a1a3af639c9bca21c5f85a3f49a37275b37fd012faeffcb7c4a.exe",6752,"RegSetValue","Type: REG_DWORD, Length: 4, Data: 1","HKCU\Software\Microsoft\Windows\CurrentVersion\Internet Settings\ZoneMap\IntranetName"
"d4e97a18be820a1a3af639c9bca21c5f85a3f49a37275b37fd012faeffcb7c4a.exe",6752,"RegSetValue","Type: REG_DWORD, Length: 4, Data: 1","HKCU\Software\Microsoft\Windows\CurrentVersion\Internet Settings\ZoneMap\UNCAsIntranet"
"d4e97a18be820a1a3af639c9bca21c5f85a3f49a37275b37fd012faeffcb7c4a.exe",6752,"RegSetValue","Type: REG_DWORD, Length: 4, Data: 0","HKCU\Software\Microsoft\Windows\CurrentVersion\Internet Settings\ZoneMap\AutoDetect"
"d4e97a18be820a1a3af639c9bca21c5f85a3f49a37275b37fd012faeffcb7c4a.exe",6752,"RegSetValue","Type: REG_DWORD, Length: 4, Data: 1","HKCU\Software\Microsoft\Windows\CurrentVersion\Internet Settings\ZoneMap\ProxyBypass"
"d4e97a18be820a1a3af639c9bca21c5f85a3f49a37275b37fd012faeffcb7c4a.exe",6752,"RegSetValue","Type: REG_DWORD, Length: 4, Data: 1","HKCU\Software\Microsoft\Windows\CurrentVersion\Internet Settings\ZoneMap\IntranetName"
"d4e97a18be820a1a3af639c9bca21c5f85a3f49a37275b37fd012faeffcb7c4a.exe",6752,"RegSetValue","Type: REG_DWORD, Length: 4, Data: 1","HKCU\Software\Microsoft\Windows\CurrentVersion\Internet Settings\ZoneMap\UNCAsIntranet"
"d4e97a18be820a1a3af639c9bca21c5f85a3f49a37275b37fd012faeffcb7c4a.exe",6752,"RegSetValue","Type: REG_DWORD, Length: 4, Data: 0","HKCU\Software\Microsoft\Windows\CurrentVersion\Internet Settings\ZoneMap\AutoDetect"
"d4e97a18be820a1a3af639c9bca21c5f85a3f49a37275b37fd012faeffcb7c4a.exe",6752,"CreateFile","Desired Access: Read Attributes, Disposition: Open, Options: Open Reparse Point, Attributes: n/a, ShareMode: Read, Write, Delete, AllocationSize: n/a, OpenResult: Opened","C:\Users\x\AppData\Local\Microsoft\Windows\INetCache"
"d4e97a18be820a1a3af639c9bca21c5f85a3f49a37275b37fd012faeffcb7c4a.exe",6752,"CreateFile","Desired Access: Read Attributes, Disposition: Open, Options: Open Reparse Point, Attributes: n/a, ShareMode: Read, Write, Delete, AllocationSize: n/a, OpenResult: Opened","C:\Users\x\AppData\Local\Microsoft\Windows\INetCookies"
"d4e97a18be820a1a3af639c9bca21c5f85a3f49a37275b37fd012faeffcb7c4a.exe",6752,"CreateFile","Desired Access: Read Attributes, Disposition: Open, Options: Open Reparse Point, Attributes: n/a, ShareMode: Read, Write, Delete, AllocationSize: n/a, OpenResult: Opened","C:\Windows\SysWOW64\cmd.exe"
"d4e97a18be820a1a3af639c9bca21c5f85a3f49a37275b37fd012faeffcb7c4a.exe",6752,"CreateFile","Desired Access: Read Data/List Directory, Synchronize, Disposition: Open, Options: Directory, Synchronous IO Non-Alert, Attributes: n/a, ShareMode: Read, Write, Delete, AllocationSize: n/a, OpenResult: Opened","C:\"
"d4e97a18be820a1a3af639c9bca21c5f85a3f49a37275b37fd012faeffcb7c4a.exe",6752,"CreateFile","Desired Access: Read Data/List Directory, Synchronize, Disposition: Open, Options: Directory, Synchronous IO Non-Alert, Attributes: n/a, ShareMode: Read, Write, Delete, AllocationSize: n/a, OpenResult: Opened","C:\Windows"
"d4e97a18be820a1a3af639c9bca21c5f85a3f49a37275b37fd012faeffcb7c4a.exe",6752,"CreateFile","Desired Access: Read Data/List Directory, Synchronize, Disposition: Open, Options: Directory, Synchronous IO Non-Alert, Attributes: n/a, ShareMode: Read, Write, Delete, AllocationSize: n/a, OpenResult: Opened","C:\Windows\SysWOW64"
"d4e97a18be820a1a3af639c9bca21c5f85a3f49a37275b37fd012faeffcb7c4a.exe",6752,"CreateFile","Desired Access: Read Attributes, Disposition: Open, Options: Open Reparse Point, Attributes: n/a, ShareMode: Read, Write, Delete, AllocationSize: n/a, OpenResult: Opened","C:\Windows\SysWOW64\cmd.exe"
"d4e97a18be820a1a3af639c9bca21c5f85a3f49a37275b37fd012faeffcb7c4a.exe",6752,"CreateFile","Desired Access: Read Attributes, Disposition: Open, Options: Open Reparse Point, Attributes: n/a, ShareMode: Read, Write, Delete, AllocationSize: n/a, OpenResult: Opened","C:\Windows\SysWOW64"
"d4e97a18be820a1a3af639c9bca21c5f85a3f49a37275b37fd012faeffcb7c4a.exe",6752,"CreateFile","Desired Access: Read Attributes, Disposition: Open, Options: Open Reparse Point, Attributes: n/a, ShareMode: Read, Write, Delete, AllocationSize: n/a, OpenResult: Opened","C:\Windows"
"d4e97a18be820a1a3af639c9bca21c5f85a3f49a37275b37fd012faeffcb7c4a.exe",6752,"CreateFile","Desired Access: Read Attributes, Read Control, Synchronize, Disposition: Open, Options: Synchronous IO Non-Alert, Non-Directory File, Disallow Exclusive, Attributes: n/a, ShareMode: Read, Write, AllocationSize: n/a, OpenResult: Opened","C:\Windows\SysWOW64\cmd.exe"
"d4e97a18be820a1a3af639c9bca21c5f85a3f49a37275b37fd012faeffcb7c4a.exe",6752,"CreateFile","Desired Access: Read Attributes, Disposition: Open, Options: Open Reparse Point, Attributes: n/a, ShareMode: Read, Write, Delete, AllocationSize: n/a, OpenResult: Opened","C:\Windows\SysWOW64\cmd.exe"
"d4e97a18be820a1a3af639c9bca21c5f85a3f49a37275b37fd012faeffcb7c4a.exe",6752,"CreateFile","Desired Access: Read Attributes, Disposition: Open, Options: Open Reparse Point, Attributes: n/a, ShareMode: Read, Write, Delete, AllocationSize: n/a, OpenResult: Opened","C:\Windows\SysWOW64\cmd.exe"
"d4e97a18be820a1a3af639c9bca21c5f85a3f49a37275b37fd012faeffcb7c4a.exe",6752,"CreateFile","Desired Access: Read Attributes, Disposition: Open, Options: Open Reparse Point, Attributes: n/a, ShareMode: Read, Write, Delete, AllocationSize: n/a","C:\Windows\SysWOW64\cmd.exe:Zone.Identifier"
"d4e97a18be820a1a3af639c9bca21c5f85a3f49a37275b37fd012faeffcb7c4a.exe",6752,"CreateFile","Desired Access: Read Data/List Directory, Read Attributes, Synchronize, Disposition: Open, Options: Synchronous IO Non-Alert, Attributes: n/a, ShareMode: Read, Write, Delete, AllocationSize: n/a, OpenResult: Opened","C:\Windows\SysWOW64"
"d4e97a18be820a1a3af639c9bca21c5f85a3f49a37275b37fd012faeffcb7c4a.exe",6752,"CreateFile","Desired Access: Read Attributes, Disposition: Open, Options: Open Reparse Point, Attributes: n/a, ShareMode: Read, Write, Delete, AllocationSize: n/a","C:\Program Files\CLDAPI.dll"
"d4e97a18be820a1a3af639c9bca21c5f85a3f49a37275b37fd012faeffcb7c4a.exe",6752,"CreateFile","Desired Access: Read Attributes, Disposition: Open, Options: Open Reparse Point, Attributes: n/a, ShareMode: Read, Write, Delete, AllocationSize: n/a, OpenResult: Opened","C:\Windows\SysWOW64\cldapi.dll"
"d4e97a18be820a1a3af639c9bca21c5f85a3f49a37275b37fd012faeffcb7c4a.exe",6752,"CreateFile","Desired Access: Read Data/List Directory, Execute/Traverse, Synchronize, Disposition: Open, Options: Synchronous IO Non-Alert, Non-Directory File, Attributes: n/a, ShareMode: Read, Delete, AllocationSize: n/a, OpenResult: Opened","C:\Windows\SysWOW64\cldapi.dll"
"d4e97a18be820a1a3af639c9bca21c5f85a3f49a37275b37fd012faeffcb7c4a.exe",6752,"Load Image","Image Base: 0x70c50000, Image Size: 0x1b000","C:\Windows\SysWOW64\cldapi.dll"
"d4e97a18be820a1a3af639c9bca21c5f85a3f49a37275b37fd012faeffcb7c4a.exe",6752,"Load Image","Image Base: 0x769a0000, Image Size: 0x19000","C:\Windows\SysWOW64\bcrypt.dll"
"d4e97a18be820a1a3af639c9bca21c5f85a3f49a37275b37fd012faeffcb7c4a.exe",6752,"CreateFile","Desired Access: Read Attributes, Disposition: Open, Options: Open Reparse Point, Attributes: n/a, ShareMode: Read, Write, Delete, AllocationSize: n/a","C:\Program Files\FLTLIB.DLL"
"d4e97a18be820a1a3af639c9bca21c5f85a3f49a37275b37fd012faeffcb7c4a.exe",6752,"CreateFile","Desired Access: Read Attributes, Disposition: Open, Options: Open Reparse Point, Attributes: n/a, ShareMode: Read, Write, Delete, AllocationSize: n/a, OpenResult: Opened","C:\Windows\SysWOW64\fltLib.dll"
"d4e97a18be820a1a3af639c9bca21c5f85a3f49a37275b37fd012faeffcb7c4a.exe",6752,"CreateFile","Desired Access: Read Data/List Directory, Execute/Traverse, Synchronize, Disposition: Open, Options: Synchronous IO Non-Alert, Non-Directory File, Attributes: n/a, ShareMode: Read, Delete, AllocationSize: n/a, OpenResult: Opened","C:\Windows\SysWOW64\fltLib.dll"
"d4e97a18be820a1a3af639c9bca21c5f85a3f49a37275b37fd012faeffcb7c4a.exe",6752,"Load Image","Image Base: 0x70c40000, Image Size: 0x8000","C:\Windows\SysWOW64\fltLib.dll"
"d4e97a18be820a1a3af639c9bca21c5f85a3f49a37275b37fd012faeffcb7c4a.exe",6752,"CreateFile","Desired Access: Read Control, Disposition: Open, Options: , Attributes: n/a, ShareMode: Read, Delete, AllocationSize: n/a, OpenResult: Opened","C:\Windows\SysWOW64\bcrypt.dll"
"d4e97a18be820a1a3af639c9bca21c5f85a3f49a37275b37fd012faeffcb7c4a.exe",6752,"CreateFile","Desired Access: Read Control, Disposition: Open, Options: , Attributes: n/a, ShareMode: Read, Delete, AllocationSize: n/a, OpenResult: Opened","C:\Windows\SysWOW64\fltLib.dll"
"d4e97a18be820a1a3af639c9bca21c5f85a3f49a37275b37fd012faeffcb7c4a.exe",6752,"CreateFile","Desired Access: Read Control, Disposition: Open, Options: , Attributes: n/a, ShareMode: Read, Delete, AllocationSize: n/a, OpenResult: Opened","C:\Windows\SysWOW64\cldapi.dll"
"d4e97a18be820a1a3af639c9bca21c5f85a3f49a37275b37fd012faeffcb7c4a.exe",6752,"CreateFile","Desired Access: Read Data/List Directory, Read Attributes, Synchronize, Disposition: Open, Options: Synchronous IO Non-Alert, Attributes: n/a, ShareMode: Read, Write, Delete, AllocationSize: n/a, OpenResult: Opened","C:\Windows\SysWOW64"
"d4e97a18be820a1a3af639c9bca21c5f85a3f49a37275b37fd012faeffcb7c4a.exe",6752,"CreateFile","Desired Access: Read Data/List Directory, Read Attributes, Synchronize, Disposition: Open, Options: Synchronous IO Non-Alert, Attributes: n/a, ShareMode: Read, Write, Delete, AllocationSize: n/a, OpenResult: Opened","C:\Windows\SysWOW64"
"d4e97a18be820a1a3af639c9bca21c5f85a3f49a37275b37fd012faeffcb7c4a.exe",6752,"CreateFile","Desired Access: Read Data/List Directory, Read Attributes, Synchronize, Disposition: Open, Options: Synchronous IO Non-Alert, Attributes: n/a, ShareMode: Read, Write, Delete, AllocationSize: n/a, OpenResult: Opened","C:\Windows\SysWOW64"
"d4e97a18be820a1a3af639c9bca21c5f85a3f49a37275b37fd012faeffcb7c4a.exe",6752,"CreateFile","Desired Access: Read Attributes, Disposition: Open, Options: Open Reparse Point, Attributes: n/a, ShareMode: Read, Write, Delete, AllocationSize: n/a, OpenResult: Opened","C:\Windows\SysWOW64\WinTypes.dll"
"d4e97a18be820a1a3af639c9bca21c5f85a3f49a37275b37fd012faeffcb7c4a.exe",6752,"CreateFile","Desired Access: Read Data/List Directory, Execute/Traverse, Synchronize, Disposition: Open, Options: Synchronous IO Non-Alert, Non-Directory File, Attributes: n/a, ShareMode: Read, Delete, AllocationSize: n/a, OpenResult: Opened","C:\Windows\SysWOW64\WinTypes.dll"
"d4e97a18be820a1a3af639c9bca21c5f85a3f49a37275b37fd012faeffcb7c4a.exe",6752,"Load Image","Image Base: 0x73840000, Image Size: 0xdb000","C:\Windows\SysWOW64\WinTypes.dll"
"d4e97a18be820a1a3af639c9bca21c5f85a3f49a37275b37fd012faeffcb7c4a.exe",6752,"CreateFile","Desired Access: Read Control, Disposition: Open, Options: , Attributes: n/a, ShareMode: Read, Delete, AllocationSize: n/a, OpenResult: Opened","C:\Windows\SysWOW64\WinTypes.dll"
"d4e97a18be820a1a3af639c9bca21c5f85a3f49a37275b37fd012faeffcb7c4a.exe",6752,"CreateFile","Desired Access: Generic Read, Disposition: Open, Options: Non-Directory File, Open Requiring Oplock, Disallow Exclusive, Attributes: n/a, ShareMode: Read, AllocationSize: n/a, OpenResult: Opened","C:\Windows\SysWOW64\cmd.exe"
"d4e97a18be820a1a3af639c9bca21c5f85a3f49a37275b37fd012faeffcb7c4a.exe",6752,"CreateFile","Desired Access: Read Attributes, Disposition: Open, Options: Open Reparse Point, Attributes: n/a, ShareMode: Read, Write, Delete, AllocationSize: n/a, OpenResult: Opened","C:\Windows\SysWOW64\cmd.exe"
"d4e97a18be820a1a3af639c9bca21c5f85a3f49a37275b37fd012faeffcb7c4a.exe",6752,"CreateFile","Desired Access: Generic Read, Disposition: Open, Options: Synchronous IO Non-Alert, Non-Directory File, Attributes: n/a, ShareMode: Read, Delete, AllocationSize: n/a, OpenResult: Opened","C:\Windows\SysWOW64\cmd.exe"
"d4e97a18be820a1a3af639c9bca21c5f85a3f49a37275b37fd012faeffcb7c4a.exe",6752,"CreateFile","Desired Access: Generic Read, Disposition: Open, Options: , Attributes: n/a, ShareMode: Read, Delete, AllocationSize: n/a","C:\Windows\SysWOW64\en-US\cmd.exe.mui"
"d4e97a18be820a1a3af639c9bca21c5f85a3f49a37275b37fd012faeffcb7c4a.exe",6752,"CreateFile","Desired Access: Generic Read, Disposition: Open, Options: , Attributes: n/a, ShareMode: Read, Delete, AllocationSize: n/a, OpenResult: Opened","C:\Windows\System32\en-US\cmd.exe.mui"
"d4e97a18be820a1a3af639c9bca21c5f85a3f49a37275b37fd012faeffcb7c4a.exe",6752,"CreateFile","Desired Access: Read Attributes, Disposition: Open, Options: Open Reparse Point, Attributes: n/a, ShareMode: Read, Write, Delete, AllocationSize: n/a, OpenResult: Opened","C:\Windows\SysWOW64\cmd.exe"
"d4e97a18be820a1a3af639c9bca21c5f85a3f49a37275b37fd012faeffcb7c4a.exe",6752,"CreateFile","Desired Access: Generic Read, Disposition: Open, Options: Synchronous IO Non-Alert, Non-Directory File, Attributes: n/a, ShareMode: Read, Delete, AllocationSize: n/a, OpenResult: Opened","C:\Windows\SysWOW64\cmd.exe"
"d4e97a18be820a1a3af639c9bca21c5f85a3f49a37275b37fd012faeffcb7c4a.exe",6752,"CreateFile","Desired Access: Generic Read, Disposition: Open, Options: , Attributes: n/a, ShareMode: Read, Delete, AllocationSize: n/a","C:\Windows\SysWOW64\en-US\cmd.exe.mui"
"d4e97a18be820a1a3af639c9bca21c5f85a3f49a37275b37fd012faeffcb7c4a.exe",6752,"CreateFile","Desired Access: Generic Read, Disposition: Open, Options: , Attributes: n/a, ShareMode: Read, Delete, AllocationSize: n/a, OpenResult: Opened","C:\Windows\System32\en-US\cmd.exe.mui"
"d4e97a18be820a1a3af639c9bca21c5f85a3f49a37275b37fd012faeffcb7c4a.exe",6752,"CreateFile","Desired Access: Generic Read, Disposition: Open, Options: , Attributes: n/a, ShareMode: Read, AllocationSize: n/a, OpenResult: Opened","C:\Windows\SysWOW64\cmd.exe"
"d4e97a18be820a1a3af639c9bca21c5f85a3f49a37275b37fd012faeffcb7c4a.exe",6752,"CreateFile","Desired Access: Read Attributes, Disposition: Open, Options: Open Reparse Point, Attributes: n/a, ShareMode: Read, Write, Delete, AllocationSize: n/a, OpenResult: Opened","C:\Windows\SysWOW64\cmd.exe"
"d4e97a18be820a1a3af639c9bca21c5f85a3f49a37275b37fd012faeffcb7c4a.exe",6752,"CreateFile","Desired Access: Generic Read, Disposition: Open, Options: Synchronous IO Non-Alert, Non-Directory File, Attributes: n/a, ShareMode: Read, Delete, AllocationSize: n/a, OpenResult: Opened","C:\Windows\SysWOW64\cmd.exe"
"d4e97a18be820a1a3af639c9bca21c5f85a3f49a37275b37fd012faeffcb7c4a.exe",6752,"CreateFile","Desired Access: Read Attributes, Disposition: Open, Options: Open Reparse Point, Attributes: n/a, ShareMode: Read, Write, Delete, AllocationSize: n/a, OpenResult: Opened","C:\Windows\SysWOW64\cmd.exe"
"d4e97a18be820a1a3af639c9bca21c5f85a3f49a37275b37fd012faeffcb7c4a.exe",6752,"CreateFile","Desired Access: Generic Read, Disposition: Open, Options: Synchronous IO Non-Alert, Non-Directory File, Attributes: n/a, ShareMode: Read, Delete, AllocationSize: n/a, OpenResult: Opened","C:\Windows\SysWOW64\cmd.exe"
"d4e97a18be820a1a3af639c9bca21c5f85a3f49a37275b37fd012faeffcb7c4a.exe",6752,"CreateFile","Desired Access: Generic Read, Disposition: Open, Options: , Attributes: n/a, ShareMode: Read, AllocationSize: n/a, OpenResult: Opened","C:\Windows\SysWOW64\cmd.exe"
"d4e97a18be820a1a3af639c9bca21c5f85a3f49a37275b37fd012faeffcb7c4a.exe",6752,"CreateFile","Desired Access: Read Attributes, Disposition: Open, Options: Open Reparse Point, Attributes: n/a, ShareMode: Read, Write, Delete, AllocationSize: n/a, OpenResult: Opened","C:\Windows\SysWOW64\AppResolver.dll"
"d4e97a18be820a1a3af639c9bca21c5f85a3f49a37275b37fd012faeffcb7c4a.exe",6752,"CreateFile","Desired Access: Read Data/List Directory, Execute/Traverse, Synchronize, Disposition: Open, Options: Synchronous IO Non-Alert, Non-Directory File, Attributes: n/a, ShareMode: Read, Delete, AllocationSize: n/a, OpenResult: Opened","C:\Windows\SysWOW64\AppResolver.dll"
"d4e97a18be820a1a3af639c9bca21c5f85a3f49a37275b37fd012faeffcb7c4a.exe",6752,"Load Image","Image Base: 0x728b0000, Image Size: 0x71000","C:\Windows\SysWOW64\AppResolver.dll"
"d4e97a18be820a1a3af639c9bca21c5f85a3f49a37275b37fd012faeffcb7c4a.exe",6752,"CreateFile","Desired Access: Read Attributes, Disposition: Open, Options: Open Reparse Point, Attributes: n/a, ShareMode: Read, Write, Delete, AllocationSize: n/a, OpenResult: Opened","C:\Windows\SysWOW64\BCP47Langs.dll"
"d4e97a18be820a1a3af639c9bca21c5f85a3f49a37275b37fd012faeffcb7c4a.exe",6752,"CreateFile","Desired Access: Read Data/List Directory, Execute/Traverse, Synchronize, Disposition: Open, Options: Synchronous IO Non-Alert, Non-Directory File, Attributes: n/a, ShareMode: Read, Delete, AllocationSize: n/a, OpenResult: Opened","C:\Windows\SysWOW64\BCP47Langs.dll"
"d4e97a18be820a1a3af639c9bca21c5f85a3f49a37275b37fd012faeffcb7c4a.exe",6752,"CreateFile","Desired Access: Read Attributes, Disposition: Open, Options: Open Reparse Point, Attributes: n/a, ShareMode: Read, Write, Delete, AllocationSize: n/a, OpenResult: Opened","C:\Windows\SysWOW64\slc.dll"
"d4e97a18be820a1a3af639c9bca21c5f85a3f49a37275b37fd012faeffcb7c4a.exe",6752,"CreateFile","Desired Access: Read Data/List Directory, Execute/Traverse, Synchronize, Disposition: Open, Options: Synchronous IO Non-Alert, Non-Directory File, Attributes: n/a, ShareMode: Read, Delete, AllocationSize: n/a, OpenResult: Opened","C:\Windows\SysWOW64\slc.dll"
"d4e97a18be820a1a3af639c9bca21c5f85a3f49a37275b37fd012faeffcb7c4a.exe",6752,"Load Image","Image Base: 0x72880000, Image Size: 0x21000","C:\Windows\SysWOW64\slc.dll"
"d4e97a18be820a1a3af639c9bca21c5f85a3f49a37275b37fd012faeffcb7c4a.exe",6752,"CreateFile","Desired Access: Read Attributes, Disposition: Open, Options: Open Reparse Point, Attributes: n/a, ShareMode: Read, Write, Delete, AllocationSize: n/a, OpenResult: Opened","C:\Windows\SysWOW64\userenv.dll"
"d4e97a18be820a1a3af639c9bca21c5f85a3f49a37275b37fd012faeffcb7c4a.exe",6752,"CreateFile","Desired Access: Read Data/List Directory, Execute/Traverse, Synchronize, Disposition: Open, Options: Synchronous IO Non-Alert, Non-Directory File, Attributes: n/a, ShareMode: Read, Delete, AllocationSize: n/a, OpenResult: Opened","C:\Windows\SysWOW64\userenv.dll"
"d4e97a18be820a1a3af639c9bca21c5f85a3f49a37275b37fd012faeffcb7c4a.exe",6752,"Load Image","Image Base: 0x72850000, Image Size: 0x24000","C:\Windows\SysWOW64\userenv.dll"
"d4e97a18be820a1a3af639c9bca21c5f85a3f49a37275b37fd012faeffcb7c4a.exe",6752,"CreateFile","Desired Access: Read Attributes, Disposition: Open, Options: Open Reparse Point, Attributes: n/a, ShareMode: Read, Write, Delete, AllocationSize: n/a, OpenResult: Opened","C:\Windows\SysWOW64\sppc.dll"
"d4e97a18be820a1a3af639c9bca21c5f85a3f49a37275b37fd012faeffcb7c4a.exe",6752,"CreateFile","Desired Access: Read Data/List Directory, Execute/Traverse, Synchronize, Disposition: Open, Options: Synchronous IO Non-Alert, Non-Directory File, Attributes: n/a, ShareMode: Read, Delete, AllocationSize: n/a, OpenResult: Opened","C:\Windows\SysWOW64\sppc.dll"
"d4e97a18be820a1a3af639c9bca21c5f85a3f49a37275b37fd012faeffcb7c4a.exe",6752,"Load Image","Image Base: 0x72830000, Image Size: 0x1c000","C:\Windows\SysWOW64\sppc.dll"
"d4e97a18be820a1a3af639c9bca21c5f85a3f49a37275b37fd012faeffcb7c4a.exe",6752,"Load Image","Image Base: 0x72bb0000, Image Size: 0x46000","C:\Windows\SysWOW64\BCP47Langs.dll"
"d4e97a18be820a1a3af639c9bca21c5f85a3f49a37275b37fd012faeffcb7c4a.exe",6752,"CreateFile","Desired Access: Read Control, Disposition: Open, Options: , Attributes: n/a, ShareMode: Read, Delete, AllocationSize: n/a, OpenResult: Opened","C:\Windows\SysWOW64\BCP47Langs.dll"
"d4e97a18be820a1a3af639c9bca21c5f85a3f49a37275b37fd012faeffcb7c4a.exe",6752,"CreateFile","Desired Access: Read Control, Disposition: Open, Options: , Attributes: n/a, ShareMode: Read, Delete, AllocationSize: n/a, OpenResult: Opened","C:\Windows\SysWOW64\sppc.dll"
"d4e97a18be820a1a3af639c9bca21c5f85a3f49a37275b37fd012faeffcb7c4a.exe",6752,"CreateFile","Desired Access: Read Control, Disposition: Open, Options: , Attributes: n/a, ShareMode: Read, Delete, AllocationSize: n/a, OpenResult: Opened","C:\Windows\SysWOW64\slc.dll"
"d4e97a18be820a1a3af639c9bca21c5f85a3f49a37275b37fd012faeffcb7c4a.exe",6752,"CreateFile","Desired Access: Read Control, Disposition: Open, Options: , Attributes: n/a, ShareMode: Read, Delete, AllocationSize: n/a, OpenResult: Opened","C:\Windows\SysWOW64\userenv.dll"
"d4e97a18be820a1a3af639c9bca21c5f85a3f49a37275b37fd012faeffcb7c4a.exe",6752,"CreateFile","Desired Access: Read Control, Disposition: Open, Options: , Attributes: n/a, ShareMode: Read, Delete, AllocationSize: n/a, OpenResult: Opened","C:\Windows\SysWOW64\AppResolver.dll"
"d4e97a18be820a1a3af639c9bca21c5f85a3f49a37275b37fd012faeffcb7c4a.exe",6752,"CreateFile","Desired Access: Read Attributes, Disposition: Open, Options: Open Reparse Point, Attributes: n/a, ShareMode: Read, Write, Delete, AllocationSize: n/a, OpenResult: Opened","C:\Users\x\AppData\Roaming\Microsoft\Windows\Start Menu\Programs\Startup"
"d4e97a18be820a1a3af639c9bca21c5f85a3f49a37275b37fd012faeffcb7c4a.exe",6752,"CreateFile","Desired Access: Read Attributes, Disposition: Open, Options: Open Reparse Point, Attributes: n/a, ShareMode: Read, Write, Delete, AllocationSize: n/a, OpenResult: Opened","C:\ProgramData\Microsoft\Windows\Start Menu\Programs\StartUp"
"d4e97a18be820a1a3af639c9bca21c5f85a3f49a37275b37fd012faeffcb7c4a.exe",6752,"CreateFile","Desired Access: Read Attributes, Disposition: Open, Options: Open Reparse Point, Attributes: n/a, ShareMode: Read, Write, Delete, AllocationSize: n/a, OpenResult: Opened","C:\Program Files"
"d4e97a18be820a1a3af639c9bca21c5f85a3f49a37275b37fd012faeffcb7c4a.exe",6752,"CreateFile","Desired Access: Read Data/List Directory, Execute/Traverse, Read Attributes, Synchronize, Disposition: Open, Options: Synchronous IO Non-Alert, Non-Directory File, Attributes: N, ShareMode: Read, Delete, AllocationSize: n/a, OpenResult: Opened","C:\Windows\SysWOW64\cmd.exe"
"d4e97a18be820a1a3af639c9bca21c5f85a3f49a37275b37fd012faeffcb7c4a.exe",6752,"CreateFile","Desired Access: Read Attributes, Disposition: Open, Options: Non-Directory File, Attributes: n/a, ShareMode: Read, Write, AllocationSize: n/a, OpenResult: Opened","C:\Windows\SysWOW64\cmd.exe"
"d4e97a18be820a1a3af639c9bca21c5f85a3f49a37275b37fd012faeffcb7c4a.exe",6752,"CreateFile","Desired Access: Read Data/List Directory, Read Attributes, Disposition: Open, Options: Sequential Access, Non-Directory File, Attributes: N, ShareMode: Read, Delete, AllocationSize: n/a, OpenResult: Opened","C:\Windows\SysWOW64\cmd.exe"
"d4e97a18be820a1a3af639c9bca21c5f85a3f49a37275b37fd012faeffcb7c4a.exe",6752,"CreateFile","Desired Access: Generic Read, Disposition: Open, Options: Synchronous IO Non-Alert, Non-Directory File, Attributes: N, ShareMode: Read, AllocationSize: n/a, OpenResult: Opened","C:\Windows\apppatch\sysmain.sdb"
"d4e97a18be820a1a3af639c9bca21c5f85a3f49a37275b37fd012faeffcb7c4a.exe",6752,"CreateFile","Desired Access: Generic Read, Disposition: Open, Options: Synchronous IO Non-Alert, Non-Directory File, Attributes: N, ShareMode: Read, Delete, AllocationSize: n/a, OpenResult: Opened","C:\Windows\apppatch\sysmain.sdb"
"d4e97a18be820a1a3af639c9bca21c5f85a3f49a37275b37fd012faeffcb7c4a.exe",6752,"CreateFile","Desired Access: Generic Read, Disposition: Open, Options: Synchronous IO Non-Alert, Non-Directory File, Attributes: N, ShareMode: Read, Delete, AllocationSize: n/a, OpenResult: Opened","C:\Windows\apppatch\sysmain.sdb"
"d4e97a18be820a1a3af639c9bca21c5f85a3f49a37275b37fd012faeffcb7c4a.exe",6752,"RegSetValue","Type: REG_BINARY, Length: 456, Data: 1A 08 00 00 00 00 00 00 04 00 04 00 01 02 07 00","HKLM\SOFTWARE\Microsoft\Windows NT\CurrentVersion\Notifications\Data\418A073AA3BC3475"
