"Process.Name","PID","Operation","Detail","Path"
"dad7b4bfe0a1adc5ca04cd572f4e6979e64201d51d26472539c0241a76a50f28.exe",6724,"Load Image","Image Base: 0x400000, Image Size: 0x99000","C:\Windows\System32\dad7b4bfe0a1adc5ca04cd572f4e6979e64201d51d26472539c0241a76a50f28.exe"
"dad7b4bfe0a1adc5ca04cd572f4e6979e64201d51d26472539c0241a76a50f28.exe",6724,"Load Image","Image Base: 0x7ff92bf90000, Image Size: 0x1ed000","C:\Windows\System32\ntdll.dll"
"dad7b4bfe0a1adc5ca04cd572f4e6979e64201d51d26472539c0241a76a50f28.exe",6724,"Load Image","Image Base: 0x77500000, Image Size: 0x19c000","C:\Windows\SysWOW64\ntdll.dll"
"dad7b4bfe0a1adc5ca04cd572f4e6979e64201d51d26472539c0241a76a50f28.exe",6724,"CreateFile","Desired Access: Generic Read, Disposition: Open, Options: Synchronous IO Non-Alert, Attributes: n/a, ShareMode: None, AllocationSize: n/a","C:\Windows\Prefetch\DAD7B4BFE0A1ADC5CA04CD572F4E6-AB8DD3E5.pf"
"dad7b4bfe0a1adc5ca04cd572f4e6979e64201d51d26472539c0241a76a50f28.exe",6724,"CreateFile","Desired Access: Execute/Traverse, Synchronize, Disposition: Open, Options: Directory, Synchronous IO Non-Alert, Attributes: n/a, ShareMode: Read, Write, AllocationSize: n/a, OpenResult: Opened","C:\Windows"
"dad7b4bfe0a1adc5ca04cd572f4e6979e64201d51d26472539c0241a76a50f28.exe",6724,"Load Image","Image Base: 0x7ff92b4a0000, Image Size: 0x53000","C:\Windows\System32\wow64.dll"
"dad7b4bfe0a1adc5ca04cd572f4e6979e64201d51d26472539c0241a76a50f28.exe",6724,"Load Image","Image Base: 0x7ff92bcd0000, Image Size: 0x7c000","C:\Windows\System32\wow64win.dll"
"dad7b4bfe0a1adc5ca04cd572f4e6979e64201d51d26472539c0241a76a50f28.exe",6724,"CreateFile","Desired Access: Read Attributes, Disposition: Open, Options: Open Reparse Point, Attributes: n/a, ShareMode: Read, Write, Delete, AllocationSize: n/a","C:\Windows\System32\wow64log.dll"
"dad7b4bfe0a1adc5ca04cd572f4e6979e64201d51d26472539c0241a76a50f28.exe",6724,"CreateFile","Desired Access: Read Attributes, Synchronize, Disposition: Open, Options: Synchronous IO Non-Alert, Attributes: n/a, ShareMode: Read, Write, Delete, AllocationSize: n/a, OpenResult: Opened","C:\Windows"
"dad7b4bfe0a1adc5ca04cd572f4e6979e64201d51d26472539c0241a76a50f28.exe",6724,"Load Image","Image Base: 0x774f0000, Image Size: 0x9000","C:\Windows\System32\wow64cpu.dll"
"dad7b4bfe0a1adc5ca04cd572f4e6979e64201d51d26472539c0241a76a50f28.exe",6724,"ReadFile","Offset: 5,632, Length: 3,072, I/O Flags: Non-cached, Paging I/O, Synchronous Paging I/O, Priority: Normal","C:\Windows\System32\wow64cpu.dll"
"dad7b4bfe0a1adc5ca04cd572f4e6979e64201d51d26472539c0241a76a50f28.exe",6724,"ReadFile","Offset: 8,704, Length: 512, I/O Flags: Non-cached, Paging I/O, Synchronous Paging I/O, Priority: Normal","C:\Windows\System32\wow64cpu.dll"
"dad7b4bfe0a1adc5ca04cd572f4e6979e64201d51d26472539c0241a76a50f28.exe",6724,"CreateFile","Desired Access: Execute/Traverse, Synchronize, Disposition: Open, Options: Directory, Synchronous IO Non-Alert, Attributes: n/a, ShareMode: Read, Write, AllocationSize: n/a, OpenResult: Opened","C:\Windows\SysWOW64"
"dad7b4bfe0a1adc5ca04cd572f4e6979e64201d51d26472539c0241a76a50f28.exe",6724,"Load Image","Image Base: 0x74ec0000, Image Size: 0xe0000","C:\Windows\SysWOW64\kernel32.dll"
"dad7b4bfe0a1adc5ca04cd572f4e6979e64201d51d26472539c0241a76a50f28.exe",6724,"Load Image","Image Base: 0x77110000, Image Size: 0x1f9000","C:\Windows\SysWOW64\KernelBase.dll"
"dad7b4bfe0a1adc5ca04cd572f4e6979e64201d51d26472539c0241a76a50f28.exe",6724,"Load Image","Image Base: 0x76aa0000, Image Size: 0x19a000","C:\Windows\SysWOW64\user32.dll"
"dad7b4bfe0a1adc5ca04cd572f4e6979e64201d51d26472539c0241a76a50f28.exe",6724,"Load Image","Image Base: 0x76810000, Image Size: 0x17000","C:\Windows\SysWOW64\win32u.dll"
"dad7b4bfe0a1adc5ca04cd572f4e6979e64201d51d26472539c0241a76a50f28.exe",6724,"Load Image","Image Base: 0x770e0000, Image Size: 0x23000","C:\Windows\SysWOW64\gdi32.dll"
"dad7b4bfe0a1adc5ca04cd572f4e6979e64201d51d26472539c0241a76a50f28.exe",6724,"Load Image","Image Base: 0x75660000, Image Size: 0x166000","C:\Windows\SysWOW64\gdi32full.dll"
"dad7b4bfe0a1adc5ca04cd572f4e6979e64201d51d26472539c0241a76a50f28.exe",6724,"Load Image","Image Base: 0x77350000, Image Size: 0x80000","C:\Windows\SysWOW64\msvcp_win.dll"
"dad7b4bfe0a1adc5ca04cd572f4e6979e64201d51d26472539c0241a76a50f28.exe",6724,"Load Image","Image Base: 0x75530000, Image Size: 0x122000","C:\Windows\SysWOW64\ucrtbase.dll"
"dad7b4bfe0a1adc5ca04cd572f4e6979e64201d51d26472539c0241a76a50f28.exe",6724,"Load Image","Image Base: 0x769c0000, Image Size: 0x7e000","C:\Windows\SysWOW64\advapi32.dll"
"dad7b4bfe0a1adc5ca04cd572f4e6979e64201d51d26472539c0241a76a50f28.exe",6724,"Load Image","Image Base: 0x74b80000, Image Size: 0xc0000","C:\Windows\SysWOW64\msvcrt.dll"
"dad7b4bfe0a1adc5ca04cd572f4e6979e64201d51d26472539c0241a76a50f28.exe",6724,"Load Image","Image Base: 0x757d0000, Image Size: 0x79000","C:\Windows\SysWOW64\sechost.dll"
"dad7b4bfe0a1adc5ca04cd572f4e6979e64201d51d26472539c0241a76a50f28.exe",6724,"Load Image","Image Base: 0x76c40000, Image Size: 0xbf000","C:\Windows\SysWOW64\rpcrt4.dll"
"dad7b4bfe0a1adc5ca04cd572f4e6979e64201d51d26472539c0241a76a50f28.exe",6724,"ReadFile","Offset: 710,656, Length: 1,536, I/O Flags: Non-cached, Paging I/O, Synchronous Paging I/O, Priority: Normal","C:\Windows\SysWOW64\rpcrt4.dll"
"dad7b4bfe0a1adc5ca04cd572f4e6979e64201d51d26472539c0241a76a50f28.exe",6724,"Load Image","Image Base: 0x74b60000, Image Size: 0x20000","C:\Windows\SysWOW64\sspicli.dll"
"dad7b4bfe0a1adc5ca04cd572f4e6979e64201d51d26472539c0241a76a50f28.exe",6724,"Load Image","Image Base: 0x74b50000, Image Size: 0xa000","C:\Windows\SysWOW64\cryptbase.dll"
"dad7b4bfe0a1adc5ca04cd572f4e6979e64201d51d26472539c0241a76a50f28.exe",6724,"Load Image","Image Base: 0x76570000, Image Size: 0x62000","C:\Windows\SysWOW64\bcryptprimitives.dll"
"dad7b4bfe0a1adc5ca04cd572f4e6979e64201d51d26472539c0241a76a50f28.exe",6724,"Load Image","Image Base: 0x758f0000, Image Size: 0x553000","C:\Windows\SysWOW64\shell32.dll"
"dad7b4bfe0a1adc5ca04cd572f4e6979e64201d51d26472539c0241a76a50f28.exe",6724,"ReadFile","Offset: 5,152,768, Length: 9,216, I/O Flags: Non-cached, Paging I/O, Synchronous Paging I/O, Priority: Normal","C:\Windows\SysWOW64\shell32.dll"
"dad7b4bfe0a1adc5ca04cd572f4e6979e64201d51d26472539c0241a76a50f28.exe",6724,"ReadFile","Offset: 5,202,432, Length: 5,632, I/O Flags: Non-cached, Paging I/O, Synchronous Paging I/O, Priority: Normal","C:\Windows\SysWOW64\shell32.dll"
"dad7b4bfe0a1adc5ca04cd572f4e6979e64201d51d26472539c0241a76a50f28.exe",6724,"ReadFile","Offset: 5,161,984, Length: 8,192, I/O Flags: Non-cached, Paging I/O, Synchronous Paging I/O, Priority: Normal","C:\Windows\SysWOW64\shell32.dll"
"dad7b4bfe0a1adc5ca04cd572f4e6979e64201d51d26472539c0241a76a50f28.exe",6724,"Load Image","Image Base: 0x77310000, Image Size: 0x3b000","C:\Windows\SysWOW64\cfgmgr32.dll"
"dad7b4bfe0a1adc5ca04cd572f4e6979e64201d51d26472539c0241a76a50f28.exe",6724,"ReadFile","Offset: 214,528, Length: 512, I/O Flags: Non-cached, Paging I/O, Synchronous Paging I/O, Priority: Normal","C:\Windows\SysWOW64\cfgmgr32.dll"
"dad7b4bfe0a1adc5ca04cd572f4e6979e64201d51d26472539c0241a76a50f28.exe",6724,"ReadFile","Offset: 206,848, Length: 4,096, I/O Flags: Non-cached, Paging I/O, Synchronous Paging I/O, Priority: Normal","C:\Windows\SysWOW64\cfgmgr32.dll"
"dad7b4bfe0a1adc5ca04cd572f4e6979e64201d51d26472539c0241a76a50f28.exe",6724,"Load Image","Image Base: 0x773d0000, Image Size: 0x89000","C:\Windows\SysWOW64\SHCore.dll"
"dad7b4bfe0a1adc5ca04cd572f4e6979e64201d51d26472539c0241a76a50f28.exe",6724,"ReadFile","Offset: 505,856, Length: 512, I/O Flags: Non-cached, Paging I/O, Synchronous Paging I/O, Priority: Normal","C:\Windows\SysWOW64\SHCore.dll"
"dad7b4bfe0a1adc5ca04cd572f4e6979e64201d51d26472539c0241a76a50f28.exe",6724,"ReadFile","Offset: 496,128, Length: 4,096, I/O Flags: Non-cached, Paging I/O, Synchronous Paging I/O, Priority: Normal","C:\Windows\SysWOW64\SHCore.dll"
"dad7b4bfe0a1adc5ca04cd572f4e6979e64201d51d26472539c0241a76a50f28.exe",6724,"Load Image","Image Base: 0x74c40000, Image Size: 0x278000","C:\Windows\SysWOW64\combase.dll"
"dad7b4bfe0a1adc5ca04cd572f4e6979e64201d51d26472539c0241a76a50f28.exe",6724,"ReadFile","Offset: 2,332,160, Length: 1,024, I/O Flags: Non-cached, Paging I/O, Synchronous Paging I/O, Priority: Normal","C:\Windows\SysWOW64\combase.dll"
"dad7b4bfe0a1adc5ca04cd572f4e6979e64201d51d26472539c0241a76a50f28.exe",6724,"ReadFile","Offset: 2,313,216, Length: 4,096, I/O Flags: Non-cached, Paging I/O, Synchronous Paging I/O, Priority: Normal","C:\Windows\SysWOW64\combase.dll"
"dad7b4bfe0a1adc5ca04cd572f4e6979e64201d51d26472539c0241a76a50f28.exe",6724,"Load Image","Image Base: 0x75e50000, Image Size: 0x5fe000","C:\Windows\SysWOW64\windows.storage.dll"
"dad7b4bfe0a1adc5ca04cd572f4e6979e64201d51d26472539c0241a76a50f28.exe",6724,"ReadFile","Offset: 5,846,016, Length: 3,584, I/O Flags: Non-cached, Paging I/O, Synchronous Paging I/O, Priority: Normal","C:\Windows\SysWOW64\windows.storage.dll"
"dad7b4bfe0a1adc5ca04cd572f4e6979e64201d51d26472539c0241a76a50f28.exe",6724,"ReadFile","Offset: 5,820,928, Length: 4,096, I/O Flags: Non-cached, Paging I/O, Synchronous Paging I/O, Priority: Normal","C:\Windows\SysWOW64\windows.storage.dll"
"dad7b4bfe0a1adc5ca04cd572f4e6979e64201d51d26472539c0241a76a50f28.exe",6724,"Load Image","Image Base: 0x75410000, Image Size: 0x1c000","C:\Windows\SysWOW64\profapi.dll"
"dad7b4bfe0a1adc5ca04cd572f4e6979e64201d51d26472539c0241a76a50f28.exe",6724,"ReadFile","Offset: 91,136, Length: 512, I/O Flags: Non-cached, Paging I/O, Synchronous Paging I/O, Priority: Normal","C:\Windows\SysWOW64\profapi.dll"
"dad7b4bfe0a1adc5ca04cd572f4e6979e64201d51d26472539c0241a76a50f28.exe",6724,"ReadFile","Offset: 84,480, Length: 4,096, I/O Flags: Non-cached, Paging I/O, Synchronous Paging I/O, Priority: Normal","C:\Windows\SysWOW64\profapi.dll"
"dad7b4bfe0a1adc5ca04cd572f4e6979e64201d51d26472539c0241a76a50f28.exe",6724,"Load Image","Image Base: 0x75860000, Image Size: 0x54000","C:\Windows\SysWOW64\powrprof.dll"
"dad7b4bfe0a1adc5ca04cd572f4e6979e64201d51d26472539c0241a76a50f28.exe",6724,"ReadFile","Offset: 156,160, Length: 512, I/O Flags: Non-cached, Paging I/O, Synchronous Paging I/O, Priority: Normal","C:\Windows\SysWOW64\powrprof.dll"
"dad7b4bfe0a1adc5ca04cd572f4e6979e64201d51d26472539c0241a76a50f28.exe",6724,"ReadFile","Offset: 149,504, Length: 4,096, I/O Flags: Non-cached, Paging I/O, Synchronous Paging I/O, Priority: Normal","C:\Windows\SysWOW64\powrprof.dll"
"dad7b4bfe0a1adc5ca04cd572f4e6979e64201d51d26472539c0241a76a50f28.exe",6724,"Load Image","Image Base: 0x76470000, Image Size: 0x44000","C:\Windows\SysWOW64\shlwapi.dll"
"dad7b4bfe0a1adc5ca04cd572f4e6979e64201d51d26472539c0241a76a50f28.exe",6724,"ReadFile","Offset: 248,832, Length: 1,024, I/O Flags: Non-cached, Paging I/O, Synchronous Paging I/O, Priority: Normal","C:\Windows\SysWOW64\shlwapi.dll"
"dad7b4bfe0a1adc5ca04cd572f4e6979e64201d51d26472539c0241a76a50f28.exe",6724,"ReadFile","Offset: 233,472, Length: 4,096, I/O Flags: Non-cached, Paging I/O, Synchronous Paging I/O, Priority: Normal","C:\Windows\SysWOW64\shlwapi.dll"
"dad7b4bfe0a1adc5ca04cd572f4e6979e64201d51d26472539c0241a76a50f28.exe",6724,"Load Image","Image Base: 0x76450000, Image Size: 0xf000","C:\Windows\SysWOW64\kernel.appcore.dll"
"dad7b4bfe0a1adc5ca04cd572f4e6979e64201d51d26472539c0241a76a50f28.exe",6724,"Load Image","Image Base: 0x77060000, Image Size: 0x12000","C:\Windows\SysWOW64\cryptsp.dll"
"dad7b4bfe0a1adc5ca04cd572f4e6979e64201d51d26472539c0241a76a50f28.exe",6724,"ReadFile","Offset: 53,760, Length: 512, I/O Flags: Non-cached, Paging I/O, Synchronous Paging I/O, Priority: Normal","C:\Windows\SysWOW64\cryptsp.dll"
"dad7b4bfe0a1adc5ca04cd572f4e6979e64201d51d26472539c0241a76a50f28.exe",6724,"ReadFile","Offset: 5,808,128, Length: 12,800, I/O Flags: Non-cached, Paging I/O, Synchronous Paging I/O, Priority: Normal","C:\Windows\SysWOW64\windows.storage.dll"
"dad7b4bfe0a1adc5ca04cd572f4e6979e64201d51d26472539c0241a76a50f28.exe",6724,"ReadFile","Offset: 50,688, Length: 3,072, I/O Flags: Non-cached, Paging I/O, Synchronous Paging I/O, Priority: Normal","C:\Windows\SysWOW64\cryptsp.dll"
"dad7b4bfe0a1adc5ca04cd572f4e6979e64201d51d26472539c0241a76a50f28.exe",6724,"Load Image","Image Base: 0x76ea0000, Image Size: 0xfc000","C:\Windows\SysWOW64\ole32.dll"
"dad7b4bfe0a1adc5ca04cd572f4e6979e64201d51d26472539c0241a76a50f28.exe",6724,"ReadFile","Offset: 872,960, Length: 512, I/O Flags: Non-cached, Paging I/O, Synchronous Paging I/O, Priority: Normal","C:\Windows\SysWOW64\ole32.dll"
"dad7b4bfe0a1adc5ca04cd572f4e6979e64201d51d26472539c0241a76a50f28.exe",6724,"ReadFile","Offset: 848,384, Length: 4,096, I/O Flags: Non-cached, Paging I/O, Synchronous Paging I/O, Priority: Normal","C:\Windows\SysWOW64\ole32.dll"
"dad7b4bfe0a1adc5ca04cd572f4e6979e64201d51d26472539c0241a76a50f28.exe",6724,"Load Image","Image Base: 0x76630000, Image Size: 0x96000","C:\Windows\SysWOW64\oleaut32.dll"
"dad7b4bfe0a1adc5ca04cd572f4e6979e64201d51d26472539c0241a76a50f28.exe",6724,"CreateFile","Desired Access: Read Attributes, Disposition: Open, Options: Open Reparse Point, Attributes: n/a, ShareMode: Read, Write, Delete, AllocationSize: n/a","C:\Windows\SysWOW64\dad7b4bfe0a1adc5ca04cd572f4e6979e64201d51d26472539c0241a76a50f28.exe.Local"
"dad7b4bfe0a1adc5ca04cd572f4e6979e64201d51d26472539c0241a76a50f28.exe",6724,"CreateFile","Desired Access: Execute/Traverse, Synchronize, Disposition: Open, Options: Directory, Synchronous IO Non-Alert, Attributes: n/a, ShareMode: Read, Write, AllocationSize: n/a, OpenResult: Opened","C:\Windows\WinSxS\x86_microsoft.windows.common-controls_6595b64144ccf1df_5.82.17763.914_none_588d2e5778ae6845"
"dad7b4bfe0a1adc5ca04cd572f4e6979e64201d51d26472539c0241a76a50f28.exe",6724,"Load Image","Image Base: 0x76fa0000, Image Size: 0x5f000","C:\Windows\SysWOW64\ws2_32.dll"
"dad7b4bfe0a1adc5ca04cd572f4e6979e64201d51d26472539c0241a76a50f28.exe",6724,"ReadFile","Offset: 284,672, Length: 512, I/O Flags: Non-cached, Paging I/O, Synchronous Paging I/O, Priority: Normal","C:\Windows\SysWOW64\ws2_32.dll"
"dad7b4bfe0a1adc5ca04cd572f4e6979e64201d51d26472539c0241a76a50f28.exe",6724,"ReadFile","Offset: 276,480, Length: 4,096, I/O Flags: Non-cached, Paging I/O, Synchronous Paging I/O, Priority: Normal","C:\Windows\SysWOW64\ws2_32.dll"
"dad7b4bfe0a1adc5ca04cd572f4e6979e64201d51d26472539c0241a76a50f28.exe",6724,"Load Image","Image Base: 0x75430000, Image Size: 0xfa000","C:\Windows\SysWOW64\comdlg32.dll"
"dad7b4bfe0a1adc5ca04cd572f4e6979e64201d51d26472539c0241a76a50f28.exe",6724,"ReadFile","Offset: 602,624, Length: 1,024, I/O Flags: Non-cached, Paging I/O, Synchronous Paging I/O, Priority: Normal","C:\Windows\SysWOW64\comdlg32.dll"
"dad7b4bfe0a1adc5ca04cd572f4e6979e64201d51d26472539c0241a76a50f28.exe",6724,"ReadFile","Offset: 585,728, Length: 4,096, I/O Flags: Non-cached, Paging I/O, Synchronous Paging I/O, Priority: Normal","C:\Windows\SysWOW64\comdlg32.dll"
"dad7b4bfe0a1adc5ca04cd572f4e6979e64201d51d26472539c0241a76a50f28.exe",6724,"CreateFile","Desired Access: Read Attributes, Disposition: Open, Options: Open Reparse Point, Attributes: n/a, ShareMode: Read, Write, Delete, AllocationSize: n/a, OpenResult: Opened","C:\Windows\WinSxS\x86_microsoft.windows.common-controls_6595b64144ccf1df_5.82.17763.914_none_588d2e5778ae6845\comctl32.dll"
"dad7b4bfe0a1adc5ca04cd572f4e6979e64201d51d26472539c0241a76a50f28.exe",6724,"CreateFile","Desired Access: Read Data/List Directory, Execute/Traverse, Synchronize, Disposition: Open, Options: Synchronous IO Non-Alert, Non-Directory File, Attributes: n/a, ShareMode: Read, Delete, AllocationSize: n/a, OpenResult: Opened","C:\Windows\WinSxS\x86_microsoft.windows.common-controls_6595b64144ccf1df_5.82.17763.914_none_588d2e5778ae6845\comctl32.dll"
"dad7b4bfe0a1adc5ca04cd572f4e6979e64201d51d26472539c0241a76a50f28.exe",6724,"Load Image","Image Base: 0x72de0000, Image Size: 0x8e000","C:\Windows\WinSxS\x86_microsoft.windows.common-controls_6595b64144ccf1df_5.82.17763.914_none_588d2e5778ae6845\comctl32.dll"
"dad7b4bfe0a1adc5ca04cd572f4e6979e64201d51d26472539c0241a76a50f28.exe",6724,"ReadFile","Offset: 468,992, Length: 4,096, I/O Flags: Non-cached, Paging I/O, Synchronous Paging I/O, Priority: Normal","C:\Windows\WinSxS\x86_microsoft.windows.common-controls_6595b64144ccf1df_5.82.17763.914_none_588d2e5778ae6845\comctl32.dll"
"dad7b4bfe0a1adc5ca04cd572f4e6979e64201d51d26472539c0241a76a50f28.exe",6724,"ReadFile","Offset: 473,088, Length: 4,096, I/O Flags: Non-cached, Paging I/O, Synchronous Paging I/O, Priority: Normal","C:\Windows\WinSxS\x86_microsoft.windows.common-controls_6595b64144ccf1df_5.82.17763.914_none_588d2e5778ae6845\comctl32.dll"
"dad7b4bfe0a1adc5ca04cd572f4e6979e64201d51d26472539c0241a76a50f28.exe",6724,"CreateFile","Desired Access: Read Attributes, Disposition: Open, Options: Open Reparse Point, Attributes: n/a, ShareMode: Read, Write, Delete, AllocationSize: n/a, OpenResult: Opened","C:\Windows\SysWOW64\oledlg.dll"
"dad7b4bfe0a1adc5ca04cd572f4e6979e64201d51d26472539c0241a76a50f28.exe",6724,"CreateFile","Desired Access: Read Attributes, Disposition: Open, Options: Open Reparse Point, Attributes: n/a, ShareMode: Read, Write, Delete, AllocationSize: n/a, OpenResult: Opened","C:\Windows\SysWOW64\urlmon.dll"
"dad7b4bfe0a1adc5ca04cd572f4e6979e64201d51d26472539c0241a76a50f28.exe",6724,"CreateFile","Desired Access: Read Data/List Directory, Execute/Traverse, Synchronize, Disposition: Open, Options: Synchronous IO Non-Alert, Non-Directory File, Attributes: n/a, ShareMode: Read, Delete, AllocationSize: n/a, OpenResult: Opened","C:\Windows\SysWOW64\urlmon.dll"
"dad7b4bfe0a1adc5ca04cd572f4e6979e64201d51d26472539c0241a76a50f28.exe",6724,"Load Image","Image Base: 0x72490000, Image Size: 0x1be000","C:\Windows\SysWOW64\urlmon.dll"
"dad7b4bfe0a1adc5ca04cd572f4e6979e64201d51d26472539c0241a76a50f28.exe",6724,"ReadFile","Offset: 1,360,384, Length: 1,536, I/O Flags: Non-cached, Paging I/O, Synchronous Paging I/O, Priority: Normal","C:\Windows\SysWOW64\urlmon.dll"
"dad7b4bfe0a1adc5ca04cd572f4e6979e64201d51d26472539c0241a76a50f28.exe",6724,"CreateFile","Desired Access: Read Data/List Directory, Execute/Traverse, Synchronize, Disposition: Open, Options: Synchronous IO Non-Alert, Non-Directory File, Attributes: n/a, ShareMode: Read, Delete, AllocationSize: n/a, OpenResult: Opened","C:\Windows\SysWOW64\oledlg.dll"
"dad7b4bfe0a1adc5ca04cd572f4e6979e64201d51d26472539c0241a76a50f28.exe",6724,"ReadFile","Offset: 0, Length: 4,096, I/O Flags: Non-cached, Paging I/O, Synchronous Paging I/O, Priority: Normal","C:\Windows\SysWOW64\oledlg.dll"
"dad7b4bfe0a1adc5ca04cd572f4e6979e64201d51d26472539c0241a76a50f28.exe",6724,"ReadFile","Offset: 1,342,464, Length: 4,096, I/O Flags: Non-cached, Paging I/O, Synchronous Paging I/O, Priority: Normal","C:\Windows\SysWOW64\urlmon.dll"
"dad7b4bfe0a1adc5ca04cd572f4e6979e64201d51d26472539c0241a76a50f28.exe",6724,"ReadFile","Offset: 1,024, Length: 32,768, I/O Flags: Non-cached, Paging I/O, Synchronous Paging I/O, Priority: Normal","C:\Windows\SysWOW64\oledlg.dll"
"dad7b4bfe0a1adc5ca04cd572f4e6979e64201d51d26472539c0241a76a50f28.exe",6724,"CreateFile","Desired Access: Read Attributes, Disposition: Open, Options: Open Reparse Point, Attributes: n/a, ShareMode: Read, Write, Delete, AllocationSize: n/a, OpenResult: Opened","C:\Windows\SysWOW64\pdh.dll"
"dad7b4bfe0a1adc5ca04cd572f4e6979e64201d51d26472539c0241a76a50f28.exe",6724,"CreateFile","Desired Access: Read Data/List Directory, Execute/Traverse, Synchronize, Disposition: Open, Options: Synchronous IO Non-Alert, Non-Directory File, Attributes: n/a, ShareMode: Read, Delete, AllocationSize: n/a, OpenResult: Opened","C:\Windows\SysWOW64\pdh.dll"
"dad7b4bfe0a1adc5ca04cd572f4e6979e64201d51d26472539c0241a76a50f28.exe",6724,"Load Image","Image Base: 0x707d0000, Image Size: 0x43000","C:\Windows\SysWOW64\pdh.dll"
"dad7b4bfe0a1adc5ca04cd572f4e6979e64201d51d26472539c0241a76a50f28.exe",6724,"ReadFile","Offset: 238,080, Length: 512, I/O Flags: Non-cached, Paging I/O, Synchronous Paging I/O, Priority: Normal","C:\Windows\SysWOW64\pdh.dll"
"dad7b4bfe0a1adc5ca04cd572f4e6979e64201d51d26472539c0241a76a50f28.exe",6724,"ReadFile","Offset: 141,824, Length: 7,168, I/O Flags: Non-cached, Paging I/O, Synchronous Paging I/O, Priority: Normal","C:\Windows\SysWOW64\oledlg.dll"
"dad7b4bfe0a1adc5ca04cd572f4e6979e64201d51d26472539c0241a76a50f28.exe",6724,"CreateFile","Desired Access: Read Attributes, Disposition: Open, Options: Open Reparse Point, Attributes: n/a, ShareMode: Read, Write, Delete, AllocationSize: n/a, OpenResult: Opened","C:\Windows\SysWOW64\netapi32.dll"
"dad7b4bfe0a1adc5ca04cd572f4e6979e64201d51d26472539c0241a76a50f28.exe",6724,"ReadFile","Offset: 238,592, Length: 4,096, I/O Flags: Non-cached, Paging I/O, Synchronous Paging I/O, Priority: Normal","C:\Windows\SysWOW64\pdh.dll"
"dad7b4bfe0a1adc5ca04cd572f4e6979e64201d51d26472539c0241a76a50f28.exe",6724,"CreateFile","Desired Access: Read Data/List Directory, Execute/Traverse, Synchronize, Disposition: Open, Options: Synchronous IO Non-Alert, Non-Directory File, Attributes: n/a, ShareMode: Read, Delete, AllocationSize: n/a, OpenResult: Opened","C:\Windows\SysWOW64\netapi32.dll"
"dad7b4bfe0a1adc5ca04cd572f4e6979e64201d51d26472539c0241a76a50f28.exe",6724,"Load Image","Image Base: 0x702a0000, Image Size: 0x29000","C:\Windows\SysWOW64\oledlg.dll"
"dad7b4bfe0a1adc5ca04cd572f4e6979e64201d51d26472539c0241a76a50f28.exe",6724,"ReadFile","Offset: 87,040, Length: 29,696, I/O Flags: Non-cached, Paging I/O, Synchronous Paging I/O, Priority: Normal","C:\Windows\SysWOW64\oledlg.dll"
"dad7b4bfe0a1adc5ca04cd572f4e6979e64201d51d26472539c0241a76a50f28.exe",6724,"Load Image","Image Base: 0x72d50000, Image Size: 0x13000","C:\Windows\SysWOW64\netapi32.dll"
"dad7b4bfe0a1adc5ca04cd572f4e6979e64201d51d26472539c0241a76a50f28.exe",6724,"ReadFile","Offset: 52,736, Length: 512, I/O Flags: Non-cached, Paging I/O, Synchronous Paging I/O, Priority: Normal","C:\Windows\SysWOW64\netapi32.dll"
"dad7b4bfe0a1adc5ca04cd572f4e6979e64201d51d26472539c0241a76a50f28.exe",6724,"CreateFile","Desired Access: Read Attributes, Disposition: Open, Options: Open Reparse Point, Attributes: n/a, ShareMode: Read, Write, Delete, AllocationSize: n/a, OpenResult: Opened","C:\Windows\SysWOW64\tapi32.dll"
"dad7b4bfe0a1adc5ca04cd572f4e6979e64201d51d26472539c0241a76a50f28.exe",6724,"CreateFile","Desired Access: Read Data/List Directory, Execute/Traverse, Synchronize, Disposition: Open, Options: Synchronous IO Non-Alert, Non-Directory File, Attributes: n/a, ShareMode: Read, Delete, AllocationSize: n/a, OpenResult: Opened","C:\Windows\SysWOW64\tapi32.dll"
"dad7b4bfe0a1adc5ca04cd572f4e6979e64201d51d26472539c0241a76a50f28.exe",6724,"ReadFile","Offset: 0, Length: 4,096, I/O Flags: Non-cached, Paging I/O, Synchronous Paging I/O, Priority: Normal","C:\Windows\SysWOW64\tapi32.dll"
"dad7b4bfe0a1adc5ca04cd572f4e6979e64201d51d26472539c0241a76a50f28.exe",6724,"ReadFile","Offset: 116,736, Length: 512, I/O Flags: Non-cached, Paging I/O, Synchronous Paging I/O, Priority: Normal","C:\Windows\SysWOW64\oledlg.dll"
"dad7b4bfe0a1adc5ca04cd572f4e6979e64201d51d26472539c0241a76a50f28.exe",6724,"ReadFile","Offset: 56,320, Length: 512, I/O Flags: Non-cached, Paging I/O, Synchronous Paging I/O, Priority: Normal","C:\Windows\SysWOW64\netapi32.dll"
"dad7b4bfe0a1adc5ca04cd572f4e6979e64201d51d26472539c0241a76a50f28.exe",6724,"ReadFile","Offset: 125,952, Length: 15,872, I/O Flags: Non-cached, Paging I/O, Synchronous Paging I/O, Priority: Normal","C:\Windows\SysWOW64\oledlg.dll"
"dad7b4bfe0a1adc5ca04cd572f4e6979e64201d51d26472539c0241a76a50f28.exe",6724,"ReadFile","Offset: 1,024, Length: 32,768, I/O Flags: Non-cached, Paging I/O, Synchronous Paging I/O, Priority: Normal","C:\Windows\SysWOW64\tapi32.dll"
"dad7b4bfe0a1adc5ca04cd572f4e6979e64201d51d26472539c0241a76a50f28.exe",6724,"ReadFile","Offset: 53,248, Length: 3,072, I/O Flags: Non-cached, Paging I/O, Synchronous Paging I/O, Priority: Normal","C:\Windows\SysWOW64\netapi32.dll"
"dad7b4bfe0a1adc5ca04cd572f4e6979e64201d51d26472539c0241a76a50f28.exe",6724,"ReadFile","Offset: 117,248, Length: 8,704, I/O Flags: Non-cached, Paging I/O, Synchronous Paging I/O, Priority: Normal","C:\Windows\SysWOW64\oledlg.dll"
"dad7b4bfe0a1adc5ca04cd572f4e6979e64201d51d26472539c0241a76a50f28.exe",6724,"CreateFile","Desired Access: Read Attributes, Disposition: Open, Options: Open Reparse Point, Attributes: n/a, ShareMode: Read, Write, Delete, AllocationSize: n/a, OpenResult: Opened","C:\Windows\SysWOW64\winspool.drv"
"dad7b4bfe0a1adc5ca04cd572f4e6979e64201d51d26472539c0241a76a50f28.exe",6724,"CreateFile","Desired Access: Read Data/List Directory, Execute/Traverse, Synchronize, Disposition: Open, Options: Synchronous IO Non-Alert, Non-Directory File, Attributes: n/a, ShareMode: Read, Delete, AllocationSize: n/a, OpenResult: Opened","C:\Windows\SysWOW64\winspool.drv"
"dad7b4bfe0a1adc5ca04cd572f4e6979e64201d51d26472539c0241a76a50f28.exe",6724,"Load Image","Image Base: 0x72d70000, Image Size: 0x6b000","C:\Windows\SysWOW64\winspool.drv"
"dad7b4bfe0a1adc5ca04cd572f4e6979e64201d51d26472539c0241a76a50f28.exe",6724,"ReadFile","Offset: 297,472, Length: 1,536, I/O Flags: Non-cached, Paging I/O, Synchronous Paging I/O, Priority: Normal","C:\Windows\SysWOW64\winspool.drv"
"dad7b4bfe0a1adc5ca04cd572f4e6979e64201d51d26472539c0241a76a50f28.exe",6724,"ReadFile","Offset: 184,832, Length: 8,704, I/O Flags: Non-cached, Paging I/O, Synchronous Paging I/O, Priority: Normal","C:\Windows\SysWOW64\tapi32.dll"
"dad7b4bfe0a1adc5ca04cd572f4e6979e64201d51d26472539c0241a76a50f28.exe",6724,"CreateFile","Desired Access: Read Attributes, Disposition: Open, Options: Open Reparse Point, Attributes: n/a, ShareMode: Read, Write, Delete, AllocationSize: n/a, OpenResult: Opened","C:\Windows\WinSxS\x86_microsoft.windows.common-controls_6595b64144ccf1df_5.82.17763.914_none_588d2e5778ae6845\comctl32.dll"
"dad7b4bfe0a1adc5ca04cd572f4e6979e64201d51d26472539c0241a76a50f28.exe",6724,"ReadFile","Offset: 308,224, Length: 512, I/O Flags: Non-cached, Paging I/O, Synchronous Paging I/O, Priority: Normal","C:\Windows\SysWOW64\winspool.drv"
"dad7b4bfe0a1adc5ca04cd572f4e6979e64201d51d26472539c0241a76a50f28.exe",6724,"CreateFile","Desired Access: Read Attributes, Disposition: Open, Options: Open Reparse Point, Attributes: n/a, ShareMode: Read, Write, Delete, AllocationSize: n/a, OpenResult: Opened","C:\Windows\SysWOW64\iertutil.dll"
"dad7b4bfe0a1adc5ca04cd572f4e6979e64201d51d26472539c0241a76a50f28.exe",6724,"ReadFile","Offset: 299,008, Length: 4,096, I/O Flags: Non-cached, Paging I/O, Synchronous Paging I/O, Priority: Normal","C:\Windows\SysWOW64\winspool.drv"
"dad7b4bfe0a1adc5ca04cd572f4e6979e64201d51d26472539c0241a76a50f28.exe",6724,"CreateFile","Desired Access: Read Data/List Directory, Execute/Traverse, Synchronize, Disposition: Open, Options: Synchronous IO Non-Alert, Non-Directory File, Attributes: n/a, ShareMode: Read, Delete, AllocationSize: n/a, OpenResult: Opened","C:\Windows\SysWOW64\iertutil.dll"
"dad7b4bfe0a1adc5ca04cd572f4e6979e64201d51d26472539c0241a76a50f28.exe",6724,"Load Image","Image Base: 0x72260000, Image Size: 0x22f000","C:\Windows\SysWOW64\iertutil.dll"
"dad7b4bfe0a1adc5ca04cd572f4e6979e64201d51d26472539c0241a76a50f28.exe",6724,"ReadFile","Offset: 2,130,432, Length: 512, I/O Flags: Non-cached, Paging I/O, Synchronous Paging I/O, Priority: Normal","C:\Windows\SysWOW64\iertutil.dll"
"dad7b4bfe0a1adc5ca04cd572f4e6979e64201d51d26472539c0241a76a50f28.exe",6724,"Load Image","Image Base: 0x769a0000, Image Size: 0x19000","C:\Windows\SysWOW64\bcrypt.dll"
"dad7b4bfe0a1adc5ca04cd572f4e6979e64201d51d26472539c0241a76a50f28.exe",6724,"ReadFile","Offset: 76,288, Length: 512, I/O Flags: Non-cached, Paging I/O, Synchronous Paging I/O, Priority: Normal","C:\Windows\SysWOW64\bcrypt.dll"
"dad7b4bfe0a1adc5ca04cd572f4e6979e64201d51d26472539c0241a76a50f28.exe",6724,"ReadFile","Offset: 2,118,656, Length: 4,096, I/O Flags: Non-cached, Paging I/O, Synchronous Paging I/O, Priority: Normal","C:\Windows\SysWOW64\iertutil.dll"
"dad7b4bfe0a1adc5ca04cd572f4e6979e64201d51d26472539c0241a76a50f28.exe",6724,"ReadFile","Offset: 80,384, Length: 512, I/O Flags: Non-cached, Paging I/O, Synchronous Paging I/O, Priority: Normal","C:\Windows\SysWOW64\bcrypt.dll"
"dad7b4bfe0a1adc5ca04cd572f4e6979e64201d51d26472539c0241a76a50f28.exe",6724,"CreateFile","Desired Access: Read Attributes, Disposition: Open, Options: Open Reparse Point, Attributes: n/a, ShareMode: Read, Write, Delete, AllocationSize: n/a, OpenResult: Opened","C:\Windows\SysWOW64\propsys.dll"
"dad7b4bfe0a1adc5ca04cd572f4e6979e64201d51d26472539c0241a76a50f28.exe",6724,"ReadFile","Offset: 76,800, Length: 3,584, I/O Flags: Non-cached, Paging I/O, Synchronous Paging I/O, Priority: Normal","C:\Windows\SysWOW64\bcrypt.dll"
"dad7b4bfe0a1adc5ca04cd572f4e6979e64201d51d26472539c0241a76a50f28.exe",6724,"CreateFile","Desired Access: Read Data/List Directory, Execute/Traverse, Synchronize, Disposition: Open, Options: Synchronous IO Non-Alert, Non-Directory File, Attributes: n/a, ShareMode: Read, Delete, AllocationSize: n/a, OpenResult: Opened","C:\Windows\SysWOW64\propsys.dll"
"dad7b4bfe0a1adc5ca04cd572f4e6979e64201d51d26472539c0241a76a50f28.exe",6724,"Load Image","Image Base: 0x73650000, Image Size: 0x17f000","C:\Windows\SysWOW64\propsys.dll"
"dad7b4bfe0a1adc5ca04cd572f4e6979e64201d51d26472539c0241a76a50f28.exe",6724,"ReadFile","Offset: 728,576, Length: 512, I/O Flags: Non-cached, Paging I/O, Synchronous Paging I/O, Priority: Normal","C:\Windows\SysWOW64\propsys.dll"
"dad7b4bfe0a1adc5ca04cd572f4e6979e64201d51d26472539c0241a76a50f28.exe",6724,"CreateFile","Desired Access: Read Attributes, Disposition: Open, Options: Open Reparse Point, Attributes: n/a, ShareMode: Read, Write, Delete, AllocationSize: n/a, OpenResult: Opened","C:\Windows\SysWOW64\IPHLPAPI.DLL"
"dad7b4bfe0a1adc5ca04cd572f4e6979e64201d51d26472539c0241a76a50f28.exe",6724,"CreateFile","Desired Access: Read Data/List Directory, Execute/Traverse, Synchronize, Disposition: Open, Options: Synchronous IO Non-Alert, Non-Directory File, Attributes: n/a, ShareMode: Read, Delete, AllocationSize: n/a, OpenResult: Opened","C:\Windows\SysWOW64\IPHLPAPI.DLL"
"dad7b4bfe0a1adc5ca04cd572f4e6979e64201d51d26472539c0241a76a50f28.exe",6724,"Load Image","Image Base: 0x72ea0000, Image Size: 0x33000","C:\Windows\SysWOW64\IPHLPAPI.DLL"
"dad7b4bfe0a1adc5ca04cd572f4e6979e64201d51d26472539c0241a76a50f28.exe",6724,"ReadFile","Offset: 179,712, Length: 512, I/O Flags: Non-cached, Paging I/O, Synchronous Paging I/O, Priority: Normal","C:\Windows\SysWOW64\IPHLPAPI.DLL"
"dad7b4bfe0a1adc5ca04cd572f4e6979e64201d51d26472539c0241a76a50f28.exe",6724,"ReadFile","Offset: 716,288, Length: 4,096, I/O Flags: Non-cached, Paging I/O, Synchronous Paging I/O, Priority: Normal","C:\Windows\SysWOW64\propsys.dll"
"dad7b4bfe0a1adc5ca04cd572f4e6979e64201d51d26472539c0241a76a50f28.exe",6724,"ReadFile","Offset: 175,104, Length: 4,096, I/O Flags: Non-cached, Paging I/O, Synchronous Paging I/O, Priority: Normal","C:\Windows\SysWOW64\IPHLPAPI.DLL"
"dad7b4bfe0a1adc5ca04cd572f4e6979e64201d51d26472539c0241a76a50f28.exe",6724,"ReadFile","Offset: 1,341,440, Length: 1,024, I/O Flags: Non-cached, Paging I/O, Synchronous Paging I/O, Priority: Normal","C:\Windows\SysWOW64\urlmon.dll"
"dad7b4bfe0a1adc5ca04cd572f4e6979e64201d51d26472539c0241a76a50f28.exe",6724,"Load Image","Image Base: 0x70260000, Image Size: 0x33000","C:\Windows\SysWOW64\tapi32.dll"
"dad7b4bfe0a1adc5ca04cd572f4e6979e64201d51d26472539c0241a76a50f28.exe",6724,"ReadFile","Offset: 144,384, Length: 32,256, I/O Flags: Non-cached, Paging I/O, Synchronous Paging I/O, Priority: Normal","C:\Windows\SysWOW64\tapi32.dll"
"dad7b4bfe0a1adc5ca04cd572f4e6979e64201d51d26472539c0241a76a50f28.exe",6724,"ReadFile","Offset: 176,640, Length: 1,024, I/O Flags: Non-cached, Paging I/O, Synchronous Paging I/O, Priority: Normal","C:\Windows\SysWOW64\tapi32.dll"
"dad7b4bfe0a1adc5ca04cd572f4e6979e64201d51d26472539c0241a76a50f28.exe",6724,"ReadFile","Offset: 181,760, Length: 512, I/O Flags: Non-cached, Paging I/O, Synchronous Paging I/O, Priority: Normal","C:\Windows\SysWOW64\tapi32.dll"
"dad7b4bfe0a1adc5ca04cd572f4e6979e64201d51d26472539c0241a76a50f28.exe",6724,"ReadFile","Offset: 182,272, Length: 2,560, I/O Flags: Non-cached, Paging I/O, Synchronous Paging I/O, Priority: Normal","C:\Windows\SysWOW64\tapi32.dll"
"dad7b4bfe0a1adc5ca04cd572f4e6979e64201d51d26472539c0241a76a50f28.exe",6724,"CreateFile","Desired Access: Read Attributes, Disposition: Open, Options: Open Reparse Point, Attributes: n/a, ShareMode: Read, Write, Delete, AllocationSize: n/a, OpenResult: Opened","C:\Windows\SysWOW64\netutils.dll"
"dad7b4bfe0a1adc5ca04cd572f4e6979e64201d51d26472539c0241a76a50f28.exe",6724,"CreateFile","Desired Access: Read Data/List Directory, Execute/Traverse, Synchronize, Disposition: Open, Options: Synchronous IO Non-Alert, Non-Directory File, Attributes: n/a, ShareMode: Read, Delete, AllocationSize: n/a, OpenResult: Opened","C:\Windows\SysWOW64\netutils.dll"
"dad7b4bfe0a1adc5ca04cd572f4e6979e64201d51d26472539c0241a76a50f28.exe",6724,"Load Image","Image Base: 0x72ee0000, Image Size: 0xb000","C:\Windows\SysWOW64\netutils.dll"
"dad7b4bfe0a1adc5ca04cd572f4e6979e64201d51d26472539c0241a76a50f28.exe",6724,"ReadFile","Offset: 22,016, Length: 512, I/O Flags: Non-cached, Paging I/O, Synchronous Paging I/O, Priority: Normal","C:\Windows\SysWOW64\netutils.dll"
"dad7b4bfe0a1adc5ca04cd572f4e6979e64201d51d26472539c0241a76a50f28.exe",6724,"ReadFile","Offset: 177,664, Length: 4,096, I/O Flags: Non-cached, Paging I/O, Synchronous Paging I/O, Priority: Normal","C:\Windows\SysWOW64\tapi32.dll"
"dad7b4bfe0a1adc5ca04cd572f4e6979e64201d51d26472539c0241a76a50f28.exe",6724,"ReadFile","Offset: 22,528, Length: 3,072, I/O Flags: Non-cached, Paging I/O, Synchronous Paging I/O, Priority: Normal","C:\Windows\SysWOW64\netutils.dll"
"dad7b4bfe0a1adc5ca04cd572f4e6979e64201d51d26472539c0241a76a50f28.exe",6724,"CreateFile","Desired Access: Read Attributes, Disposition: Open, Options: Open Reparse Point, Attributes: n/a, ShareMode: Read, Write, Delete, AllocationSize: n/a, OpenResult: Opened","C:\Windows\SysWOW64\samcli.dll"
"dad7b4bfe0a1adc5ca04cd572f4e6979e64201d51d26472539c0241a76a50f28.exe",6724,"CreateFile","Desired Access: Read Data/List Directory, Execute/Traverse, Synchronize, Disposition: Open, Options: Synchronous IO Non-Alert, Non-Directory File, Attributes: n/a, ShareMode: Read, Delete, AllocationSize: n/a, OpenResult: Opened","C:\Windows\SysWOW64\samcli.dll"
"dad7b4bfe0a1adc5ca04cd572f4e6979e64201d51d26472539c0241a76a50f28.exe",6724,"Load Image","Image Base: 0x70240000, Image Size: 0x15000","C:\Windows\SysWOW64\samcli.dll"
"dad7b4bfe0a1adc5ca04cd572f4e6979e64201d51d26472539c0241a76a50f28.exe",6724,"ReadFile","Offset: 29,696, Length: 31,744, I/O Flags: Non-cached, Paging I/O, Synchronous Paging I/O, Priority: Normal","C:\Windows\SysWOW64\samcli.dll"
"dad7b4bfe0a1adc5ca04cd572f4e6979e64201d51d26472539c0241a76a50f28.exe",6724,"ReadFile","Offset: 1,024, Length: 28,672, I/O Flags: Non-cached, Paging I/O, Synchronous Paging I/O, Priority: Normal","C:\Windows\SysWOW64\samcli.dll"
"dad7b4bfe0a1adc5ca04cd572f4e6979e64201d51d26472539c0241a76a50f28.exe",6724,"ReadFile","Offset: 61,440, Length: 512, I/O Flags: Non-cached, Paging I/O, Synchronous Paging I/O, Priority: Normal","C:\Windows\SysWOW64\samcli.dll"
"dad7b4bfe0a1adc5ca04cd572f4e6979e64201d51d26472539c0241a76a50f28.exe",6724,"ReadFile","Offset: 65,024, Length: 512, I/O Flags: Non-cached, Paging I/O, Synchronous Paging I/O, Priority: Normal","C:\Windows\SysWOW64\samcli.dll"
"dad7b4bfe0a1adc5ca04cd572f4e6979e64201d51d26472539c0241a76a50f28.exe",6724,"ReadFile","Offset: 61,952, Length: 3,072, I/O Flags: Non-cached, Paging I/O, Synchronous Paging I/O, Priority: Normal","C:\Windows\SysWOW64\samcli.dll"
"dad7b4bfe0a1adc5ca04cd572f4e6979e64201d51d26472539c0241a76a50f28.exe",6724,"CreateFile","Desired Access: Read Attributes, Disposition: Open, Options: Open Reparse Point, Attributes: n/a, ShareMode: Read, Write, Delete, AllocationSize: n/a, OpenResult: Opened","C:\Windows\SysWOW64\imm32.dll"
"dad7b4bfe0a1adc5ca04cd572f4e6979e64201d51d26472539c0241a76a50f28.exe",6724,"CreateFile","Desired Access: Read Data/List Directory, Synchronize, Disposition: Open, Options: Synchronous IO Non-Alert, Non-Directory File, Attributes: n/a, ShareMode: Read, Delete, AllocationSize: n/a, OpenResult: Opened","C:\Windows\SysWOW64\imm32.dll"
"dad7b4bfe0a1adc5ca04cd572f4e6979e64201d51d26472539c0241a76a50f28.exe",6724,"Load Image","Image Base: 0x758c0000, Image Size: 0x25000","C:\Windows\SysWOW64\imm32.dll"
"dad7b4bfe0a1adc5ca04cd572f4e6979e64201d51d26472539c0241a76a50f28.exe",6724,"ReadFile","Offset: 54,272, Length: 32,768, I/O Flags: Non-cached, Paging I/O, Synchronous Paging I/O, Priority: Normal","C:\Windows\SysWOW64\oledlg.dll"
"dad7b4bfe0a1adc5ca04cd572f4e6979e64201d51d26472539c0241a76a50f28.exe",6724,"CreateFile","Desired Access: Generic Read, Disposition: Open, Options: Synchronous IO Non-Alert, Non-Directory File, Attributes: n/a, ShareMode: Read, Delete, AllocationSize: n/a, OpenResult: Opened","C:\Windows\SysWOW64\tapi32.dll"
"dad7b4bfe0a1adc5ca04cd572f4e6979e64201d51d26472539c0241a76a50f28.exe",6724,"CreateFile","Desired Access: Read Attributes, Disposition: Open, Options: Open Reparse Point, Attributes: n/a, ShareMode: Read, Write, Delete, AllocationSize: n/a","C:\Windows\SysWOW64\dad7b4bfe0a1adc5ca04cd572f4e6979e64201d51d26472539c0241a76a50f28.exe.Local"
"dad7b4bfe0a1adc5ca04cd572f4e6979e64201d51d26472539c0241a76a50f28.exe",6724,"CreateFile","Desired Access: Execute/Traverse, Synchronize, Disposition: Open, Options: Directory, Synchronous IO Non-Alert, Attributes: n/a, ShareMode: Read, Write, AllocationSize: n/a, OpenResult: Opened","C:\Windows\WinSxS\x86_microsoft.windows.common-controls_6595b64144ccf1df_6.0.17763.914_none_4d607d891b9d2bf8"
"dad7b4bfe0a1adc5ca04cd572f4e6979e64201d51d26472539c0241a76a50f28.exe",6724,"CreateFile","Desired Access: Read Attributes, Disposition: Open, Options: Open Reparse Point, Attributes: n/a, ShareMode: Read, Write, Delete, AllocationSize: n/a, OpenResult: Opened","C:\Windows\WinSxS\x86_microsoft.windows.common-controls_6595b64144ccf1df_6.0.17763.914_none_4d607d891b9d2bf8\comctl32.dll"
"dad7b4bfe0a1adc5ca04cd572f4e6979e64201d51d26472539c0241a76a50f28.exe",6724,"CreateFile","Desired Access: Read Data/List Directory, Execute/Traverse, Synchronize, Disposition: Open, Options: Synchronous IO Non-Alert, Non-Directory File, Attributes: n/a, ShareMode: Read, Delete, AllocationSize: n/a, OpenResult: Opened","C:\Windows\WinSxS\x86_microsoft.windows.common-controls_6595b64144ccf1df_6.0.17763.914_none_4d607d891b9d2bf8\comctl32.dll"
"dad7b4bfe0a1adc5ca04cd572f4e6979e64201d51d26472539c0241a76a50f28.exe",6724,"Load Image","Image Base: 0x748a0000, Image Size: 0x20f000","C:\Windows\WinSxS\x86_microsoft.windows.common-controls_6595b64144ccf1df_6.0.17763.914_none_4d607d891b9d2bf8\comctl32.dll"
"dad7b4bfe0a1adc5ca04cd572f4e6979e64201d51d26472539c0241a76a50f28.exe",6724,"ReadFile","Offset: 1,729,536, Length: 2,560, I/O Flags: Non-cached, Paging I/O, Synchronous Paging I/O, Priority: Normal","C:\Windows\WinSxS\x86_microsoft.windows.common-controls_6595b64144ccf1df_6.0.17763.914_none_4d607d891b9d2bf8\comctl32.dll"
"dad7b4bfe0a1adc5ca04cd572f4e6979e64201d51d26472539c0241a76a50f28.exe",6724,"ReadFile","Offset: 1,751,040, Length: 1,024, I/O Flags: Non-cached, Paging I/O, Synchronous Paging I/O, Priority: Normal","C:\Windows\WinSxS\x86_microsoft.windows.common-controls_6595b64144ccf1df_6.0.17763.914_none_4d607d891b9d2bf8\comctl32.dll"
"dad7b4bfe0a1adc5ca04cd572f4e6979e64201d51d26472539c0241a76a50f28.exe",6724,"ReadFile","Offset: 1,732,096, Length: 4,096, I/O Flags: Non-cached, Paging I/O, Synchronous Paging I/O, Priority: Normal","C:\Windows\WinSxS\x86_microsoft.windows.common-controls_6595b64144ccf1df_6.0.17763.914_none_4d607d891b9d2bf8\comctl32.dll"
"dad7b4bfe0a1adc5ca04cd572f4e6979e64201d51d26472539c0241a76a50f28.exe",6724,"CreateFile","Desired Access: Generic Read/Execute, Disposition: Open, Options: Synchronous IO Non-Alert, Non-Directory File, Attributes: n/a, ShareMode: Read, Delete, AllocationSize: n/a, OpenResult: Opened","C:\Windows\WindowsShell.Manifest"
"dad7b4bfe0a1adc5ca04cd572f4e6979e64201d51d26472539c0241a76a50f28.exe",6724,"ReadFile","Offset: 111,616, Length: 32,768, I/O Flags: Non-cached, Paging I/O, Synchronous Paging I/O, Priority: Normal","C:\Windows\SysWOW64\tapi32.dll"
"dad7b4bfe0a1adc5ca04cd572f4e6979e64201d51d26472539c0241a76a50f28.exe",6724,"CreateFile","Desired Access: Read Attributes, Disposition: Open, Options: Open Reparse Point, Attributes: n/a, ShareMode: Read, Write, Delete, AllocationSize: n/a, OpenResult: Opened","C:\Windows\SysWOW64\uxtheme.dll"
"dad7b4bfe0a1adc5ca04cd572f4e6979e64201d51d26472539c0241a76a50f28.exe",6724,"CreateFile","Desired Access: Read Data/List Directory, Execute/Traverse, Synchronize, Disposition: Open, Options: Synchronous IO Non-Alert, Non-Directory File, Attributes: n/a, ShareMode: Read, Delete, AllocationSize: n/a, OpenResult: Opened","C:\Windows\SysWOW64\uxtheme.dll"
"dad7b4bfe0a1adc5ca04cd572f4e6979e64201d51d26472539c0241a76a50f28.exe",6724,"Load Image","Image Base: 0x744f0000, Image Size: 0x7b000","C:\Windows\SysWOW64\uxtheme.dll"
"dad7b4bfe0a1adc5ca04cd572f4e6979e64201d51d26472539c0241a76a50f28.exe",6724,"CreateFile","Desired Access: Generic Read/Execute, Disposition: Open, Options: Synchronous IO Non-Alert, Non-Directory File, Attributes: n/a, ShareMode: Read, Delete, AllocationSize: n/a","C:\Windows\SysWOW64\dad7b4bfe0a1adc5ca04cd572f4e6979e64201d51d26472539c0241a76a50f28.exe.2.Manifest"
"dad7b4bfe0a1adc5ca04cd572f4e6979e64201d51d26472539c0241a76a50f28.exe",6724,"CreateFile","Desired Access: Generic Read/Execute, Disposition: Open, Options: Synchronous IO Non-Alert, Non-Directory File, Attributes: n/a, ShareMode: Read, Delete, AllocationSize: n/a","C:\Windows\SysWOW64\dad7b4bfe0a1adc5ca04cd572f4e6979e64201d51d26472539c0241a76a50f28.exe.3.Manifest"
"dad7b4bfe0a1adc5ca04cd572f4e6979e64201d51d26472539c0241a76a50f28.exe",6724,"CreateFile","Desired Access: Generic Read/Execute, Disposition: Open, Options: Synchronous IO Non-Alert, Non-Directory File, Attributes: n/a, ShareMode: Read, Delete, AllocationSize: n/a","C:\Windows\SysWOW64\dad7b4bfe0a1adc5ca04cd572f4e6979e64201d51d26472539c0241a76a50f28.exe.Config"
"dad7b4bfe0a1adc5ca04cd572f4e6979e64201d51d26472539c0241a76a50f28.exe",6724,"CreateFile","Desired Access: Generic Read, Disposition: Open, Options: Synchronous IO Non-Alert, Non-Directory File, Attributes: n/a, ShareMode: Read, Delete, AllocationSize: n/a","C:\Windows\SysWOW64\dad7b4bfe0a1adc5ca04cd572f4e6979e64201d51d26472539c0241a76a50f28.exe"
"dad7b4bfe0a1adc5ca04cd572f4e6979e64201d51d26472539c0241a76a50f28.exe",6724,"ReadFile","Offset: 1,438,720, Length: 32,768, I/O Flags: Non-cached, Paging I/O, Synchronous Paging I/O, Priority: Normal","C:\Windows\SysWOW64\KernelBase.dll"
"dad7b4bfe0a1adc5ca04cd572f4e6979e64201d51d26472539c0241a76a50f28.exe",6724,"ReadFile","Offset: 303,104, Length: 32,768, I/O Flags: Non-cached, Paging I/O, Synchronous Paging I/O, Priority: Normal","C:\Windows\SysWOW64\kernel32.dll"
"dad7b4bfe0a1adc5ca04cd572f4e6979e64201d51d26472539c0241a76a50f28.exe",6724,"CreateFile","Desired Access: Generic Read/Execute, Disposition: Open, Options: Synchronous IO Non-Alert, Non-Directory File, Attributes: n/a, ShareMode: Read, Delete, AllocationSize: n/a","C:\Windows\SysWOW64\dad7b4bfe0a1adc5ca04cd572f4e6979e64201d51d26472539c0241a76a50f28.exe.1000.Manifest"
"dad7b4bfe0a1adc5ca04cd572f4e6979e64201d51d26472539c0241a76a50f28.exe",6724,"ReadFile","Offset: 413,696, Length: 32,768, I/O Flags: Non-cached, Paging I/O, Synchronous Paging I/O, Priority: Normal","C:\Windows\System32\locale.nls"
"dad7b4bfe0a1adc5ca04cd572f4e6979e64201d51d26472539c0241a76a50f28.exe",6724,"CreateFile","Desired Access: Read Attributes, Disposition: Open, Options: Open Reparse Point, Attributes: n/a, ShareMode: Read, Write, Delete, AllocationSize: n/a","C:\Windows\SysWOW64\dad7b4bfe0a1adc5ca04cd572f4e6979e64201d51d26472539c0241a76a50f28ENU.dll"
"dad7b4bfe0a1adc5ca04cd572f4e6979e64201d51d26472539c0241a76a50f28.exe",6724,"CreateFile","Desired Access: Read Attributes, Disposition: Open, Options: Open Reparse Point, Attributes: n/a, ShareMode: Read, Write, Delete, AllocationSize: n/a","C:\Windows\SysWOW64\dad7b4bfe0a1adc5ca04cd572f4e6979e64201d51d26472539c0241a76a50f28ENU.dll"
"dad7b4bfe0a1adc5ca04cd572f4e6979e64201d51d26472539c0241a76a50f28.exe",6724,"CreateFile","Desired Access: Read Attributes, Disposition: Open, Options: Open Reparse Point, Attributes: n/a, ShareMode: Read, Write, Delete, AllocationSize: n/a","C:\Windows\SysWOW64\dad7b4bfe0a1adc5ca04cd572f4e6979e64201d51d26472539c0241a76a50f28ENU.dll"
"dad7b4bfe0a1adc5ca04cd572f4e6979e64201d51d26472539c0241a76a50f28.exe",6724,"CreateFile","Desired Access: Read Attributes, Disposition: Open, Options: Open Reparse Point, Attributes: n/a, ShareMode: Read, Write, Delete, AllocationSize: n/a","C:\Windows\SysWOW64\dad7b4bfe0a1adc5ca04cd572f4e6979e64201d51d26472539c0241a76a50f28ENU.dll"
"dad7b4bfe0a1adc5ca04cd572f4e6979e64201d51d26472539c0241a76a50f28.exe",6724,"CreateFile","Desired Access: Read Attributes, Disposition: Open, Options: Open Reparse Point, Attributes: n/a, ShareMode: Read, Write, Delete, AllocationSize: n/a","C:\Windows\SysWOW64\dad7b4bfe0a1adc5ca04cd572f4e6979e64201d51d26472539c0241a76a50f28LOC.dll"
"dad7b4bfe0a1adc5ca04cd572f4e6979e64201d51d26472539c0241a76a50f28.exe",6724,"CreateFile","Desired Access: Read Attributes, Disposition: Open, Options: Open Reparse Point, Attributes: n/a, ShareMode: Read, Write, Delete, AllocationSize: n/a","C:\Windows\SysWOW64\rpcss.dll"
"dad7b4bfe0a1adc5ca04cd572f4e6979e64201d51d26472539c0241a76a50f28.exe",6724,"CreateFile","Desired Access: Generic Read, Disposition: Open, Options: Synchronous IO Non-Alert, Non-Directory File, Attributes: n/a, ShareMode: Read, Write, Delete, AllocationSize: n/a","C:\Windows\dad7b4bfe0a1adc5ca04cd572f4e6979e64201d51d26472539c0241a76a50f28.INI"
"dad7b4bfe0a1adc5ca04cd572f4e6979e64201d51d26472539c0241a76a50f28.exe",6724,"CreateFile","Desired Access: Generic Read, Disposition: Open, Options: Synchronous IO Non-Alert, Non-Directory File, Attributes: n/a, ShareMode: Read, Write, Delete, AllocationSize: n/a","C:\Windows\dad7b4bfe0a1adc5ca04cd572f4e6979e64201d51d26472539c0241a76a50f28.INI"
"dad7b4bfe0a1adc5ca04cd572f4e6979e64201d51d26472539c0241a76a50f28.exe",6724,"CreateFile","Desired Access: Generic Read, Disposition: Open, Options: Synchronous IO Non-Alert, Non-Directory File, Attributes: n/a, ShareMode: Read, Write, Delete, AllocationSize: n/a","C:\Windows\dad7b4bfe0a1adc5ca04cd572f4e6979e64201d51d26472539c0241a76a50f28.INI"
"dad7b4bfe0a1adc5ca04cd572f4e6979e64201d51d26472539c0241a76a50f28.exe",6724,"CreateFile","Desired Access: Generic Read, Disposition: Open, Options: Synchronous IO Non-Alert, Non-Directory File, Attributes: n/a, ShareMode: Read, Write, Delete, AllocationSize: n/a","C:\Windows\dad7b4bfe0a1adc5ca04cd572f4e6979e64201d51d26472539c0241a76a50f28.INI"
"dad7b4bfe0a1adc5ca04cd572f4e6979e64201d51d26472539c0241a76a50f28.exe",6724,"CreateFile","Desired Access: Generic Read, Disposition: Open, Options: Synchronous IO Non-Alert, Non-Directory File, Attributes: n/a, ShareMode: Read, Write, Delete, AllocationSize: n/a","C:\Windows\dad7b4bfe0a1adc5ca04cd572f4e6979e64201d51d26472539c0241a76a50f28.INI"
"dad7b4bfe0a1adc5ca04cd572f4e6979e64201d51d26472539c0241a76a50f28.exe",6724,"ReadFile","Offset: 33,792, Length: 32,768, I/O Flags: Non-cached, Paging I/O, Synchronous Paging I/O, Priority: Normal","C:\Windows\SysWOW64\tapi32.dll"
"dad7b4bfe0a1adc5ca04cd572f4e6979e64201d51d26472539c0241a76a50f28.exe",6724,"ReadFile","Offset: 74,752, Length: 32,768, I/O Flags: Non-cached, Paging I/O, Synchronous Paging I/O, Priority: Normal","C:\Windows\SysWOW64\tapi32.dll"
"dad7b4bfe0a1adc5ca04cd572f4e6979e64201d51d26472539c0241a76a50f28.exe",6724,"ReadFile","Offset: 451,584, Length: 32,768, I/O Flags: Non-cached, Paging I/O, Synchronous Paging I/O, Priority: Normal","C:\Windows\SysWOW64\SHCore.dll"
"dad7b4bfe0a1adc5ca04cd572f4e6979e64201d51d26472539c0241a76a50f28.exe",6724,"ReadFile","Offset: 66,560, Length: 8,192, I/O Flags: Non-cached, Paging I/O, Synchronous Paging I/O, Priority: Normal","C:\Windows\SysWOW64\tapi32.dll"
"dad7b4bfe0a1adc5ca04cd572f4e6979e64201d51d26472539c0241a76a50f28.exe",6724,"ReadFile","Offset: 934,912, Length: 32,768, I/O Flags: Non-cached, Paging I/O, Synchronous Paging I/O, Priority: Normal","C:\Windows\SysWOW64\gdi32full.dll"
"dad7b4bfe0a1adc5ca04cd572f4e6979e64201d51d26472539c0241a76a50f28.exe",6724,"ReadFile","Offset: 386,048, Length: 32,768, I/O Flags: Non-cached, Paging I/O, Synchronous Paging I/O, Priority: Normal","C:\Windows\WinSxS\x86_microsoft.windows.common-controls_6595b64144ccf1df_5.82.17763.914_none_588d2e5778ae6845\comctl32.dll"
"dad7b4bfe0a1adc5ca04cd572f4e6979e64201d51d26472539c0241a76a50f28.exe",6724,"ReadFile","Offset: 353,280, Length: 32,768, I/O Flags: Non-cached, Paging I/O, Synchronous Paging I/O, Priority: Normal","C:\Windows\WinSxS\x86_microsoft.windows.common-controls_6595b64144ccf1df_5.82.17763.914_none_588d2e5778ae6845\comctl32.dll"
"dad7b4bfe0a1adc5ca04cd572f4e6979e64201d51d26472539c0241a76a50f28.exe",6724,"ReadFile","Offset: 611,328, Length: 24,576, I/O Flags: Non-cached, Paging I/O, Synchronous Paging I/O, Priority: Normal","C:\Windows\SysWOW64\user32.dll"
"dad7b4bfe0a1adc5ca04cd572f4e6979e64201d51d26472539c0241a76a50f28.exe",6724,"ReadFile","Offset: 820,224, Length: 32,768, I/O Flags: Non-cached, Paging I/O, Synchronous Paging I/O, Priority: Normal","C:\Windows\SysWOW64\gdi32full.dll"
"dad7b4bfe0a1adc5ca04cd572f4e6979e64201d51d26472539c0241a76a50f28.exe",6724,"ReadFile","Offset: 78,848, Length: 32,768, I/O Flags: Non-cached, Paging I/O, Synchronous Paging I/O, Priority: Normal","C:\Windows\SysWOW64\pdh.dll"
"dad7b4bfe0a1adc5ca04cd572f4e6979e64201d51d26472539c0241a76a50f28.exe",6724,"ReadFile","Offset: 312,320, Length: 32,768, I/O Flags: Non-cached, Paging I/O, Synchronous Paging I/O, Priority: Normal","C:\Windows\SysWOW64\ole32.dll"
"dad7b4bfe0a1adc5ca04cd572f4e6979e64201d51d26472539c0241a76a50f28.exe",6724,"CreateFile","Desired Access: Read Attributes, Disposition: Open, Options: Open Reparse Point, Attributes: n/a, ShareMode: Read, Write, Delete, AllocationSize: n/a, OpenResult: Opened","C:\Windows\SysWOW64\samlib.dll"
"dad7b4bfe0a1adc5ca04cd572f4e6979e64201d51d26472539c0241a76a50f28.exe",6724,"CreateFile","Desired Access: Read Data/List Directory, Execute/Traverse, Synchronize, Disposition: Open, Options: Synchronous IO Non-Alert, Non-Directory File, Attributes: n/a, ShareMode: Read, Delete, AllocationSize: n/a, OpenResult: Opened","C:\Windows\SysWOW64\samlib.dll"
"dad7b4bfe0a1adc5ca04cd572f4e6979e64201d51d26472539c0241a76a50f28.exe",6724,"ReadFile","Offset: 0, Length: 84,480, I/O Flags: Non-cached, Paging I/O, Synchronous Paging I/O, Priority: Normal","C:\Windows\SysWOW64\samlib.dll"
"dad7b4bfe0a1adc5ca04cd572f4e6979e64201d51d26472539c0241a76a50f28.exe",6724,"ReadFile","Offset: 83,968, Length: 512, I/O Flags: Non-cached, Paging I/O, Synchronous Paging I/O, Priority: Normal","C:\Windows\SysWOW64\samlib.dll"
"dad7b4bfe0a1adc5ca04cd572f4e6979e64201d51d26472539c0241a76a50f28.exe",6724,"Load Image","Image Base: 0x70220000, Image Size: 0x19000","C:\Windows\SysWOW64\samlib.dll"
"dad7b4bfe0a1adc5ca04cd572f4e6979e64201d51d26472539c0241a76a50f28.exe",6724,"ReadFile","Offset: 799,744, Length: 20,480, I/O Flags: Non-cached, Paging I/O, Synchronous Paging I/O, Priority: Normal","C:\Windows\SysWOW64\gdi32full.dll"
"dad7b4bfe0a1adc5ca04cd572f4e6979e64201d51d26472539c0241a76a50f28.exe",6724,"ReadFile","Offset: 1,315,840, Length: 32,768, I/O Flags: Non-cached, Paging I/O, Synchronous Paging I/O, Priority: Normal","C:\Windows\SysWOW64\KernelBase.dll"
"dad7b4bfe0a1adc5ca04cd572f4e6979e64201d51d26472539c0241a76a50f28.exe",6724,"ReadFile","Offset: 151,552, Length: 32,768, I/O Flags: Non-cached, Paging I/O, Synchronous Paging I/O, Priority: Normal","C:\Windows\SysWOW64\kernel32.dll"
"dad7b4bfe0a1adc5ca04cd572f4e6979e64201d51d26472539c0241a76a50f28.exe",6724,"ReadFile","Offset: 877,568, Length: 32,768, I/O Flags: Non-cached, Paging I/O, Synchronous Paging I/O, Priority: Normal","C:\Windows\SysWOW64\ntdll.dll"
"dad7b4bfe0a1adc5ca04cd572f4e6979e64201d51d26472539c0241a76a50f28.exe",6724,"ReadFile","Offset: 975,872, Length: 32,768, I/O Flags: Non-cached, Paging I/O, Synchronous Paging I/O, Priority: Normal","C:\Windows\SysWOW64\ntdll.dll"
"dad7b4bfe0a1adc5ca04cd572f4e6979e64201d51d26472539c0241a76a50f28.exe",6724,"CreateFile","Desired Access: Read Attributes, Disposition: Open, Options: Open Reparse Point, Attributes: n/a, ShareMode: Read, Write, Delete, AllocationSize: n/a, OpenResult: Opened","C:\Windows\SysWOW64\wininet.dll"
"dad7b4bfe0a1adc5ca04cd572f4e6979e64201d51d26472539c0241a76a50f28.exe",6724,"CreateFile","Desired Access: Read Data/List Directory, Execute/Traverse, Synchronize, Disposition: Open, Options: Synchronous IO Non-Alert, Non-Directory File, Attributes: n/a, ShareMode: Read, Delete, AllocationSize: n/a, OpenResult: Opened","C:\Windows\SysWOW64\wininet.dll"
"dad7b4bfe0a1adc5ca04cd572f4e6979e64201d51d26472539c0241a76a50f28.exe",6724,"Load Image","Image Base: 0x71b70000, Image Size: 0x471000","C:\Windows\SysWOW64\wininet.dll"
"dad7b4bfe0a1adc5ca04cd572f4e6979e64201d51d26472539c0241a76a50f28.exe",6724,"CreateFile","Desired Access: Generic Read, Disposition: Open, Options: Synchronous IO Non-Alert, Non-Directory File, Attributes: N, ShareMode: Read, AllocationSize: n/a, OpenResult: Opened","C:\Windows\Globalization\Sorting\SortDefault.nls"
"dad7b4bfe0a1adc5ca04cd572f4e6979e64201d51d26472539c0241a76a50f28.exe",6724,"CreateFile","Desired Access: Synchronize, Disposition: Open, Options: Directory, Synchronous IO Non-Alert, Open For Free Space Query, Attributes: n/a, ShareMode: None, AllocationSize: n/a, OpenResult: Opened","C:\Windows\SysWOW64"
"dad7b4bfe0a1adc5ca04cd572f4e6979e64201d51d26472539c0241a76a50f28.exe",6724,"CreateFile","Desired Access: Synchronize, Disposition: Open, Options: Directory, Synchronous IO Non-Alert, Open For Free Space Query, Attributes: n/a, ShareMode: None, AllocationSize: n/a, OpenResult: Opened","C:\Windows"
"dad7b4bfe0a1adc5ca04cd572f4e6979e64201d51d26472539c0241a76a50f28.exe",6724,"CreateFile","Desired Access: Read Attributes, Disposition: Open, Options: Open Reparse Point, Attributes: n/a, ShareMode: Read, Write, Delete, AllocationSize: n/a, OpenResult: Opened","C:\Windows\SysWOW64\OnDemandConnRouteHelper.dll"
"dad7b4bfe0a1adc5ca04cd572f4e6979e64201d51d26472539c0241a76a50f28.exe",6724,"CreateFile","Desired Access: Read Data/List Directory, Execute/Traverse, Synchronize, Disposition: Open, Options: Synchronous IO Non-Alert, Non-Directory File, Attributes: n/a, ShareMode: Read, Delete, AllocationSize: n/a, OpenResult: Opened","C:\Windows\SysWOW64\OnDemandConnRouteHelper.dll"
"dad7b4bfe0a1adc5ca04cd572f4e6979e64201d51d26472539c0241a76a50f28.exe",6724,"Load Image","Image Base: 0x72ac0000, Image Size: 0x12000","C:\Windows\SysWOW64\OnDemandConnRouteHelper.dll"
"dad7b4bfe0a1adc5ca04cd572f4e6979e64201d51d26472539c0241a76a50f28.exe",6724,"CreateFile","Desired Access: Read Attributes, Disposition: Open, Options: Open Reparse Point, Attributes: n/a, ShareMode: Read, Write, Delete, AllocationSize: n/a, OpenResult: Opened","C:\Windows\SysWOW64\winhttp.dll"
"dad7b4bfe0a1adc5ca04cd572f4e6979e64201d51d26472539c0241a76a50f28.exe",6724,"CreateFile","Desired Access: Read Data/List Directory, Execute/Traverse, Synchronize, Disposition: Open, Options: Synchronous IO Non-Alert, Non-Directory File, Attributes: n/a, ShareMode: Read, Delete, AllocationSize: n/a, OpenResult: Opened","C:\Windows\SysWOW64\winhttp.dll"
"dad7b4bfe0a1adc5ca04cd572f4e6979e64201d51d26472539c0241a76a50f28.exe",6724,"Load Image","Image Base: 0x70710000, Image Size: 0xbe000","C:\Windows\SysWOW64\winhttp.dll"
"dad7b4bfe0a1adc5ca04cd572f4e6979e64201d51d26472539c0241a76a50f28.exe",6724,"ReadFile","Offset: 692,224, Length: 1,024, I/O Flags: Non-cached, Paging I/O, Synchronous Paging I/O, Priority: Normal","C:\Windows\SysWOW64\winhttp.dll"
"dad7b4bfe0a1adc5ca04cd572f4e6979e64201d51d26472539c0241a76a50f28.exe",6724,"ReadFile","Offset: 681,472, Length: 4,096, I/O Flags: Non-cached, Paging I/O, Synchronous Paging I/O, Priority: Normal","C:\Windows\SysWOW64\winhttp.dll"
"dad7b4bfe0a1adc5ca04cd572f4e6979e64201d51d26472539c0241a76a50f28.exe",6724,"CreateFile","Desired Access: Read Data/List Directory, Synchronize, Disposition: Create, Options: Directory, Synchronous IO Non-Alert, Open Reparse Point, Attributes: N, ShareMode: Read, Write, AllocationSize: 0","C:\Users\x"
"dad7b4bfe0a1adc5ca04cd572f4e6979e64201d51d26472539c0241a76a50f28.exe",6724,"CreateFile","Desired Access: Read Attributes, Disposition: Open, Options: Open Reparse Point, Attributes: n/a, ShareMode: Read, Write, Delete, AllocationSize: n/a, OpenResult: Opened","C:\Users\x"
"dad7b4bfe0a1adc5ca04cd572f4e6979e64201d51d26472539c0241a76a50f28.exe",6724,"CreateFile","Desired Access: Read Data/List Directory, Synchronize, Disposition: Create, Options: Directory, Synchronous IO Non-Alert, Open Reparse Point, Attributes: N, ShareMode: Read, Write, AllocationSize: 0","C:\Users\x\AppData\Local"
"dad7b4bfe0a1adc5ca04cd572f4e6979e64201d51d26472539c0241a76a50f28.exe",6724,"CreateFile","Desired Access: Read Attributes, Disposition: Open, Options: Open Reparse Point, Attributes: n/a, ShareMode: Read, Write, Delete, AllocationSize: n/a, OpenResult: Opened","C:\Users\x\AppData\Local"
"dad7b4bfe0a1adc5ca04cd572f4e6979e64201d51d26472539c0241a76a50f28.exe",6724,"CreateFile","Desired Access: Read Data/List Directory, Synchronize, Disposition: Create, Options: Directory, Synchronous IO Non-Alert, Open Reparse Point, Attributes: N, ShareMode: Read, Write, AllocationSize: 0","C:\Users\x\AppData\Local\Microsoft\Windows\INetCache"
"dad7b4bfe0a1adc5ca04cd572f4e6979e64201d51d26472539c0241a76a50f28.exe",6724,"CreateFile","Desired Access: Read Attributes, Disposition: Open, Options: Open Reparse Point, Attributes: n/a, ShareMode: Read, Write, Delete, AllocationSize: n/a, OpenResult: Opened","C:\Users\x\AppData\Local\Microsoft\Windows\INetCache"
"dad7b4bfe0a1adc5ca04cd572f4e6979e64201d51d26472539c0241a76a50f28.exe",6724,"CreateFile","Desired Access: Read Attributes, Disposition: Open, Options: Open Reparse Point, Attributes: n/a, ShareMode: Read, Write, Delete, AllocationSize: n/a, OpenResult: Opened","C:\Users\x\AppData\Local\Microsoft\Windows"
"dad7b4bfe0a1adc5ca04cd572f4e6979e64201d51d26472539c0241a76a50f28.exe",6724,"CreateFile","Desired Access: Read Attributes, Disposition: Open, Options: Open Reparse Point, Attributes: n/a, ShareMode: Read, Write, Delete, AllocationSize: n/a, OpenResult: Opened","C:\Users\x\AppData\Local\Microsoft\Windows\INetCache\Content.IE5"
"dad7b4bfe0a1adc5ca04cd572f4e6979e64201d51d26472539c0241a76a50f28.exe",6724,"CreateFile","Desired Access: Read Attributes, Disposition: Open, Options: Open Reparse Point, Attributes: n/a, ShareMode: Read, Write, Delete, AllocationSize: n/a, OpenResult: Opened","C:\Users\x\AppData\Local\Microsoft\Windows\INetCache\IE"
"dad7b4bfe0a1adc5ca04cd572f4e6979e64201d51d26472539c0241a76a50f28.exe",6724,"CreateFile","Desired Access: Read Data/List Directory, Synchronize, Disposition: Create, Options: Directory, Synchronous IO Non-Alert, Open Reparse Point, Attributes: N, ShareMode: Read, Write, AllocationSize: 0","C:\Users\x"
"dad7b4bfe0a1adc5ca04cd572f4e6979e64201d51d26472539c0241a76a50f28.exe",6724,"CreateFile","Desired Access: Read Attributes, Disposition: Open, Options: Open Reparse Point, Attributes: n/a, ShareMode: Read, Write, Delete, AllocationSize: n/a, OpenResult: Opened","C:\Users\x"
"dad7b4bfe0a1adc5ca04cd572f4e6979e64201d51d26472539c0241a76a50f28.exe",6724,"CreateFile","Desired Access: Read Data/List Directory, Synchronize, Disposition: Create, Options: Directory, Synchronous IO Non-Alert, Open Reparse Point, Attributes: N, ShareMode: Read, Write, AllocationSize: 0","C:\Users\x\AppData\Local"
"dad7b4bfe0a1adc5ca04cd572f4e6979e64201d51d26472539c0241a76a50f28.exe",6724,"CreateFile","Desired Access: Read Attributes, Disposition: Open, Options: Open Reparse Point, Attributes: n/a, ShareMode: Read, Write, Delete, AllocationSize: n/a, OpenResult: Opened","C:\Users\x\AppData\Local"
"dad7b4bfe0a1adc5ca04cd572f4e6979e64201d51d26472539c0241a76a50f28.exe",6724,"CreateFile","Desired Access: Read Data/List Directory, Synchronize, Disposition: Create, Options: Directory, Synchronous IO Non-Alert, Open Reparse Point, Attributes: N, ShareMode: Read, Write, AllocationSize: 0","C:\Users\x\AppData\Local\Microsoft\Windows\INetCookies"
"dad7b4bfe0a1adc5ca04cd572f4e6979e64201d51d26472539c0241a76a50f28.exe",6724,"CreateFile","Desired Access: Read Attributes, Disposition: Open, Options: Open Reparse Point, Attributes: n/a, ShareMode: Read, Write, Delete, AllocationSize: n/a, OpenResult: Opened","C:\Users\x\AppData\Local\Microsoft\Windows\INetCookies"
"dad7b4bfe0a1adc5ca04cd572f4e6979e64201d51d26472539c0241a76a50f28.exe",6724,"CreateFile","Desired Access: Read Attributes, Disposition: Open, Options: Open Reparse Point, Attributes: n/a, ShareMode: Read, Write, Delete, AllocationSize: n/a, OpenResult: Opened","C:\Users\x\AppData\Local\Microsoft\Windows"
"dad7b4bfe0a1adc5ca04cd572f4e6979e64201d51d26472539c0241a76a50f28.exe",6724,"CreateFile","Desired Access: Read Attributes, Disposition: Open, Options: Open Reparse Point, Attributes: n/a, ShareMode: Read, Write, Delete, AllocationSize: n/a, OpenResult: Opened","C:\Users\x\AppData\Local\Microsoft\Windows\INetCookies"
"dad7b4bfe0a1adc5ca04cd572f4e6979e64201d51d26472539c0241a76a50f28.exe",6724,"RegSetValue","Type: REG_SZ, Length: 2, Data:","HKCU\Software\Microsoft\Windows\CurrentVersion\Internet Settings\5.0\Cache\Content\CachePrefix"
"dad7b4bfe0a1adc5ca04cd572f4e6979e64201d51d26472539c0241a76a50f28.exe",6724,"CreateFile","Desired Access: Read Data/List Directory, Synchronize, Disposition: Create, Options: Directory, Synchronous IO Non-Alert, Open Reparse Point, Attributes: N, ShareMode: Read, Write, AllocationSize: 0","C:\Users\x"
"dad7b4bfe0a1adc5ca04cd572f4e6979e64201d51d26472539c0241a76a50f28.exe",6724,"CreateFile","Desired Access: Read Attributes, Disposition: Open, Options: Open Reparse Point, Attributes: n/a, ShareMode: Read, Write, Delete, AllocationSize: n/a, OpenResult: Opened","C:\Users\x"
"dad7b4bfe0a1adc5ca04cd572f4e6979e64201d51d26472539c0241a76a50f28.exe",6724,"CreateFile","Desired Access: Read Data/List Directory, Synchronize, Disposition: Create, Options: Directory, Synchronous IO Non-Alert, Open Reparse Point, Attributes: N, ShareMode: Read, Write, AllocationSize: 0","C:\Users\x\AppData\Local"
"dad7b4bfe0a1adc5ca04cd572f4e6979e64201d51d26472539c0241a76a50f28.exe",6724,"CreateFile","Desired Access: Read Attributes, Disposition: Open, Options: Open Reparse Point, Attributes: n/a, ShareMode: Read, Write, Delete, AllocationSize: n/a, OpenResult: Opened","C:\Users\x\AppData\Local"
"dad7b4bfe0a1adc5ca04cd572f4e6979e64201d51d26472539c0241a76a50f28.exe",6724,"CreateFile","Desired Access: Read Data/List Directory, Synchronize, Disposition: Create, Options: Directory, Synchronous IO Non-Alert, Open Reparse Point, Attributes: N, ShareMode: Read, Write, AllocationSize: 0","C:\Users\x\AppData\Local\Microsoft\Windows\INetCookies"
"dad7b4bfe0a1adc5ca04cd572f4e6979e64201d51d26472539c0241a76a50f28.exe",6724,"CreateFile","Desired Access: Read Attributes, Disposition: Open, Options: Open Reparse Point, Attributes: n/a, ShareMode: Read, Write, Delete, AllocationSize: n/a, OpenResult: Opened","C:\Users\x\AppData\Local\Microsoft\Windows\INetCookies"
"dad7b4bfe0a1adc5ca04cd572f4e6979e64201d51d26472539c0241a76a50f28.exe",6724,"CreateFile","Desired Access: Read Attributes, Disposition: Open, Options: Open Reparse Point, Attributes: n/a, ShareMode: Read, Write, Delete, AllocationSize: n/a, OpenResult: Opened","C:\Users\x\AppData\Local\Microsoft\Windows"
"dad7b4bfe0a1adc5ca04cd572f4e6979e64201d51d26472539c0241a76a50f28.exe",6724,"CreateFile","Desired Access: Read Attributes, Disposition: Open, Options: Open Reparse Point, Attributes: n/a, ShareMode: Read, Write, Delete, AllocationSize: n/a, OpenResult: Opened","C:\Users\x\AppData\Local\Microsoft\Windows\INetCookies"
"dad7b4bfe0a1adc5ca04cd572f4e6979e64201d51d26472539c0241a76a50f28.exe",6724,"RegSetValue","Type: REG_SZ, Length: 16, Data: Cookie:","HKCU\Software\Microsoft\Windows\CurrentVersion\Internet Settings\5.0\Cache\Cookies\CachePrefix"
"dad7b4bfe0a1adc5ca04cd572f4e6979e64201d51d26472539c0241a76a50f28.exe",6724,"CreateFile","Desired Access: Read Data/List Directory, Synchronize, Disposition: Create, Options: Directory, Synchronous IO Non-Alert, Open Reparse Point, Attributes: N, ShareMode: Read, Write, AllocationSize: 0","C:\Users\x"
"dad7b4bfe0a1adc5ca04cd572f4e6979e64201d51d26472539c0241a76a50f28.exe",6724,"CreateFile","Desired Access: Read Attributes, Disposition: Open, Options: Open Reparse Point, Attributes: n/a, ShareMode: Read, Write, Delete, AllocationSize: n/a, OpenResult: Opened","C:\Users\x"
"dad7b4bfe0a1adc5ca04cd572f4e6979e64201d51d26472539c0241a76a50f28.exe",6724,"CreateFile","Desired Access: Read Data/List Directory, Synchronize, Disposition: Create, Options: Directory, Synchronous IO Non-Alert, Open Reparse Point, Attributes: N, ShareMode: Read, Write, AllocationSize: 0","C:\Users\x\AppData\Local"
"dad7b4bfe0a1adc5ca04cd572f4e6979e64201d51d26472539c0241a76a50f28.exe",6724,"CreateFile","Desired Access: Read Attributes, Disposition: Open, Options: Open Reparse Point, Attributes: n/a, ShareMode: Read, Write, Delete, AllocationSize: n/a, OpenResult: Opened","C:\Users\x\AppData\Local"
"dad7b4bfe0a1adc5ca04cd572f4e6979e64201d51d26472539c0241a76a50f28.exe",6724,"CreateFile","Desired Access: Read Data/List Directory, Synchronize, Disposition: Create, Options: Directory, Synchronous IO Non-Alert, Open Reparse Point, Attributes: N, ShareMode: Read, Write, AllocationSize: 0","C:\Users\x\AppData\Local\Microsoft\Windows\History"
"dad7b4bfe0a1adc5ca04cd572f4e6979e64201d51d26472539c0241a76a50f28.exe",6724,"CreateFile","Desired Access: Read Attributes, Disposition: Open, Options: Open Reparse Point, Attributes: n/a, ShareMode: Read, Write, Delete, AllocationSize: n/a, OpenResult: Opened","C:\Users\x\AppData\Local\Microsoft\Windows\History"
"dad7b4bfe0a1adc5ca04cd572f4e6979e64201d51d26472539c0241a76a50f28.exe",6724,"CreateFile","Desired Access: Read Attributes, Disposition: Open, Options: Open Reparse Point, Attributes: n/a, ShareMode: Read, Write, Delete, AllocationSize: n/a, OpenResult: Opened","C:\Users\x\AppData\Local\Microsoft\Windows\History"
"dad7b4bfe0a1adc5ca04cd572f4e6979e64201d51d26472539c0241a76a50f28.exe",6724,"CreateFile","Desired Access: Read Attributes, Disposition: Open, Options: Open Reparse Point, Attributes: n/a, ShareMode: Read, Write, Delete, AllocationSize: n/a, OpenResult: Opened","C:\Users\x\AppData\Local\Microsoft\Windows\History\History.IE5"
"dad7b4bfe0a1adc5ca04cd572f4e6979e64201d51d26472539c0241a76a50f28.exe",6724,"RegSetValue","Type: REG_SZ, Length: 18, Data: Visited:","HKCU\Software\Microsoft\Windows\CurrentVersion\Internet Settings\5.0\Cache\History\CachePrefix"
"dad7b4bfe0a1adc5ca04cd572f4e6979e64201d51d26472539c0241a76a50f28.exe",6724,"CreateFile","Desired Access: Read Attributes, Disposition: Open, Options: Open Reparse Point, Attributes: n/a, ShareMode: Read, Write, Delete, AllocationSize: n/a, OpenResult: Opened","C:\Windows\SysWOW64\mswsock.dll"
"dad7b4bfe0a1adc5ca04cd572f4e6979e64201d51d26472539c0241a76a50f28.exe",6724,"CreateFile","Desired Access: Read Data/List Directory, Execute/Traverse, Synchronize, Disposition: Open, Options: Synchronous IO Non-Alert, Non-Directory File, Attributes: n/a, ShareMode: Read, Delete, AllocationSize: n/a, OpenResult: Opened","C:\Windows\SysWOW64\mswsock.dll"
"dad7b4bfe0a1adc5ca04cd572f4e6979e64201d51d26472539c0241a76a50f28.exe",6724,"Load Image","Image Base: 0x70370000, Image Size: 0x52000","C:\Windows\SysWOW64\mswsock.dll"
"dad7b4bfe0a1adc5ca04cd572f4e6979e64201d51d26472539c0241a76a50f28.exe",6724,"ReadFile","Offset: 297,472, Length: 512, I/O Flags: Non-cached, Paging I/O, Synchronous Paging I/O, Priority: Normal","C:\Windows\SysWOW64\mswsock.dll"
"dad7b4bfe0a1adc5ca04cd572f4e6979e64201d51d26472539c0241a76a50f28.exe",6724,"ReadFile","Offset: 289,280, Length: 4,096, I/O Flags: Non-cached, Paging I/O, Synchronous Paging I/O, Priority: Normal","C:\Windows\SysWOW64\mswsock.dll"
"dad7b4bfe0a1adc5ca04cd572f4e6979e64201d51d26472539c0241a76a50f28.exe",6724,"CreateFile","Desired Access: Read Attributes, Disposition: Open, Options: Open Reparse Point, Attributes: n/a, ShareMode: Read, Write, Delete, AllocationSize: n/a, OpenResult: Opened","C:\Windows\SysWOW64\winnsi.dll"
"dad7b4bfe0a1adc5ca04cd572f4e6979e64201d51d26472539c0241a76a50f28.exe",6724,"CreateFile","Desired Access: Read Data/List Directory, Execute/Traverse, Synchronize, Disposition: Open, Options: Synchronous IO Non-Alert, Non-Directory File, Attributes: n/a, ShareMode: Read, Delete, AllocationSize: n/a, OpenResult: Opened","C:\Windows\SysWOW64\winnsi.dll"
"dad7b4bfe0a1adc5ca04cd572f4e6979e64201d51d26472539c0241a76a50f28.exe",6724,"Load Image","Image Base: 0x72d40000, Image Size: 0x8000","C:\Windows\SysWOW64\winnsi.dll"
"dad7b4bfe0a1adc5ca04cd572f4e6979e64201d51d26472539c0241a76a50f28.exe",6724,"Load Image","Image Base: 0x75400000, Image Size: 0x7000","C:\Windows\SysWOW64\nsi.dll"
"dad7b4bfe0a1adc5ca04cd572f4e6979e64201d51d26472539c0241a76a50f28.exe",6724,"CreateFile","Desired Access: Read Attributes, Disposition: Open, Options: Open Reparse Point, Attributes: n/a, ShareMode: Read, Write, Delete, AllocationSize: n/a, OpenResult: Opened","C:\Windows\SysWOW64\dhcpcsvc6.dll"
"dad7b4bfe0a1adc5ca04cd572f4e6979e64201d51d26472539c0241a76a50f28.exe",6724,"CreateFile","Desired Access: Read Data/List Directory, Execute/Traverse, Synchronize, Disposition: Open, Options: Synchronous IO Non-Alert, Non-Directory File, Attributes: n/a, ShareMode: Read, Delete, AllocationSize: n/a, OpenResult: Opened","C:\Windows\SysWOW64\dhcpcsvc6.dll"
"dad7b4bfe0a1adc5ca04cd572f4e6979e64201d51d26472539c0241a76a50f28.exe",6724,"Load Image","Image Base: 0x70ab0000, Image Size: 0x13000","C:\Windows\SysWOW64\dhcpcsvc6.dll"
"dad7b4bfe0a1adc5ca04cd572f4e6979e64201d51d26472539c0241a76a50f28.exe",6724,"CreateFile","Desired Access: Read Attributes, Disposition: Open, Options: Open Reparse Point, Attributes: n/a, ShareMode: Read, Write, Delete, AllocationSize: n/a, OpenResult: Opened","C:\Windows\SysWOW64\dhcpcsvc.dll"
"dad7b4bfe0a1adc5ca04cd572f4e6979e64201d51d26472539c0241a76a50f28.exe",6724,"CreateFile","Desired Access: Read Data/List Directory, Execute/Traverse, Synchronize, Disposition: Open, Options: Synchronous IO Non-Alert, Non-Directory File, Attributes: n/a, ShareMode: Read, Delete, AllocationSize: n/a, OpenResult: Opened","C:\Windows\SysWOW64\dhcpcsvc.dll"
"dad7b4bfe0a1adc5ca04cd572f4e6979e64201d51d26472539c0241a76a50f28.exe",6724,"Load Image","Image Base: 0x72e70000, Image Size: 0x14000","C:\Windows\SysWOW64\dhcpcsvc.dll"
"dad7b4bfe0a1adc5ca04cd572f4e6979e64201d51d26472539c0241a76a50f28.exe",6724,"RegCreateKey","Desired Access: Read/Write, Disposition: REG_OPENED_EXISTING_KEY","HKCU\Software\Microsoft\Windows\CurrentVersion\Internet Settings\ZoneMap\"
"dad7b4bfe0a1adc5ca04cd572f4e6979e64201d51d26472539c0241a76a50f28.exe",6724,"RegSetValue","Type: REG_DWORD, Length: 4, Data: 1","HKCU\Software\Microsoft\Windows\CurrentVersion\Internet Settings\ZoneMap\ProxyBypass"
"dad7b4bfe0a1adc5ca04cd572f4e6979e64201d51d26472539c0241a76a50f28.exe",6724,"RegSetValue","Type: REG_DWORD, Length: 4, Data: 1","HKCU\Software\Microsoft\Windows\CurrentVersion\Internet Settings\ZoneMap\IntranetName"
"dad7b4bfe0a1adc5ca04cd572f4e6979e64201d51d26472539c0241a76a50f28.exe",6724,"RegSetValue","Type: REG_DWORD, Length: 4, Data: 1","HKCU\Software\Microsoft\Windows\CurrentVersion\Internet Settings\ZoneMap\UNCAsIntranet"
"dad7b4bfe0a1adc5ca04cd572f4e6979e64201d51d26472539c0241a76a50f28.exe",6724,"RegSetValue","Type: REG_DWORD, Length: 4, Data: 0","HKCU\Software\Microsoft\Windows\CurrentVersion\Internet Settings\ZoneMap\AutoDetect"
"dad7b4bfe0a1adc5ca04cd572f4e6979e64201d51d26472539c0241a76a50f28.exe",6724,"RegSetValue","Type: REG_DWORD, Length: 4, Data: 1","HKCU\Software\Microsoft\Windows\CurrentVersion\Internet Settings\ZoneMap\ProxyBypass"
"dad7b4bfe0a1adc5ca04cd572f4e6979e64201d51d26472539c0241a76a50f28.exe",6724,"RegSetValue","Type: REG_DWORD, Length: 4, Data: 1","HKCU\Software\Microsoft\Windows\CurrentVersion\Internet Settings\ZoneMap\IntranetName"
"dad7b4bfe0a1adc5ca04cd572f4e6979e64201d51d26472539c0241a76a50f28.exe",6724,"RegSetValue","Type: REG_DWORD, Length: 4, Data: 1","HKCU\Software\Microsoft\Windows\CurrentVersion\Internet Settings\ZoneMap\UNCAsIntranet"
"dad7b4bfe0a1adc5ca04cd572f4e6979e64201d51d26472539c0241a76a50f28.exe",6724,"RegSetValue","Type: REG_DWORD, Length: 4, Data: 0","HKCU\Software\Microsoft\Windows\CurrentVersion\Internet Settings\ZoneMap\AutoDetect"
"dad7b4bfe0a1adc5ca04cd572f4e6979e64201d51d26472539c0241a76a50f28.exe",6724,"CreateFile","Desired Access: Read Attributes, Disposition: Open, Options: Open Reparse Point, Attributes: n/a, ShareMode: Read, Write, Delete, AllocationSize: n/a, OpenResult: Opened","C:\Users\x\AppData\Local\Microsoft\Windows\INetCookies\ESE"
"dad7b4bfe0a1adc5ca04cd572f4e6979e64201d51d26472539c0241a76a50f28.exe",6724,"CreateFile","Desired Access: Read Attributes, Disposition: Open, Options: Open Reparse Point, Attributes: n/a, ShareMode: Read, Write, Delete, AllocationSize: n/a, OpenResult: Opened","C:\Windows\SysWOW64\dnsapi.dll"
"dad7b4bfe0a1adc5ca04cd572f4e6979e64201d51d26472539c0241a76a50f28.exe",6724,"CreateFile","Desired Access: Read Data/List Directory, Execute/Traverse, Synchronize, Disposition: Open, Options: Synchronous IO Non-Alert, Non-Directory File, Attributes: n/a, ShareMode: Read, Delete, AllocationSize: n/a, OpenResult: Opened","C:\Windows\SysWOW64\dnsapi.dll"
"dad7b4bfe0a1adc5ca04cd572f4e6979e64201d51d26472539c0241a76a50f28.exe",6724,"Load Image","Image Base: 0x702e0000, Image Size: 0x90000","C:\Windows\SysWOW64\dnsapi.dll"
"dad7b4bfe0a1adc5ca04cd572f4e6979e64201d51d26472539c0241a76a50f28.exe",6724,"RegCreateKey","Desired Access: Read","HKLM\System\CurrentControlSet\Services\Tcpip\Parameters"
"dad7b4bfe0a1adc5ca04cd572f4e6979e64201d51d26472539c0241a76a50f28.exe",6724,"RegCreateKey","Desired Access: Read, Disposition: REG_OPENED_EXISTING_KEY","HKLM\System\CurrentControlSet\Services\Tcpip\Parameters"
"dad7b4bfe0a1adc5ca04cd572f4e6979e64201d51d26472539c0241a76a50f28.exe",6724,"RegCreateKey","Desired Access: Read","HKLM\System\CurrentControlSet\Services\Tcpip\Parameters"
"dad7b4bfe0a1adc5ca04cd572f4e6979e64201d51d26472539c0241a76a50f28.exe",6724,"RegCreateKey","Desired Access: Read, Disposition: REG_OPENED_EXISTING_KEY","HKLM\System\CurrentControlSet\Services\Tcpip\Parameters"
"dad7b4bfe0a1adc5ca04cd572f4e6979e64201d51d26472539c0241a76a50f28.exe",6724,"RegCreateKey","Desired Access: Read","HKLM\System\CurrentControlSet\Services\Tcpip\Parameters"
"dad7b4bfe0a1adc5ca04cd572f4e6979e64201d51d26472539c0241a76a50f28.exe",6724,"RegCreateKey","Desired Access: Read, Disposition: REG_OPENED_EXISTING_KEY","HKLM\System\CurrentControlSet\Services\Tcpip\Parameters"
"dad7b4bfe0a1adc5ca04cd572f4e6979e64201d51d26472539c0241a76a50f28.exe",6724,"RegCreateKey","Desired Access: Read","HKLM\System\CurrentControlSet\Services\Tcpip\Parameters"
"dad7b4bfe0a1adc5ca04cd572f4e6979e64201d51d26472539c0241a76a50f28.exe",6724,"RegCreateKey","Desired Access: Read, Disposition: REG_OPENED_EXISTING_KEY","HKLM\System\CurrentControlSet\Services\Tcpip\Parameters"
"dad7b4bfe0a1adc5ca04cd572f4e6979e64201d51d26472539c0241a76a50f28.exe",6724,"RegCreateKey","Desired Access: Read","HKLM\System\CurrentControlSet\Services\Tcpip\Parameters"
"dad7b4bfe0a1adc5ca04cd572f4e6979e64201d51d26472539c0241a76a50f28.exe",6724,"RegCreateKey","Desired Access: Read, Disposition: REG_OPENED_EXISTING_KEY","HKLM\System\CurrentControlSet\Services\Tcpip\Parameters"
"dad7b4bfe0a1adc5ca04cd572f4e6979e64201d51d26472539c0241a76a50f28.exe",6724,"RegCreateKey","Desired Access: Read","HKLM\System\CurrentControlSet\Services\Tcpip\Parameters"
"dad7b4bfe0a1adc5ca04cd572f4e6979e64201d51d26472539c0241a76a50f28.exe",6724,"RegCreateKey","Desired Access: Read, Disposition: REG_OPENED_EXISTING_KEY","HKLM\System\CurrentControlSet\Services\Tcpip\Parameters"
"dad7b4bfe0a1adc5ca04cd572f4e6979e64201d51d26472539c0241a76a50f28.exe",6724,"RegCreateKey","Desired Access: Read","HKLM\System\CurrentControlSet\Services\Tcpip\Parameters"
"dad7b4bfe0a1adc5ca04cd572f4e6979e64201d51d26472539c0241a76a50f28.exe",6724,"RegCreateKey","Desired Access: Read, Disposition: REG_OPENED_EXISTING_KEY","HKLM\System\CurrentControlSet\Services\Tcpip\Parameters"
"dad7b4bfe0a1adc5ca04cd572f4e6979e64201d51d26472539c0241a76a50f28.exe",6724,"CreateFile","Desired Access: Read Attributes, Disposition: Open, Options: Open Reparse Point, Attributes: n/a, ShareMode: Read, Write, Delete, AllocationSize: n/a, OpenResult: Opened","C:\Windows\SysWOW64\rasadhlp.dll"
"dad7b4bfe0a1adc5ca04cd572f4e6979e64201d51d26472539c0241a76a50f28.exe",6724,"CreateFile","Desired Access: Read Data/List Directory, Execute/Traverse, Synchronize, Disposition: Open, Options: Synchronous IO Non-Alert, Non-Directory File, Attributes: n/a, ShareMode: Read, Delete, AllocationSize: n/a, OpenResult: Opened","C:\Windows\SysWOW64\rasadhlp.dll"
"dad7b4bfe0a1adc5ca04cd572f4e6979e64201d51d26472539c0241a76a50f28.exe",6724,"Load Image","Image Base: 0x702d0000, Image Size: 0x8000","C:\Windows\SysWOW64\rasadhlp.dll"
"dad7b4bfe0a1adc5ca04cd572f4e6979e64201d51d26472539c0241a76a50f28.exe",6724,"ReadFile","Offset: 1,537,024, Length: 32,768, I/O Flags: Non-cached, Paging I/O, Synchronous Paging I/O, Priority: Normal","C:\Windows\SysWOW64\combase.dll"
"dad7b4bfe0a1adc5ca04cd572f4e6979e64201d51d26472539c0241a76a50f28.exe",6724,"ReadFile","Offset: 2,016,256, Length: 32,768, I/O Flags: Non-cached, Paging I/O, Synchronous Paging I/O, Priority: Normal","C:\Windows\SysWOW64\combase.dll"
"dad7b4bfe0a1adc5ca04cd572f4e6979e64201d51d26472539c0241a76a50f28.exe",6724,"ReadFile","Offset: 648,192, Length: 24,576, I/O Flags: Non-cached, Paging I/O, Synchronous Paging I/O, Priority: Normal","C:\Windows\SysWOW64\ntdll.dll"
"dad7b4bfe0a1adc5ca04cd572f4e6979e64201d51d26472539c0241a76a50f28.exe",6724,"ReadFile","Offset: 4,981,760, Length: 32,768, I/O Flags: Non-cached, Paging I/O, Synchronous Paging I/O, Priority: Normal","C:\Windows\SysWOW64\shell32.dll"
"dad7b4bfe0a1adc5ca04cd572f4e6979e64201d51d26472539c0241a76a50f28.exe",6724,"ReadFile","Offset: 4,076,544, Length: 32,768, I/O Flags: Non-cached, Paging I/O, Synchronous Paging I/O, Priority: Normal","C:\Windows\SysWOW64\shell32.dll"
"dad7b4bfe0a1adc5ca04cd572f4e6979e64201d51d26472539c0241a76a50f28.exe",6724,"ReadFile","Offset: 3,773,440, Length: 32,768, I/O Flags: Non-cached, Paging I/O, Synchronous Paging I/O, Priority: Normal","C:\Windows\SysWOW64\shell32.dll"
"dad7b4bfe0a1adc5ca04cd572f4e6979e64201d51d26472539c0241a76a50f28.exe",6724,"ReadFile","Offset: 3,646,464, Length: 32,768, I/O Flags: Non-cached, Paging I/O, Synchronous Paging I/O, Priority: Normal","C:\Windows\SysWOW64\shell32.dll"
"dad7b4bfe0a1adc5ca04cd572f4e6979e64201d51d26472539c0241a76a50f28.exe",6724,"ReadFile","Offset: 2,003,968, Length: 32,768, I/O Flags: Non-cached, Paging I/O, Synchronous Paging I/O, Priority: Normal","C:\Windows\SysWOW64\shell32.dll"
"dad7b4bfe0a1adc5ca04cd572f4e6979e64201d51d26472539c0241a76a50f28.exe",6724,"ReadFile","Offset: 3,056,640, Length: 32,768, I/O Flags: Non-cached, Paging I/O, Synchronous Paging I/O, Priority: Normal","C:\Windows\SysWOW64\windows.storage.dll"
"dad7b4bfe0a1adc5ca04cd572f4e6979e64201d51d26472539c0241a76a50f28.exe",6724,"ReadFile","Offset: 357,376, Length: 32,768, I/O Flags: Non-cached, Paging I/O, Synchronous Paging I/O, Priority: Normal","C:\Windows\SysWOW64\SHCore.dll"
"dad7b4bfe0a1adc5ca04cd572f4e6979e64201d51d26472539c0241a76a50f28.exe",6724,"ReadFile","Offset: 91,136, Length: 32,768, I/O Flags: Non-cached, Paging I/O, Synchronous Paging I/O, Priority: Normal","C:\Windows\SysWOW64\combase.dll"
"dad7b4bfe0a1adc5ca04cd572f4e6979e64201d51d26472539c0241a76a50f28.exe",6724,"ReadFile","Offset: 58,368, Length: 32,768, I/O Flags: Non-cached, Paging I/O, Synchronous Paging I/O, Priority: Normal","C:\Windows\SysWOW64\sspicli.dll"
"dad7b4bfe0a1adc5ca04cd572f4e6979e64201d51d26472539c0241a76a50f28.exe",6724,"ReadFile","Offset: 107,520, Length: 32,768, I/O Flags: Non-cached, Paging I/O, Synchronous Paging I/O, Priority: Normal","C:\Windows\SysWOW64\msvcp_win.dll"
"dad7b4bfe0a1adc5ca04cd572f4e6979e64201d51d26472539c0241a76a50f28.exe",6724,"ReadFile","Offset: 144,384, Length: 32,768, I/O Flags: Non-cached, Paging I/O, Synchronous Paging I/O, Priority: Normal","C:\Windows\SysWOW64\ucrtbase.dll"
