"Process.Name","PID","Operation","Detail","Path"
"e71be765cf95bef4900a1cef8f62e263a71d1890a3ecb5df6666b88190e1e53c.exe",3880,"Load Image","Image Base: 0x400000, Image Size: 0x25000","C:\Users\x\AppData\Local\Temp\e71be765cf95bef4900a1cef8f62e263a71d1890a3ecb5df6666b88190e1e53c.exe"
"e71be765cf95bef4900a1cef8f62e263a71d1890a3ecb5df6666b88190e1e53c.exe",3880,"Load Image","Image Base: 0x7ff92bf90000, Image Size: 0x1ed000","C:\Windows\System32\ntdll.dll"
"e71be765cf95bef4900a1cef8f62e263a71d1890a3ecb5df6666b88190e1e53c.exe",3880,"Load Image","Image Base: 0x77500000, Image Size: 0x19c000","C:\Windows\SysWOW64\ntdll.dll"
"e71be765cf95bef4900a1cef8f62e263a71d1890a3ecb5df6666b88190e1e53c.exe",3880,"CreateFile","Desired Access: Generic Read, Disposition: Open, Options: Synchronous IO Non-Alert, Attributes: n/a, ShareMode: None, AllocationSize: n/a","C:\Windows\Prefetch\E71BE765CF95BEF4900A1CEF8F62E-67393E06.pf"
"e71be765cf95bef4900a1cef8f62e263a71d1890a3ecb5df6666b88190e1e53c.exe",3880,"CreateFile","Desired Access: Execute/Traverse, Synchronize, Disposition: Open, Options: Directory, Synchronous IO Non-Alert, Attributes: n/a, ShareMode: Read, Write, AllocationSize: n/a, OpenResult: Opened","C:\Windows"
"e71be765cf95bef4900a1cef8f62e263a71d1890a3ecb5df6666b88190e1e53c.exe",3880,"Load Image","Image Base: 0x7ff92b4a0000, Image Size: 0x53000","C:\Windows\System32\wow64.dll"
"e71be765cf95bef4900a1cef8f62e263a71d1890a3ecb5df6666b88190e1e53c.exe",3880,"Load Image","Image Base: 0x7ff92bcd0000, Image Size: 0x7c000","C:\Windows\System32\wow64win.dll"
"e71be765cf95bef4900a1cef8f62e263a71d1890a3ecb5df6666b88190e1e53c.exe",3880,"CreateFile","Desired Access: Read Attributes, Disposition: Open, Options: Open Reparse Point, Attributes: n/a, ShareMode: Read, Write, Delete, AllocationSize: n/a","C:\Windows\System32\wow64log.dll"
"e71be765cf95bef4900a1cef8f62e263a71d1890a3ecb5df6666b88190e1e53c.exe",3880,"CreateFile","Desired Access: Read Attributes, Synchronize, Disposition: Open, Options: Synchronous IO Non-Alert, Attributes: n/a, ShareMode: Read, Write, Delete, AllocationSize: n/a, OpenResult: Opened","C:\Windows"
"e71be765cf95bef4900a1cef8f62e263a71d1890a3ecb5df6666b88190e1e53c.exe",3880,"Load Image","Image Base: 0x774f0000, Image Size: 0x9000","C:\Windows\System32\wow64cpu.dll"
"e71be765cf95bef4900a1cef8f62e263a71d1890a3ecb5df6666b88190e1e53c.exe",3880,"CreateFile","Desired Access: Execute/Traverse, Synchronize, Disposition: Open, Options: Directory, Synchronous IO Non-Alert, Attributes: n/a, ShareMode: Read, Write, AllocationSize: n/a, OpenResult: Opened","C:\Users\x\AppData\Local\Temp"
"e71be765cf95bef4900a1cef8f62e263a71d1890a3ecb5df6666b88190e1e53c.exe",3880,"Load Image","Image Base: 0x74ec0000, Image Size: 0xe0000","C:\Windows\SysWOW64\kernel32.dll"
"e71be765cf95bef4900a1cef8f62e263a71d1890a3ecb5df6666b88190e1e53c.exe",3880,"Load Image","Image Base: 0x77110000, Image Size: 0x1f9000","C:\Windows\SysWOW64\KernelBase.dll"
"e71be765cf95bef4900a1cef8f62e263a71d1890a3ecb5df6666b88190e1e53c.exe",3880,"CreateFile","Desired Access: Read Attributes, Disposition: Open, Options: Open Reparse Point, Attributes: n/a, ShareMode: Read, Write, Delete, AllocationSize: n/a, OpenResult: Opened","C:\Windows\SysWOW64\apphelp.dll"
"e71be765cf95bef4900a1cef8f62e263a71d1890a3ecb5df6666b88190e1e53c.exe",3880,"CreateFile","Desired Access: Read Data/List Directory, Execute/Traverse, Synchronize, Disposition: Open, Options: Synchronous IO Non-Alert, Non-Directory File, Attributes: n/a, ShareMode: Read, Delete, AllocationSize: n/a, OpenResult: Opened","C:\Windows\SysWOW64\apphelp.dll"
"e71be765cf95bef4900a1cef8f62e263a71d1890a3ecb5df6666b88190e1e53c.exe",3880,"Load Image","Image Base: 0x74ab0000, Image Size: 0x9c000","C:\Windows\SysWOW64\apphelp.dll"
"e71be765cf95bef4900a1cef8f62e263a71d1890a3ecb5df6666b88190e1e53c.exe",3880,"CreateFile","Desired Access: Read Control, Disposition: Open, Options: , Attributes: n/a, ShareMode: Read, Delete, AllocationSize: n/a, OpenResult: Opened","C:\Users\x\AppData\Local\Temp\e71be765cf95bef4900a1cef8f62e263a71d1890a3ecb5df6666b88190e1e53c.exe"
"e71be765cf95bef4900a1cef8f62e263a71d1890a3ecb5df6666b88190e1e53c.exe",3880,"CreateFile","Desired Access: Read Control, Disposition: Open, Options: , Attributes: n/a, ShareMode: Read, Delete, AllocationSize: n/a, OpenResult: Opened","C:\Windows\SysWOW64\ntdll.dll"
"e71be765cf95bef4900a1cef8f62e263a71d1890a3ecb5df6666b88190e1e53c.exe",3880,"CreateFile","Desired Access: Read Control, Disposition: Open, Options: , Attributes: n/a, ShareMode: Read, Delete, AllocationSize: n/a, OpenResult: Opened","C:\Windows\SysWOW64\kernel32.dll"
"e71be765cf95bef4900a1cef8f62e263a71d1890a3ecb5df6666b88190e1e53c.exe",3880,"CreateFile","Desired Access: Read Control, Disposition: Open, Options: , Attributes: n/a, ShareMode: Read, Delete, AllocationSize: n/a, OpenResult: Opened","C:\Windows\SysWOW64\KernelBase.dll"
"e71be765cf95bef4900a1cef8f62e263a71d1890a3ecb5df6666b88190e1e53c.exe",3880,"CreateFile","Desired Access: Generic Read, Disposition: Open, Options: Synchronous IO Non-Alert, Non-Directory File, Attributes: N, ShareMode: Read, Delete, AllocationSize: n/a, OpenResult: Opened","C:\Windows\apppatch\sysmain.sdb"
"e71be765cf95bef4900a1cef8f62e263a71d1890a3ecb5df6666b88190e1e53c.exe",3880,"CreateFile","Desired Access: Generic Read, Disposition: Open, Options: Synchronous IO Non-Alert, Non-Directory File, Attributes: N, ShareMode: Read, AllocationSize: n/a, OpenResult: Opened","C:\Users\x\AppData\Local\Temp\e71be765cf95bef4900a1cef8f62e263a71d1890a3ecb5df6666b88190e1e53c.exe"
"e71be765cf95bef4900a1cef8f62e263a71d1890a3ecb5df6666b88190e1e53c.exe",3880,"CreateFile","Desired Access: Generic Read, Disposition: Open, Options: Synchronous IO Non-Alert, Non-Directory File, Attributes: N, ShareMode: Read, AllocationSize: n/a, OpenResult: Opened","C:\Windows\apppatch\sysmain.sdb"
"e71be765cf95bef4900a1cef8f62e263a71d1890a3ecb5df6666b88190e1e53c.exe",3880,"CreateFile","Desired Access: Generic Read, Disposition: Open, Options: Synchronous IO Non-Alert, Non-Directory File, Attributes: N, ShareMode: Read, AllocationSize: n/a, OpenResult: Opened","C:\Users\x\AppData\Local\Temp\e71be765cf95bef4900a1cef8f62e263a71d1890a3ecb5df6666b88190e1e53c.exe"
"e71be765cf95bef4900a1cef8f62e263a71d1890a3ecb5df6666b88190e1e53c.exe",3880,"CreateFile","Desired Access: Generic Read, Disposition: Open, Options: Synchronous IO Non-Alert, Non-Directory File, Attributes: N, ShareMode: Read, AllocationSize: n/a, OpenResult: Opened","C:\Users\x\AppData\Local\Temp\e71be765cf95bef4900a1cef8f62e263a71d1890a3ecb5df6666b88190e1e53c.exe"
"e71be765cf95bef4900a1cef8f62e263a71d1890a3ecb5df6666b88190e1e53c.exe",3880,"CreateFile","Desired Access: Generic Read, Disposition: Open, Options: Synchronous IO Non-Alert, Non-Directory File, Attributes: N, ShareMode: Read, AllocationSize: n/a, OpenResult: Opened","C:\Windows\apppatch\sysmain.sdb"
"e71be765cf95bef4900a1cef8f62e263a71d1890a3ecb5df6666b88190e1e53c.exe",3880,"Load Image","Image Base: 0x76630000, Image Size: 0x96000","C:\Windows\SysWOW64\oleaut32.dll"
"e71be765cf95bef4900a1cef8f62e263a71d1890a3ecb5df6666b88190e1e53c.exe",3880,"Load Image","Image Base: 0x77350000, Image Size: 0x80000","C:\Windows\SysWOW64\msvcp_win.dll"
"e71be765cf95bef4900a1cef8f62e263a71d1890a3ecb5df6666b88190e1e53c.exe",3880,"Load Image","Image Base: 0x75530000, Image Size: 0x122000","C:\Windows\SysWOW64\ucrtbase.dll"
"e71be765cf95bef4900a1cef8f62e263a71d1890a3ecb5df6666b88190e1e53c.exe",3880,"Load Image","Image Base: 0x74c40000, Image Size: 0x278000","C:\Windows\SysWOW64\combase.dll"
"e71be765cf95bef4900a1cef8f62e263a71d1890a3ecb5df6666b88190e1e53c.exe",3880,"Load Image","Image Base: 0x76c40000, Image Size: 0xbf000","C:\Windows\SysWOW64\rpcrt4.dll"
"e71be765cf95bef4900a1cef8f62e263a71d1890a3ecb5df6666b88190e1e53c.exe",3880,"Load Image","Image Base: 0x74b60000, Image Size: 0x20000","C:\Windows\SysWOW64\sspicli.dll"
"e71be765cf95bef4900a1cef8f62e263a71d1890a3ecb5df6666b88190e1e53c.exe",3880,"Load Image","Image Base: 0x74b50000, Image Size: 0xa000","C:\Windows\SysWOW64\cryptbase.dll"
"e71be765cf95bef4900a1cef8f62e263a71d1890a3ecb5df6666b88190e1e53c.exe",3880,"Load Image","Image Base: 0x76570000, Image Size: 0x62000","C:\Windows\SysWOW64\bcryptprimitives.dll"
"e71be765cf95bef4900a1cef8f62e263a71d1890a3ecb5df6666b88190e1e53c.exe",3880,"Load Image","Image Base: 0x757d0000, Image Size: 0x79000","C:\Windows\SysWOW64\sechost.dll"
"e71be765cf95bef4900a1cef8f62e263a71d1890a3ecb5df6666b88190e1e53c.exe",3880,"Load Image","Image Base: 0x769c0000, Image Size: 0x7e000","C:\Windows\SysWOW64\advapi32.dll"
"e71be765cf95bef4900a1cef8f62e263a71d1890a3ecb5df6666b88190e1e53c.exe",3880,"Load Image","Image Base: 0x74b80000, Image Size: 0xc0000","C:\Windows\SysWOW64\msvcrt.dll"
"e71be765cf95bef4900a1cef8f62e263a71d1890a3ecb5df6666b88190e1e53c.exe",3880,"Load Image","Image Base: 0x76aa0000, Image Size: 0x19a000","C:\Windows\SysWOW64\user32.dll"
"e71be765cf95bef4900a1cef8f62e263a71d1890a3ecb5df6666b88190e1e53c.exe",3880,"Load Image","Image Base: 0x76810000, Image Size: 0x17000","C:\Windows\SysWOW64\win32u.dll"
"e71be765cf95bef4900a1cef8f62e263a71d1890a3ecb5df6666b88190e1e53c.exe",3880,"Load Image","Image Base: 0x770e0000, Image Size: 0x23000","C:\Windows\SysWOW64\gdi32.dll"
"e71be765cf95bef4900a1cef8f62e263a71d1890a3ecb5df6666b88190e1e53c.exe",3880,"Load Image","Image Base: 0x75660000, Image Size: 0x166000","C:\Windows\SysWOW64\gdi32full.dll"
"e71be765cf95bef4900a1cef8f62e263a71d1890a3ecb5df6666b88190e1e53c.exe",3880,"CreateFile","Desired Access: Read Control, Disposition: Open, Options: , Attributes: n/a, ShareMode: Read, Delete, AllocationSize: n/a, OpenResult: Opened","C:\Windows\SysWOW64\ucrtbase.dll"
"e71be765cf95bef4900a1cef8f62e263a71d1890a3ecb5df6666b88190e1e53c.exe",3880,"CreateFile","Desired Access: Read Control, Disposition: Open, Options: , Attributes: n/a, ShareMode: Read, Delete, AllocationSize: n/a, OpenResult: Opened","C:\Windows\SysWOW64\msvcp_win.dll"
"e71be765cf95bef4900a1cef8f62e263a71d1890a3ecb5df6666b88190e1e53c.exe",3880,"CreateFile","Desired Access: Read Control, Disposition: Open, Options: , Attributes: n/a, ShareMode: Read, Delete, AllocationSize: n/a, OpenResult: Opened","C:\Windows\SysWOW64\bcryptprimitives.dll"
"e71be765cf95bef4900a1cef8f62e263a71d1890a3ecb5df6666b88190e1e53c.exe",3880,"CreateFile","Desired Access: Read Control, Disposition: Open, Options: , Attributes: n/a, ShareMode: Read, Delete, AllocationSize: n/a, OpenResult: Opened","C:\Windows\SysWOW64\cryptbase.dll"
"e71be765cf95bef4900a1cef8f62e263a71d1890a3ecb5df6666b88190e1e53c.exe",3880,"CreateFile","Desired Access: Read Control, Disposition: Open, Options: , Attributes: n/a, ShareMode: Read, Delete, AllocationSize: n/a, OpenResult: Opened","C:\Windows\SysWOW64\sechost.dll"
"e71be765cf95bef4900a1cef8f62e263a71d1890a3ecb5df6666b88190e1e53c.exe",3880,"CreateFile","Desired Access: Read Control, Disposition: Open, Options: , Attributes: n/a, ShareMode: Read, Delete, AllocationSize: n/a, OpenResult: Opened","C:\Windows\SysWOW64\sspicli.dll"
"e71be765cf95bef4900a1cef8f62e263a71d1890a3ecb5df6666b88190e1e53c.exe",3880,"CreateFile","Desired Access: Read Control, Disposition: Open, Options: , Attributes: n/a, ShareMode: Read, Delete, AllocationSize: n/a, OpenResult: Opened","C:\Windows\SysWOW64\rpcrt4.dll"
"e71be765cf95bef4900a1cef8f62e263a71d1890a3ecb5df6666b88190e1e53c.exe",3880,"CreateFile","Desired Access: Read Control, Disposition: Open, Options: , Attributes: n/a, ShareMode: Read, Delete, AllocationSize: n/a, OpenResult: Opened","C:\Windows\SysWOW64\combase.dll"
"e71be765cf95bef4900a1cef8f62e263a71d1890a3ecb5df6666b88190e1e53c.exe",3880,"CreateFile","Desired Access: Read Control, Disposition: Open, Options: , Attributes: n/a, ShareMode: Read, Delete, AllocationSize: n/a, OpenResult: Opened","C:\Windows\SysWOW64\oleaut32.dll"
"e71be765cf95bef4900a1cef8f62e263a71d1890a3ecb5df6666b88190e1e53c.exe",3880,"CreateFile","Desired Access: Read Control, Disposition: Open, Options: , Attributes: n/a, ShareMode: Read, Delete, AllocationSize: n/a, OpenResult: Opened","C:\Windows\SysWOW64\msvcrt.dll"
"e71be765cf95bef4900a1cef8f62e263a71d1890a3ecb5df6666b88190e1e53c.exe",3880,"CreateFile","Desired Access: Read Control, Disposition: Open, Options: , Attributes: n/a, ShareMode: Read, Delete, AllocationSize: n/a, OpenResult: Opened","C:\Windows\SysWOW64\advapi32.dll"
"e71be765cf95bef4900a1cef8f62e263a71d1890a3ecb5df6666b88190e1e53c.exe",3880,"CreateFile","Desired Access: Read Control, Disposition: Open, Options: , Attributes: n/a, ShareMode: Read, Delete, AllocationSize: n/a, OpenResult: Opened","C:\Windows\SysWOW64\win32u.dll"
"e71be765cf95bef4900a1cef8f62e263a71d1890a3ecb5df6666b88190e1e53c.exe",3880,"CreateFile","Desired Access: Read Control, Disposition: Open, Options: , Attributes: n/a, ShareMode: Read, Delete, AllocationSize: n/a, OpenResult: Opened","C:\Windows\SysWOW64\gdi32full.dll"
"e71be765cf95bef4900a1cef8f62e263a71d1890a3ecb5df6666b88190e1e53c.exe",3880,"CreateFile","Desired Access: Read Control, Disposition: Open, Options: , Attributes: n/a, ShareMode: Read, Delete, AllocationSize: n/a, OpenResult: Opened","C:\Windows\SysWOW64\gdi32.dll"
"e71be765cf95bef4900a1cef8f62e263a71d1890a3ecb5df6666b88190e1e53c.exe",3880,"CreateFile","Desired Access: Read Control, Disposition: Open, Options: , Attributes: n/a, ShareMode: Read, Delete, AllocationSize: n/a, OpenResult: Opened","C:\Windows\SysWOW64\user32.dll"
"e71be765cf95bef4900a1cef8f62e263a71d1890a3ecb5df6666b88190e1e53c.exe",3880,"CreateFile","Desired Access: Read Attributes, Disposition: Open, Options: Open Reparse Point, Attributes: n/a, ShareMode: Read, Write, Delete, AllocationSize: n/a, OpenResult: Opened","C:\Windows\SysWOW64\ole32.dll"
"e71be765cf95bef4900a1cef8f62e263a71d1890a3ecb5df6666b88190e1e53c.exe",3880,"CreateFile","Desired Access: Read Data/List Directory, Synchronize, Disposition: Open, Options: Synchronous IO Non-Alert, Non-Directory File, Attributes: n/a, ShareMode: Read, Delete, AllocationSize: n/a, OpenResult: Opened","C:\Windows\SysWOW64\ole32.dll"
"e71be765cf95bef4900a1cef8f62e263a71d1890a3ecb5df6666b88190e1e53c.exe",3880,"CreateFile","Desired Access: Read Attributes, Disposition: Open, Options: Open Reparse Point, Attributes: n/a, ShareMode: Read, Write, Delete, AllocationSize: n/a, OpenResult: Opened","C:\Windows\SysWOW64\imm32.dll"
"e71be765cf95bef4900a1cef8f62e263a71d1890a3ecb5df6666b88190e1e53c.exe",3880,"CreateFile","Desired Access: Read Data/List Directory, Synchronize, Disposition: Open, Options: Synchronous IO Non-Alert, Non-Directory File, Attributes: n/a, ShareMode: Read, Delete, AllocationSize: n/a, OpenResult: Opened","C:\Windows\SysWOW64\imm32.dll"
"e71be765cf95bef4900a1cef8f62e263a71d1890a3ecb5df6666b88190e1e53c.exe",3880,"Load Image","Image Base: 0x758c0000, Image Size: 0x25000","C:\Windows\SysWOW64\imm32.dll"
"e71be765cf95bef4900a1cef8f62e263a71d1890a3ecb5df6666b88190e1e53c.exe",3880,"CreateFile","Desired Access: Read Control, Disposition: Open, Options: , Attributes: n/a, ShareMode: Read, Delete, AllocationSize: n/a, OpenResult: Opened","C:\Windows\SysWOW64\imm32.dll"
"e71be765cf95bef4900a1cef8f62e263a71d1890a3ecb5df6666b88190e1e53c.exe",3880,"CreateFile","Desired Access: Read Attributes, Disposition: Open, Options: Open Reparse Point, Attributes: n/a, ShareMode: Read, Write, Delete, AllocationSize: n/a","C:\Users\x\AppData\Local\Temp\e71be765cf95bef4900a1cef8f62e263a71d1890a3ecb5df6666b88190e1e53c.ENA"
"e71be765cf95bef4900a1cef8f62e263a71d1890a3ecb5df6666b88190e1e53c.exe",3880,"CreateFile","Desired Access: Read Attributes, Disposition: Open, Options: Open Reparse Point, Attributes: n/a, ShareMode: Read, Write, Delete, AllocationSize: n/a","C:\Users\x\AppData\Local\Temp\e71be765cf95bef4900a1cef8f62e263a71d1890a3ecb5df6666b88190e1e53c.ENA.DLL"
"e71be765cf95bef4900a1cef8f62e263a71d1890a3ecb5df6666b88190e1e53c.exe",3880,"CreateFile","Desired Access: Read Attributes, Disposition: Open, Options: Open Reparse Point, Attributes: n/a, ShareMode: Read, Write, Delete, AllocationSize: n/a","C:\Users\x\AppData\Local\Temp\e71be765cf95bef4900a1cef8f62e263a71d1890a3ecb5df6666b88190e1e53c.EN"
"e71be765cf95bef4900a1cef8f62e263a71d1890a3ecb5df6666b88190e1e53c.exe",3880,"CreateFile","Desired Access: Read Attributes, Disposition: Open, Options: Open Reparse Point, Attributes: n/a, ShareMode: Read, Write, Delete, AllocationSize: n/a","C:\Users\x\AppData\Local\Temp\e71be765cf95bef4900a1cef8f62e263a71d1890a3ecb5df6666b88190e1e53c.EN.DLL"
"e71be765cf95bef4900a1cef8f62e263a71d1890a3ecb5df6666b88190e1e53c.exe",3880,"CreateFile","Desired Access: Read Attributes, Disposition: Open, Options: Open Reparse Point, Attributes: n/a, ShareMode: Read, Write, Delete, AllocationSize: n/a, OpenResult: Opened","C:\Windows\SysWOW64\uxtheme.dll"
"e71be765cf95bef4900a1cef8f62e263a71d1890a3ecb5df6666b88190e1e53c.exe",3880,"CreateFile","Desired Access: Read Data/List Directory, Execute/Traverse, Synchronize, Disposition: Open, Options: Synchronous IO Non-Alert, Non-Directory File, Attributes: n/a, ShareMode: Read, Delete, AllocationSize: n/a, OpenResult: Opened","C:\Windows\SysWOW64\uxtheme.dll"
"e71be765cf95bef4900a1cef8f62e263a71d1890a3ecb5df6666b88190e1e53c.exe",3880,"Load Image","Image Base: 0x74800000, Image Size: 0x7b000","C:\Windows\SysWOW64\uxtheme.dll"
"e71be765cf95bef4900a1cef8f62e263a71d1890a3ecb5df6666b88190e1e53c.exe",3880,"CreateFile","Desired Access: Read Control, Disposition: Open, Options: , Attributes: n/a, ShareMode: Read, Delete, AllocationSize: n/a, OpenResult: Opened","C:\Windows\SysWOW64\uxtheme.dll"
"e71be765cf95bef4900a1cef8f62e263a71d1890a3ecb5df6666b88190e1e53c.exe",3880,"Load Image","Image Base: 0x766d0000, Image Size: 0x13c000","C:\Windows\SysWOW64\msctf.dll"
"e71be765cf95bef4900a1cef8f62e263a71d1890a3ecb5df6666b88190e1e53c.exe",3880,"CreateFile","Desired Access: Read Control, Disposition: Open, Options: , Attributes: n/a, ShareMode: Read, Delete, AllocationSize: n/a, OpenResult: Opened","C:\Windows\SysWOW64\msctf.dll"
"e71be765cf95bef4900a1cef8f62e263a71d1890a3ecb5df6666b88190e1e53c.exe",3880,"CreateFile","Desired Access: Read Attributes, Disposition: Open, Options: Open Reparse Point, Attributes: n/a, ShareMode: Read, Write, Delete, AllocationSize: n/a, OpenResult: Opened","C:\Windows\SysWOW64\dwmapi.dll"
"e71be765cf95bef4900a1cef8f62e263a71d1890a3ecb5df6666b88190e1e53c.exe",3880,"CreateFile","Desired Access: Read Data/List Directory, Execute/Traverse, Synchronize, Disposition: Open, Options: Synchronous IO Non-Alert, Non-Directory File, Attributes: n/a, ShareMode: Read, Delete, AllocationSize: n/a, OpenResult: Opened","C:\Windows\SysWOW64\dwmapi.dll"
"e71be765cf95bef4900a1cef8f62e263a71d1890a3ecb5df6666b88190e1e53c.exe",3880,"Load Image","Image Base: 0x70270000, Image Size: 0x26000","C:\Windows\SysWOW64\dwmapi.dll"
"e71be765cf95bef4900a1cef8f62e263a71d1890a3ecb5df6666b88190e1e53c.exe",3880,"Load Image","Image Base: 0x76d00000, Image Size: 0x199000","C:\Windows\SysWOW64\crypt32.dll"
"e71be765cf95bef4900a1cef8f62e263a71d1890a3ecb5df6666b88190e1e53c.exe",3880,"Load Image","Image Base: 0x76460000, Image Size: 0xe000","C:\Windows\SysWOW64\msasn1.dll"
"e71be765cf95bef4900a1cef8f62e263a71d1890a3ecb5df6666b88190e1e53c.exe",3880,"Load Image","Image Base: 0x77060000, Image Size: 0x12000","C:\Windows\SysWOW64\cryptsp.dll"
"e71be765cf95bef4900a1cef8f62e263a71d1890a3ecb5df6666b88190e1e53c.exe",3880,"Load Image","Image Base: 0x76450000, Image Size: 0xf000","C:\Windows\SysWOW64\kernel.appcore.dll"
"e71be765cf95bef4900a1cef8f62e263a71d1890a3ecb5df6666b88190e1e53c.exe",3880,"CreateFile","Desired Access: Read Control, Disposition: Open, Options: , Attributes: n/a, ShareMode: Read, Delete, AllocationSize: n/a, OpenResult: Opened","C:\Windows\SysWOW64\msasn1.dll"
"e71be765cf95bef4900a1cef8f62e263a71d1890a3ecb5df6666b88190e1e53c.exe",3880,"CreateFile","Desired Access: Read Control, Disposition: Open, Options: , Attributes: n/a, ShareMode: Read, Delete, AllocationSize: n/a, OpenResult: Opened","C:\Windows\SysWOW64\crypt32.dll"
"e71be765cf95bef4900a1cef8f62e263a71d1890a3ecb5df6666b88190e1e53c.exe",3880,"CreateFile","Desired Access: Read Control, Disposition: Open, Options: , Attributes: n/a, ShareMode: Read, Delete, AllocationSize: n/a, OpenResult: Opened","C:\Windows\SysWOW64\cryptsp.dll"
"e71be765cf95bef4900a1cef8f62e263a71d1890a3ecb5df6666b88190e1e53c.exe",3880,"CreateFile","Desired Access: Read Control, Disposition: Open, Options: , Attributes: n/a, ShareMode: Read, Delete, AllocationSize: n/a, OpenResult: Opened","C:\Windows\SysWOW64\kernel.appcore.dll"
"e71be765cf95bef4900a1cef8f62e263a71d1890a3ecb5df6666b88190e1e53c.exe",3880,"CreateFile","Desired Access: Read Control, Disposition: Open, Options: , Attributes: n/a, ShareMode: Read, Delete, AllocationSize: n/a, OpenResult: Opened","C:\Windows\SysWOW64\dwmapi.dll"
"e71be765cf95bef4900a1cef8f62e263a71d1890a3ecb5df6666b88190e1e53c.exe",3880,"CreateFile","Desired Access: Read Attributes, Disposition: Open, Options: Open Reparse Point, Attributes: n/a, ShareMode: Read, Write, Delete, AllocationSize: n/a","C:\Users\x\AppData\Local\Temp\wininet.dll"
"e71be765cf95bef4900a1cef8f62e263a71d1890a3ecb5df6666b88190e1e53c.exe",3880,"CreateFile","Desired Access: Read Attributes, Disposition: Open, Options: Open Reparse Point, Attributes: n/a, ShareMode: Read, Write, Delete, AllocationSize: n/a, OpenResult: Opened","C:\Windows\SysWOW64\wininet.dll"
"e71be765cf95bef4900a1cef8f62e263a71d1890a3ecb5df6666b88190e1e53c.exe",3880,"CreateFile","Desired Access: Read Data/List Directory, Execute/Traverse, Synchronize, Disposition: Open, Options: Synchronous IO Non-Alert, Non-Directory File, Attributes: n/a, ShareMode: Read, Delete, AllocationSize: n/a, OpenResult: Opened","C:\Windows\SysWOW64\wininet.dll"
"e71be765cf95bef4900a1cef8f62e263a71d1890a3ecb5df6666b88190e1e53c.exe",3880,"Load Image","Image Base: 0x6e7c0000, Image Size: 0x471000","C:\Windows\SysWOW64\wininet.dll"
"e71be765cf95bef4900a1cef8f62e263a71d1890a3ecb5df6666b88190e1e53c.exe",3880,"CreateFile","Desired Access: Read Control, Disposition: Open, Options: , Attributes: n/a, ShareMode: Read, Delete, AllocationSize: n/a, OpenResult: Opened","C:\Windows\SysWOW64\wininet.dll"
"e71be765cf95bef4900a1cef8f62e263a71d1890a3ecb5df6666b88190e1e53c.exe",3880,"CreateFile","Desired Access: Read Attributes, Disposition: Open, Options: Open Reparse Point, Attributes: n/a, ShareMode: Read, Write, Delete, AllocationSize: n/a","C:\Users\x\AppData\Local\Temp\wsock32.dll"
"e71be765cf95bef4900a1cef8f62e263a71d1890a3ecb5df6666b88190e1e53c.exe",3880,"CreateFile","Desired Access: Read Attributes, Disposition: Open, Options: Open Reparse Point, Attributes: n/a, ShareMode: Read, Write, Delete, AllocationSize: n/a, OpenResult: Opened","C:\Windows\SysWOW64\wsock32.dll"
"e71be765cf95bef4900a1cef8f62e263a71d1890a3ecb5df6666b88190e1e53c.exe",3880,"CreateFile","Desired Access: Read Data/List Directory, Execute/Traverse, Synchronize, Disposition: Open, Options: Synchronous IO Non-Alert, Non-Directory File, Attributes: n/a, ShareMode: Read, Delete, AllocationSize: n/a, OpenResult: Opened","C:\Windows\SysWOW64\wsock32.dll"
"e71be765cf95bef4900a1cef8f62e263a71d1890a3ecb5df6666b88190e1e53c.exe",3880,"Load Image","Image Base: 0x6f390000, Image Size: 0x8000","C:\Windows\SysWOW64\wsock32.dll"
"e71be765cf95bef4900a1cef8f62e263a71d1890a3ecb5df6666b88190e1e53c.exe",3880,"Load Image","Image Base: 0x76fa0000, Image Size: 0x5f000","C:\Windows\SysWOW64\ws2_32.dll"
"e71be765cf95bef4900a1cef8f62e263a71d1890a3ecb5df6666b88190e1e53c.exe",3880,"CreateFile","Desired Access: Read Control, Disposition: Open, Options: , Attributes: n/a, ShareMode: Read, Delete, AllocationSize: n/a, OpenResult: Opened","C:\Windows\SysWOW64\ws2_32.dll"
"e71be765cf95bef4900a1cef8f62e263a71d1890a3ecb5df6666b88190e1e53c.exe",3880,"CreateFile","Desired Access: Read Control, Disposition: Open, Options: , Attributes: n/a, ShareMode: Read, Delete, AllocationSize: n/a, OpenResult: Opened","C:\Windows\SysWOW64\wsock32.dll"
