"Imports","Runtime_DLL","Reg_Set","Reg_Set_Val","Reg_Set_Type","Reg_Del","Service_Opened","Service_Controlled","Service_Created","Service_Started","Proc_Terminated","Proc_Created","Proc_Injected","Proc_Shellcmds","File_Read","File_Opened","File_Written","File_Replaced","File_Moved_src","File_Moved_dst","File_Copied_src","File_Copied_dst","File_Deleted","SHLWAPI.dll","gdiplus.dll","COMCTL32.dll","SHELL32.dll","i3MathDx.dll","OLEAUT32.dll","WINMM.dll","i3GfxDx.dll","i3BaseDx.dll","GDI32.dll","i3SceneDx.dll","KERNEL32.dll","UxTheme.dll","WINSPOOL.DRV","oledlg.dll","ADVAPI32.dll","ole32.dll","MSIMG32.dll","OLEACC.dll","USER32.dll","IMM32.dll"
"SHLWAPI.dll","","","","","","","","","","","","","","","","","","","","","","","StrFormatKBSizeA","GdipBitmapLockBits","Ord(17)","SHGetFileInfoA","?i3MathRegisterMetas@@YAXXZ","OleCreateFontIndirect","PlaySoundA","?getISSVersion@i3ShaderCache@@QAEIXZ","?g_inst_memory_mgr@detail_inst@i3@@3Vinst_memory_mgr@12@A","SetMapMode","?new_object_fun@i3RegistrySet@@SAPAV1@XZ","GetStdHandle","IsAppThemed","OpenPrinterA","Ord(8)","RegDeleteKeyA","OleUninitialize","TransparentBlt","LresultFromObject","RedrawWindow","ImmReleaseContext"
"gdiplus.dll","","","","","","","","","","","","","","","","","","","","","","","PathFindExtensionA","GdipGetImagePixelFormat","","DragFinish","","VariantTimeToSystemTime","","??1i3VideoInfo@@UAE@XZ","?deallocate@pool_by_thread@i3@@QAEXPAX@Z","GetWindowOrgEx","?GetData@i3RegKey@@QAE_NPBDPAH@Z","GetDriveTypeW","GetThemeSysColor","DocumentPropertiesA","","RegCloseKey","CoUninitialize","AlphaBlend","CreateStdAccessibleObject","GetForegroundWindow","ImmGetOpenStatus"
"COMCTL32.dll","","","","","","","","","","","","","","","","","","","","","","","PathIsUNCA","GdipCreateBitmapFromScan0","","DragQueryFileA","","SysStringLen","","?Create@i3RenderContext@@QAE_NPAVi3VideoInfo@@PAX@Z","?AllocTool@i3mem@@YAPAXHHHPBDH@Z","GetTextMetricsA","?FIND_REG_DATA@@YAXPAVi3RegKey@@PBDPAH@Z","VerifyVersionInfoA","GetWindowTheme","ClosePrinter","","RegQueryValueA","OleTranslateAccelerator","","AccessibleObjectFromWindow","SetWindowRgn","ImmGetContext"
"SHELL32.dll","","","","","","","","","","","","","","","","","","","","","","","PathRemoveFileSpecW","GdiplusShutdown","","SHGetSpecialFolderLocation","","SystemTimeToVariantTime","","?new_object_fun@i3RenderContext@@SAPAV1@XZ","?obtain_tls_idx@tls_mgr@detail_tls@i3@@QAEKXZ","CombineRgn","?i3SceneRegisterMetas@@YAXXZ","FileTimeToSystemTime","GetCurrentThemeName","","","RegQueryValueExA","OleLockRunning","","","SetMenuItemBitmaps",""
"i3MathDx.dll","","","","","","","","","","","","","","","","","","","","","","","PathStripToRootA","GdipGetImagePalette","","SHBrowseForFolderA","","VarBstrFromDate","","?i3GfxRegisterMetas@@YAXXZ","?delayed_atexit@i3@@YAHP6AXXZ@Z","GetViewportOrgEx","?GetData@i3RegKey@@QAE_NPBDPAM@Z","GetFileAttributesA","DrawThemeText","","","RegSetValueExA","OleDestroyMenuDescriptor","","","DestroyWindow",""
"OLEAUT32.dll","","","","","","","","","","","","","","","","","","","","","","","PathFindFileNameA","GdipDisposeImage","","SHAppBarMessage","","SysAllocStringLen","","?getDisplayMode@i3RenderContext@@SAXHW4I3G_IMAGE_FORMAT@@PAUI3G_DISPLAY_MODE_INFO@@@Z","?resize_slot@detail_tls@i3@@YAXPAUthread_data@12@I@Z","GetObjectType","?AddData@i3RegKey@@QAEXPBDH@Z","WaitForSingleObject","OpenThemeData","","","RegEnumValueA","DoDragDrop","","","DrawStateA",""
"WINMM.dll","","","","","","","","","","","","","","","","","","","","","","","","GdipBitmapUnlockBits","","SHGetDesktopFolder","","VariantChangeType","","?getDisplayModeCount@i3RenderContext@@SAHW4I3G_IMAGE_FORMAT@@@Z","?FreeTool@i3mem@@YAXPBXPBDH@Z","GetBoundsRect","?AddData@i3RegKey@@QAEXPBDM@Z","EncodePointer","DrawThemeParentBackground","","","RegCreateKeyExA","StgOpenStorageOnILockBytes","","","SetRectEmpty",""
"i3GfxDx.dll","","","","","","","","","","","","","","","","","","","","","","","","GdiplusStartup","","SHGetPathFromIDListA","","VariantClear","","??0i3VideoInfo@@QAE@XZ","??0noncopyable@i3@@IAE@XZ","SetLayout","?SaveRegistrySet@i3RegistrySet@@QAEIPBDW4REGISTRY_FILE_TYPE@@@Z","lstrcmpW","CloseThemeData","","","RegOpenKeyExA","CreateStreamOnHGlobal","","","EnableScrollBar",""
"i3BaseDx.dll","","","","","","","","","","","","","","","","","","","","","","","","GdipDeleteGraphics","","ShellExecuteA","","SysAllocString","","?Load@i3ShaderCache@@SAPAV1@PBD@Z","?i3BaseRegisterMetas@@YAXXZ","SetPixel","?LoadRegistrySet@i3RegistrySet@@QAEIPBDW4REGISTRY_FILE_TYPE@@@Z","SystemTimeToTzSpecificLocalTime","DrawThemeBackground","","","RegEnumKeyA","OleFlushClipboard","","","DestroyMenu",""
"GDI32.dll","","","","","","","","","","","","","","","","","","","","","","","","GdipCreateBitmapFromStream","","","","SafeArrayDestroy","","","?allocate@pool_by_thread@i3@@QAEPAXI@Z","SetPixelV","?getRoot@i3RegistrySet@@QAEPAVi3RegKey@@XZ","DeleteCriticalSection","GetThemeColor","","","RegDeleteValueA","IsAccelerator","","","PostQuitMessage",""
"i3SceneDx.dll","","","","","","","","","","","","","","","","","","","","","","","","GdipCreateFromHDC","","","","VariantCopy","","","?g_TlsManager@detail_tls@i3@@3Vtls_mgr@12@A","SetPaletteEntries","","GetCurrentProcess","IsThemeBackgroundPartiallyTransparent","","","RegEnumKeyExA","CoCreateGuid","","","GetMessagePos",""
"KERNEL32.dll","","","","","","","","","","","","","","","","","","","","","","","","GdipGetImagePaletteSize","","","","LoadTypeLib","","","??1class_meta_system@i3@@QAE@XZ","OffsetWindowOrgEx","","GetConsoleMode","GetThemePartSize","","","","RegisterDragDrop","","","SetWindowPos",""
"UxTheme.dll","","","","","","","","","","","","","","","","","","","","","","","","GdipCreateBitmapFromHBITMAP","","","","SysFreeString","","","?get_global_item_list_with_tag@detail_sprintf@i3@@YAAAV?vector@PAU?sprint_item@D@detail_sprintf@i3@@V?pool_allocator@PAU?sprint_item@D@detail_sprintf@i3@@@3@@2@Uchar_item_tag@12@@Z","CreateEllipticRgn","","LocalAlloc","","","","","RevokeDragDrop","","","GetNextDlgTabItem",""
"WINSPOOL.DRV","","","","","","","","","","","","","","","","","","","","","","","","GdipAlloc","","","","SysAllocStringByteLen","","","?IsDirectory@i3System@@YA_NPBD@Z","CreatePalette","","ExitProcess","","","","","CoRegisterMessageFilter","","","IsWindow",""
"oledlg.dll","","","","","","","","","","","","","","","","","","","","","","","","GdipGetImageWidth","","","","VariantInit","","","?on_create@?shared_tls@Vpool_by_thread@i3@@@i3@@AAEXPAV?tls_ptr@Vpool_by_thread@i3@@@2@K@Z","CreateDIBitmap","","SetErrorMode","","","","","OleGetClipboard","","","DispatchMessageA",""
"ADVAPI32.dll","","","","","","","","","","","","","","","","","","","","","","","","GdipDrawImageI","","","","","","","?return_tls_idx@tls_mgr@detail_tls@i3@@QAEXK@Z","SetTextAlign","","FreeEnvironmentStringsW","","","","","OleDuplicateData","","","ClientToScreen",""
"ole32.dll","","","","","","","","","","","","","","","","","","","","","","","","GdipDrawImageRectI","","","","","","","??1pool_by_thread@i3@@QAE@XZ","StretchBlt","","InitializeSListHead","","","","","CLSIDFromString","","","SetMenuItemInfoA",""
"MSIMG32.dll","","","","","","","","","","","","","","","","","","","","","","","","GdipSetInterpolationMode","","","","","","","??0class_meta_system@i3@@QAE@XZ","GetTextFaceA","","GetLocaleInfoW","","","","","CreateILockBytesOnHGlobal","","","GetWindowLongA",""
"OLEACC.dll","","","","","","","","","","","","","","","","","","","","","","","","GdipFree","","","","","","","?Release@i3ElementBase@@QAEXXZ","ScaleViewportExtEx","","SetStdHandle","","","","","CoGetClassObject","","","EndDialog",""
"USER32.dll","","","","","","","","","","","","","","","","","","","","","","","","GdipGetImageHeight","","","","","","","??0pool_by_thread@i3@@QAE@XZ","GetPaletteEntries","","GetFileTime","","","","","CoInitialize","","","CharUpperBuffA",""
"IMM32.dll","","","","","","","","","","","","","","","","","","","","","","","","GdipCloneImage","","","","","","","??1noncopyable@i3@@IAE@XZ","SetWindowExtEx","","GetTempPathA","","","","","OleInitialize","","","GrayStringA",""
"","","","","","","","","","","","","","","","","","","","","","","","","GdipGetImageGraphicsContext","","","","","","","?i3MemoryInit@@YAXIPAD@Z","SetViewportExtEx","","WideCharToMultiByte","","","","","CoLockObjectExternal","","","WindowFromPoint",""
"","","","","","","","","","","","","","","","","","","","","","","","","","","","","","","","?Log@i3Error@@YAXABV?literal_base_range@PBD@i3@@@Z","SetBkColor","","LoadLibraryW","","","","","CoCreateInstance","","","DrawIcon",""
"","","","","","","","","","","","","","","","","","","","","","","","","","","","","","","","?SetEnv@i3Error@@YAXPBDH0W4I3LOG_TYPE@@@Z","GetBkColor","","WriteFile","","","","","CoTaskMemAlloc","","","GetMessageTime",""
"","","","","","","","","","","","","","","","","","","","","","","","","","","","","","","","","SetRectRgn","","GetTimeZoneInformation","","","","","CoInitializeEx","","","SetActiveWindow",""
"","","","","","","","","","","","","","","","","","","","","","","","","","","","","","","","","GetTextCharsetInfo","","GetSystemTimeAsFileTime","","","","","OleCreateMenuDescriptor","","","GetMenuItemID",""
"","","","","","","","","","","","","","","","","","","","","","","","","","","","","","","","","GetSystemPaletteEntries","","HeapReAlloc","","","","","CoRevokeClassObject","","","GetAsyncKeyState",""
"","","","","","","","","","","","","","","","","","","","","","","","","","","","","","","","","OffsetRgn","","GetStringTypeW","","","","","StgCreateDocfileOnILockBytes","","","DrawTextA",""
"","","","","","","","","","","","","","","","","","","","","","","","","","","","","","","","","TextOutA","","GetFullPathNameA","","","","","CLSIDFromProgID","","","GetDlgCtrlID",""
"","","","","","","","","","","","","","","","","","","","","","","","","","","","","","","","","CreateFontIndirectA","","FreeLibrary","","","","","CoFreeUnusedLibraries","","","GetClassInfoA",""
"","","","","","","","","","","","","","","","","","","","","","","","","","","","","","","","","CreateRectRgnIndirect","","LocalFree","","","","","ReleaseStgMedium","","","GetMenu",""
"","","","","","","","","","","","","","","","","","","","","","","","","","","","","","","","","LPtoDP","","ResumeThread","","","","","CoDisconnectObject","","","CreateWindowExA",""
"","","","","","","","","","","","","","","","","","","","","","","","","","","","","","","","","GetPixel","","FreeLibraryAndExitThread","","","","","OleIsCurrentClipboard","","","IsClipboardFormatAvailable",""
"","","","","","","","","","","","","","","","","","","","","","","","","","","","","","","","","GetLayout","","InitializeCriticalSection","","","","","CoTaskMemFree","","","DefFrameProcA",""
"","","","","","","","","","","","","","","","","","","","","","","","","","","","","","","","","ExcludeClipRect","","LoadResource","","","","","","","","GetClientRect",""
"","","","","","","","","","","","","","","","","","","","","","","","","","","","","","","","","OffsetViewportOrgEx","","GlobalHandle","","","","","","","","SetWindowContextHelpId",""
"","","","","","","","","","","","","","","","","","","","","","","","","","","","","","","","","SetBkMode","","FindClose","","","","","","","","SetMenuDefaultItem",""
"","","","","","","","","","","","","","","","","","","","","","","","","","","","","","","","","PtInRegion","","TlsGetValue","","","","","","","","LoadImageW",""
"","","","","","","","","","","","","","","","","","","","","","","","","","","","","","","","","BitBlt","","FormatMessageA","","","","","","","","SetScrollPos",""
"","","","","","","","","","","","","","","","","","","","","","","","","","","","","","","","","EnumFontFamiliesA","","OutputDebugStringA","","","","","","","","CallNextHookEx",""
"","","","","","","","","","","","","","","","","","","","","","","","","","","","","","","","","GetDeviceCaps","","SetLastError","","","","","","","","LoadAcceleratorsA",""
"","","","","","","","","","","","","","","","","","","","","","","","","","","","","","","","","FillRgn","","GetUserDefaultUILanguage","","","","","","","","GetWindowTextLengthA",""
"","","","","","","","","","","","","","","","","","","","","","","","","","","","","","","","","FrameRgn","","OutputDebugStringW","","","","","","","","GetMenuDefaultItem",""
"","","","","","","","","","","","","","","","","","","","","","","","","","","","","","","","","ScaleWindowExtEx","","GetModuleFileNameW","","","","","","","","CopyAcceleratorTableA",""
"","","","","","","","","","","","","","","","","","","","","","","","","","","","","","","","","PtVisible","","IsDebuggerPresent","","","","","","","","GetKeyboardState",""
"","","","","","","","","","","","","","","","","","","","","","","","","","","","","","","","","ExtSelectClipRgn","","CopyFileA","","","","","","","","GetTopWindow",""
"","","","","","","","","","","","","","","","","","","","","","","","","","","","","","","","","SelectPalette","","GetVersionExA","","","","","","","","LoadImageA",""
"","","","","","","","","","","","","","","","","","","","","","","","","","","","","","","","","SetROP2","","GetModuleFileNameA","","","","","","","","LoadAcceleratorsW",""
"","","","","","","","","","","","","","","","","","","","","","","","","","","","","","","","","GetNearestPaletteIndex","","VerSetConditionMask","","","","","","","","ScrollWindow",""
"","","","","","","","","","","","","","","","","","","","","","","","","","","","","","","","","SetDIBColorTable","","GetVolumeInformationA","","","","","","","","GetWindowTextA",""
"","","","","","","","","","","","","","","","","","","","","","","","","","","","","","","","","GetTextColor","","GetPrivateProfileStringA","","","","","","","","InvalidateRgn",""
"","","","","","","","","","","","","","","","","","","","","","","","","","","","","","","","","Escape","","SetThreadPriority","","","","","","","","GetKeyState",""
"","","","","","","","","","","","","","","","","","","","","","","","","","","","","","","","","DeleteObject","","UnhandledExceptionFilter","","","","","","","","PtInRect",""
"","","","","","","","","","","","","","","","","","","","","","","","","","","","","","","","","CreateCompatibleDC","","LoadLibraryExW","","","","","","","","DrawEdge",""
"","","","","","","","","","","","","","","","","","","","","","","","","","","","","","","","","GetWindowExtEx","","MultiByteToWideChar","","","","","","","","GetParent",""
"","","","","","","","","","","","","","","","","","","","","","","","","","","","","","","","","PatBlt","","SetFilePointerEx","","","","","","","","MapDialogRect",""
"","","","","","","","","","","","","","","","","","","","","","","","","","","","","","","","","CreatePen","","GetProfileIntA","","","","","","","","SystemParametersInfoA",""
"","","","","","","","","","","","","","","","","","","","","","","","","","","","","","","","","GetClipBox","","GetModuleHandleA","","","","","","","","SetPropA",""
"","","","","","","","","","","","","","","","","","","","","","","","","","","","","","","","","Rectangle","","CreateThread","","","","","","","","EqualRect",""
"","","","","","","","","","","","","","","","","","","","","","","","","","","","","","","","","GetObjectA","","GetSystemDefaultUILanguage","","","","","","","","DefWindowProcA",""
"","","","","","","","","","","","","","","","","","","","","","","","","","","","","","","","","CreateDCA","","GetSystemDirectoryW","","","","","","","","GetClassInfoExA",""
"","","","","","","","","","","","","","","","","","","","","","","","","","","","","","","","","LineTo","","GlobalAddAtomA","","","","","","","","ShowWindow",""
"","","","","","","","","","","","","","","","","","","","","","","","","","","","","","","","","DeleteDC","","SetUnhandledExceptionFilter","","","","","","","","SetClassLongA",""
"","","","","","","","","","","","","","","","","","","","","","","","","","","","","","","","","GetMapMode","","MulDiv","","","","","","","","DrawFrameControl",""
"","","","","","","","","","","","","","","","","","","","","","","","","","","","","","","","","RealizePalette","","IsProcessorFeaturePresent","","","","","","","","GetNextDlgGroupItem",""
"","","","","","","","","","","","","","","","","","","","","","","","","","","","","","","","","CreateHatchBrush","","ExitThread","","","","","","","","EnumDisplayMonitors",""
"","","","","","","","","","","","","","","","","","","","","","","","","","","","","","","","","CreatePatternBrush","","DecodePointer","","","","","","","","GetCursorPos",""
"","","","","","","","","","","","","","","","","","","","","","","","","","","","","","","","","IntersectClipRect","","SetEnvironmentVariableA","","","","","","","","TranslateMDISysAccel",""
"","","","","","","","","","","","","","","","","","","","","","","","","","","","","","","","","CreateBitmap","","TerminateProcess","","","","","","","","EnableWindow",""
"","","","","","","","","","","","","","","","","","","","","","","","","","","","","","","","","RectVisible","","GetModuleHandleExW","","","","","","","","SetWindowPlacement",""
"","","","","","","","","","","","","","","","","","","","","","","","","","","","","","","","","GetStockObject","","GlobalAlloc","","","","","","","","LockWindowUpdate",""
"","","","","","","","","","","","","","","","","","","","","","","","","","","","","","","","","ExtTextOutA","","SearchPathA","","","","","","","","PeekMessageA",""
"","","","","","","","","","","","","","","","","","","","","","","","","","","","","","","","","SelectClipRgn","","SetEndOfFile","","","","","","","","TranslateMessage",""
"","","","","","","","","","","","","","","","","","","","","","","","","","","","","","","","","RoundRect","","GetCurrentThreadId","","","","","","","","IsWindowEnabled",""
"","","","","","","","","","","","","","","","","","","","","","","","","","","","","","","","","GetTextExtentPoint32A","","WriteConsoleW","","","","","","","","GetWindow",""
"","","","","","","","","","","","","","","","","","","","","","","","","","","","","","","","","SetWindowOrgEx","","InitializeCriticalSectionAndSpinCount","","","","","","","","CharUpperA",""
"","","","","","","","","","","","","","","","","","","","","","","","","","","","","","","","","GetViewportExtEx","","HeapFree","","","","","","","","InsertMenuItemA",""
"","","","","","","","","","","","","","","","","","","","","","","","","","","","","","","","","CreatePolygonRgn","","EnterCriticalSection","","","","","","","","GetIconInfo",""
"","","","","","","","","","","","","","","","","","","","","","","","","","","","","","","","","Polygon","","lstrcmpiA","","","","","","","","SetParent",""
"","","","","","","","","","","","","","","","","","","","","","","","","","","","","","","","","GetRgnBox","","GetOEMCP","","","","","","","","SetClipboardData",""
"","","","","","","","","","","","","","","","","","","","","","","","","","","","","","","","","SaveDC","","QueryPerformanceCounter","","","","","","","","IsCharLowerA",""
"","","","","","","","","","","","","","","","","","","","","","","","","","","","","","","","","RestoreDC","","GetTickCount","","","","","","","","IsZoomed",""
"","","","","","","","","","","","","","","","","","","","","","","","","","","","","","","","","CreateDIBSection","","TlsAlloc","","","","","","","","GetWindowPlacement",""
"","","","","","","","","","","","","","","","","","","","","","","","","","","","","","","","","SetTextColor","","VirtualProtect","","","","","","","","MapVirtualKeyExA",""
"","","","","","","","","","","","","","","","","","","","","","","","","","","","","","","","","ExtFloodFill","","FlushFileBuffers","","","","","","","","DrawMenuBar",""
"","","","","","","","","","","","","","","","","","","","","","","","","","","","","","","","","MoveToEx","","LoadLibraryA","","","","","","","","EnableMenuItem",""
"","","","","","","","","","","","","","","","","","","","","","","","","","","","","","","","","SetViewportOrgEx","","RtlUnwind","","","","","","","","InvertRect",""
"","","","","","","","","","","","","","","","","","","","","","","","","","","","","","","","","CreateRoundRectRgn","","GlobalSize","","","","","","","","GetMenuItemCount",""
"","","","","","","","","","","","","","","","","","","","","","","","","","","","","","","","","EnumFontFamiliesExA","","UnlockFile","","","","","","","","TabbedTextOutA",""
"","","","","","","","","","","","","","","","","","","","","","","","","","","","","","","","","CreateRectRgn","","GetFileSize","","","","","","","","DrawFocusRect",""
"","","","","","","","","","","","","","","","","","","","","","","","","","","","","","","","","SelectObject","","LCMapStringW","","","","","","","","SetTimer",""
"","","","","","","","","","","","","","","","","","","","","","","","","","","","","","","","","SetPolyFillMode","","GetPrivateProfileIntA","","","","","","","","GetActiveWindow",""
"","","","","","","","","","","","","","","","","","","","","","","","","","","","","","","","","CreateCompatibleBitmap","","CreateDirectoryA","","","","","","","","GetKeyboardLayout",""
"","","","","","","","","","","","","","","","","","","","","","","","","","","","","","","","","CreateSolidBrush","","DeleteFileA","","","","","","","","FillRect",""
"","","","","","","","","","","","","","","","","","","","","","","","","","","","","","","","","Polyline","","GetWindowsDirectoryA","","","","","","","","MonitorFromPoint",""
"","","","","","","","","","","","","","","","","","","","","","","","","","","","","","","","","DPtoLP","","GetStartupInfoW","","","","","","","","CharNextA",""
"","","","","","","","","","","","","","","","","","","","","","","","","","","","","","","","","CopyMetaFileA","","SetEvent","","","","","","","","GetSysColorBrush",""
"","","","","","","","","","","","","","","","","","","","","","","","","","","","","","","","","Ellipse","","GlobalLock","","","","","","","","RealChildWindowFromPoint",""
"","","","","","","","","","","","","","","","","","","","","","","","","","","","","","","","","","","GetProcessHeap","","","","","","","","EndPaint",""
"","","","","","","","","","","","","","","","","","","","","","","","","","","","","","","","","","","CompareStringW","","","","","","","","GetUpdateRect",""
"","","","","","","","","","","","","","","","","","","","","","","","","","","","","","","","","","","GetFileSizeEx","","","","","","","","UnregisterClassA",""
"","","","","","","","","","","","","","","","","","","","","","","","","","","","","","","","","","","GlobalReAlloc","","","","","","","","CreateAcceleratorTableA",""
"","","","","","","","","","","","","","","","","","","","","","","","","","","","","","","","","","","lstrcmpA","","","","","","","","IsChild",""
"","","","","","","","","","","","","","","","","","","","","","","","","","","","","","","","","","","FindFirstFileExA","","","","","","","","IsDialogMessageA",""
"","","","","","","","","","","","","","","","","","","","","","","","","","","","","","","","","","","FindFirstFileA","","","","","","","","MapWindowPoints",""
"","","","","","","","","","","","","","","","","","","","","","","","","","","","","","","","","","","lstrcpyA","","","","","","","","MapVirtualKeyA",""
"","","","","","","","","","","","","","","","","","","","","","","","","","","","","","","","","","","CompareStringA","","","","","","","","GetMessageA",""
"","","","","","","","","","","","","","","","","","","","","","","","","","","","","","","","","","","GetTempFileNameA","","","","","","","","PostMessageA",""
"","","","","","","","","","","","","","","","","","","","","","","","","","","","","","","","","","","FindNextFileA","","","","","","","","BeginPaint",""
"","","","","","","","","","","","","","","","","","","","","","","","","","","","","","","","","","","DuplicateHandle","","","","","","","","OffsetRect",""
"","","","","","","","","","","","","","","","","","","","","","","","","","","","","","","","","","","GetProcAddress","","","","","","","","SetFocus",""
"","","","","","","","","","","","","","","","","","","","","","","","","","","","","","","","","","","CreateEventW","","","","","","","","GetScrollPos",""
"","","","","","","","","","","","","","","","","","","","","","","","","","","","","","","","","","","CreateFileW","","","","","","","","CopyIcon",""
"","","","","","","","","","","","","","","","","","","","","","","","","","","","","","","","","","","GlobalFindAtomA","","","","","","","","KillTimer",""
"","","","","","","","","","","","","","","","","","","","","","","","","","","","","","","","","","","GetFileType","","","","","","","","GetMonitorInfoA",""
"","","","","","","","","","","","","","","","","","","","","","","","","","","","","","","","","","","TlsSetValue","","","","","","","","TrackMouseEvent",""
"","","","","","","","","","","","","","","","","","","","","","","","","","","","","","","","","","","CreateFileA","","","","","","","","GetComboBoxInfo",""
"","","","","","","","","","","","","","","","","","","","","","","","","","","","","","","","","","","HeapAlloc","","","","","","","","RegisterWindowMessageA",""
"","","","","","","","","","","","","","","","","","","","","","","","","","","","","","","","","","","LeaveCriticalSection","","","","","","","","DefMDIChildProcA",""
"","","","","","","","","","","","","","","","","","","","","","","","","","","","","","","","","","","GetLastError","","","","","","","","ToAsciiEx",""
"","","","","","","","","","","","","","","","","","","","","","","","","","","","","","","","","","","LocalReAlloc","","","","","","","","LoadBitmapW",""
"","","","","","","","","","","","","","","","","","","","","","","","","","","","","","","","","","","GlobalDeleteAtom","","","","","","","","SendDlgItemMessageA",""
"","","","","","","","","","","","","","","","","","","","","","","","","","","","","","","","","","","GetSystemInfo","","","","","","","","GetSystemMetrics",""
"","","","","","","","","","","","","","","","","","","","","","","","","","","","","","","","","","","GlobalFree","","","","","","","","IsIconic",""
"","","","","","","","","","","","","","","","","","","","","","","","","","","","","","","","","","","GetConsoleCP","","","","","","","","SetScrollRange",""
"","","","","","","","","","","","","","","","","","","","","","","","","","","","","","","","","","","GlobalGetAtomNameA","","","","","","","","GetWindowRect",""
"","","","","","","","","","","","","","","","","","","","","","","","","","","","","","","","","","","GetThreadLocale","","","","","","","","InflateRect",""
"","","","","","","","","","","","","","","","","","","","","","","","","","","","","","","","","","","GetEnvironmentStringsW","","","","","","","","RegisterClassA",""
"","","","","","","","","","","","","","","","","","","","","","","","","","","","","","","","","","","GlobalUnlock","","","","","","","","UpdateWindow",""
"","","","","","","","","","","","","","","","","","","","","","","","","","","","","","","","","","","QueryPerformanceFrequency","","","","","","","","SetCapture",""
"","","","","","","","","","","","","","","","","","","","","","","","","","","","","","","","","","","WaitForSingleObjectEx","","","","","","","","ReleaseCapture",""
"","","","","","","","","","","","","","","","","","","","","","","","","","","","","","","","","","","GetCPInfo","","","","","","","","GetScrollRange",""
"","","","","","","","","","","","","","","","","","","","","","","","","","","","","","","","","","","LockFile","","","","","","","","SetWindowLongA",""
"","","","","","","","","","","","","","","","","","","","","","","","","","","","","","","","","","","FileTimeToLocalFileTime","","","","","","","","CheckDlgButton",""
"","","","","","","","","","","","","","","","","","","","","","","","","","","","","","","","","","","SizeofResource","","","","","","","","WaitMessage",""
"","","","","","","","","","","","","","","","","","","","","","","","","","","","","","","","","","","GetCurrentDirectoryW","","","","","","","","CreatePopupMenu",""
"","","","","","","","","","","","","","","","","","","","","","","","","","","","","","","","","","","WritePrivateProfileStringA","","","","","","","","CheckMenuItem",""
"","","","","","","","","","","","","","","","","","","","","","","","","","","","","","","","","","","GetCurrentProcessId","","","","","","","","GetSubMenu",""
"","","","","","","","","","","","","","","","","","","","","","","","","","","","","","","","","","","LockResource","","","","","","","","GetLastActivePopup",""
"","","","","","","","","","","","","","","","","","","","","","","","","","","","","","","","","","","GetCommandLineW","","","","","","","","DrawIconEx",""
"","","","","","","","","","","","","","","","","","","","","","","","","","","","","","","","","","","HeapQueryInformation","","","","","","","","CreateMenu",""
"","","","","","","","","","","","","","","","","","","","","","","","","","","","","","","","","","","GetCurrentDirectoryA","","","","","","","","GetDlgItem",""
"","","","","","","","","","","","","","","","","","","","","","","","","","","","","","","","","","","HeapSize","","","","","","","","GetMenuCheckMarkDimensions",""
"","","","","","","","","","","","","","","","","","","","","","","","","","","","","","","","","","","GetCommandLineA","","","","","","","","BringWindowToTop",""
"","","","","","","","","","","","","","","","","","","","","","","","","","","","","","","","","","","GetCurrentThread","","","","","","","","ScreenToClient",""
"","","","","","","","","","","","","","","","","","","","","","","","","","","","","","","","","","","GetSystemDefaultLangID","","","","","","","","GetClassLongA",""
"","","","","","","","","","","","","","","","","","","","","","","","","","","","","","","","","","","RaiseException","","","","","","","","InsertMenuA",""
"","","","","","","","","","","","","","","","","","","","","","","","","","","","","","","","","","","TlsFree","","","","","","","","CreateDialogIndirectParamA",""
"","","","","","","","","","","","","","","","","","","","","","","","","","","","","","","","","","","SetFilePointer","","","","","","","","LoadCursorA",""
"","","","","","","","","","","","","","","","","","","","","","","","","","","","","","","","","","","ReadFile","","","","","","","","LoadIconA",""
"","","","","","","","","","","","","","","","","","","","","","","","","","","","","","","","","","","GlobalFlags","","","","","","","","TrackPopupMenu",""
"","","","","","","","","","","","","","","","","","","","","","","","","","","","","","","","","","","CloseHandle","","","","","","","","SetWindowsHookExA",""
"","","","","","","","","","","","","","","","","","","","","","","","","","","","","","","","","","","GetACP","","","","","","","","GetMenuItemInfoA",""
"","","","","","","","","","","","","","","","","","","","","","","","","","","","","","","","","","","GetModuleHandleW","","","","","","","","DestroyAcceleratorTable",""
"","","","","","","","","","","","","","","","","","","","","","","","","","","","","","","","","","","FreeResource","","","","","","","","GetMenuState",""
"","","","","","","","","","","","","","","","","","","","","","","","","","","","","","","","","","","FindResourceExW","","","","","","","","ShowOwnedPopups",""
"","","","","","","","","","","","","","","","","","","","","","","","","","","","","","","","","","","IsValidCodePage","","","","","","","","LoadCursorW",""
"","","","","","","","","","","","","","","","","","","","","","","","","","","","","","","","","","","FindResourceW","","","","","","","","GetSystemMenu",""
"","","","","","","","","","","","","","","","","","","","","","","","","","","","","","","","","","","VirtualQuery","","","","","","","","ReuseDDElParam",""
"","","","","","","","","","","","","","","","","","","","","","","","","","","","","","","","","","","Sleep","","","","","","","","GetDC",""
"","","","","","","","","","","","","","","","","","","","","","","","","","","","","","","","","","","GetFileAttributesExA","","","","","","","","SetForegroundWindow",""
"","","","","","","","","","","","","","","","","","","","","","","","","","","","","","","","","","","FindResourceA","","","","","","","","NotifyWinEvent",""
"","","","","","","","","","","","","","","","","","","","","","","","","","","","","","","","","","","VirtualAlloc","","","","","","","","PostThreadMessageA",""
"","","","","","","","","","","","","","","","","","","","","","","","","","","","","","","","","","","ResetEvent","","","","","","","","OpenClipboard",""
"","","","","","","","","","","","","","","","","","","","","","","","","","","","","","","","","","","","","","","","","","","EmptyClipboard",""
"","","","","","","","","","","","","","","","","","","","","","","","","","","","","","","","","","","","","","","","","","","ReleaseDC",""
"","","","","","","","","","","","","","","","","","","","","","","","","","","","","","","","","","","","","","","","","","","IntersectRect",""
"","","","","","","","","","","","","","","","","","","","","","","","","","","","","","","","","","","","","","","","","","","SetLayeredWindowAttributes",""
"","","","","","","","","","","","","","","","","","","","","","","","","","","","","","","","","","","","","","","","","","","GetScrollInfo",""
"","","","","","","","","","","","","","","","","","","","","","","","","","","","","","","","","","","","","","","","","","","LoadMenuA",""
"","","","","","","","","","","","","","","","","","","","","","","","","","","","","","","","","","","","","","","","","","","HideCaret",""
"","","","","","","","","","","","","","","","","","","","","","","","","","","","","","","","","","","","","","","","","","","CopyRect",""
"","","","","","","","","","","","","","","","","","","","","","","","","","","","","","","","","","","","","","","","","","","GetCapture",""
"","","","","","","","","","","","","","","","","","","","","","","","","","","","","","","","","","","","","","","","","","","RemovePropA",""
"","","","","","","","","","","","","","","","","","","","","","","","","","","","","","","","","","","","","","","","","","","SetWindowTextA",""
"","","","","","","","","","","","","","","","","","","","","","","","","","","","","","","","","","","","","","","","","","","MessageBeep",""
"","","","","","","","","","","","","","","","","","","","","","","","","","","","","","","","","","","","","","","","","","","LoadMenuW",""
"","","","","","","","","","","","","","","","","","","","","","","","","","","","","","","","","","","","","","","","","","","DrawTextExA",""
"","","","","","","","","","","","","","","","","","","","","","","","","","","","","","","","","","","","","","","","","","","RemoveMenu",""
"","","","","","","","","","","","","","","","","","","","","","","","","","","","","","","","","","","","","","","","","","","GetWindowThreadProcessId",""
"","","","","","","","","","","","","","","","","","","","","","","","","","","","","","","","","","","","","","","","","","","DeferWindowPos",""
"","","","","","","","","","","","","","","","","","","","","","","","","","","","","","","","","","","","","","","","","","","ShowScrollBar",""
"","","","","","","","","","","","","","","","","","","","","","","","","","","","","","","","","","","","","","","","","","","AppendMenuA",""
"","","","","","","","","","","","","","","","","","","","","","","","","","","","","","","","","","","","","","","","","","","GetPropA",""
"","","","","","","","","","","","","","","","","","","","","","","","","","","","","","","","","","","","","","","","","","","SetMenu",""
"","","","","","","","","","","","","","","","","","","","","","","","","","","","","","","","","","","","","","","","","","","RegisterClipboardFormatA",""
"","","","","","","","","","","","","","","","","","","","","","","","","","","","","","","","","","","","","","","","","","","MoveWindow",""
"","","","","","","","","","","","","","","","","","","","","","","","","","","","","","","","","","","","","","","","","","","GetMenuStringA",""
"","","","","","","","","","","","","","","","","","","","","","","","","","","","","","","","","","","","","","","","","","","CallWindowProcA",""
"","","","","","","","","","","","","","","","","","","","","","","","","","","","","","","","","","","","","","","","","","","MessageBoxA",""
"","","","","","","","","","","","","","","","","","","","","","","","","","","","","","","","","","","","","","","","","","","IsMenu",""
"","","","","","","","","","","","","","","","","","","","","","","","","","","","","","","","","","","","","","","","","","","GetWindowDC",""
"","","","","","","","","","","","","","","","","","","","","","","","","","","","","","","","","","","","","","","","","","","DestroyCursor",""
"","","","","","","","","","","","","","","","","","","","","","","","","","","","","","","","","","","","","","","","","","","AdjustWindowRectEx",""
"","","","","","","","","","","","","","","","","","","","","","","","","","","","","","","","","","","","","","","","","","","GetSysColor",""
"","","","","","","","","","","","","","","","","","","","","","","","","","","","","","","","","","","","","","","","","","","SetScrollInfo",""
"","","","","","","","","","","","","","","","","","","","","","","","","","","","","","","","","","","","","","","","","","","CopyImage",""
"","","","","","","","","","","","","","","","","","","","","","","","","","","","","","","","","","","","","","","","","","","EndDeferWindowPos",""
"","","","","","","","","","","","","","","","","","","","","","","","","","","","","","","","","","","","","","","","","","","GetWindowRgn",""
"","","","","","","","","","","","","","","","","","","","","","","","","","","","","","","","","","","","","","","","","","","UpdateLayeredWindow",""
"","","","","","","","","","","","","","","","","","","","","","","","","","","","","","","","","","","","","","","","","","","GetDoubleClickTime",""
"","","","","","","","","","","","","","","","","","","","","","","","","","","","","","","","","","","","","","","","","","","DestroyIcon",""
"","","","","","","","","","","","","","","","","","","","","","","","","","","","","","","","","","","","","","","","","","","GetKeyNameTextA",""
"","","","","","","","","","","","","","","","","","","","","","","","","","","","","","","","","","","","","","","","","","","BeginDeferWindowPos",""
"","","","","","","","","","","","","","","","","","","","","","","","","","","","","","","","","","","","","","","","","","","GetDesktopWindow",""
"","","","","","","","","","","","","","","","","","","","","","","","","","","","","","","","","","","","","","","","","","","SubtractRect",""
"","","","","","","","","","","","","","","","","","","","","","","","","","","","","","","","","","","","","","","","","","","UnpackDDElParam",""
"","","","","","","","","","","","","","","","","","","","","","","","","","","","","","","","","","","","","","","","","","","SetCursorPos",""
"","","","","","","","","","","","","","","","","","","","","","","","","","","","","","","","","","","","","","","","","","","WinHelpA",""
"","","","","","","","","","","","","","","","","","","","","","","","","","","","","","","","","","","","","","","","","","","LoadIconW",""
"","","","","","","","","","","","","","","","","","","","","","","","","","","","","","","","","","","","","","","","","","","UnionRect",""
"","","","","","","","","","","","","","","","","","","","","","","","","","","","","","","","","","","","","","","","","","","MonitorFromWindow",""
"","","","","","","","","","","","","","","","","","","","","","","","","","","","","","","","","","","","","","","","","","","FrameRect",""
"","","","","","","","","","","","","","","","","","","","","","","","","","","","","","","","","","","","","","","","","","","SetRect",""
"","","","","","","","","","","","","","","","","","","","","","","","","","","","","","","","","","","","","","","","","","","DeleteMenu",""
"","","","","","","","","","","","","","","","","","","","","","","","","","","","","","","","","","","","","","","","","","","InvalidateRect",""
"","","","","","","","","","","","","","","","","","","","","","","","","","","","","","","","","","","","","","","","","","","SendMessageA",""
"","","","","","","","","","","","","","","","","","","","","","","","","","","","","","","","","","","","","","","","","","","TranslateAcceleratorA",""
"","","","","","","","","","","","","","","","","","","","","","","","","","","","","","","","","","","","","","","","","","","ValidateRect",""
"","","","","","","","","","","","","","","","","","","","","","","","","","","","","","","","","","","","","","","","","","","IsRectEmpty",""
"","","","","","","","","","","","","","","","","","","","","","","","","","","","","","","","","","","","","","","","","","","GetClassNameA",""
"","","","","","","","","","","","","","","","","","","","","","","","","","","","","","","","","","","","","","","","","","","GetFocus",""
"","","","","","","","","","","","","","","","","","","","","","","","","","","","","","","","","","","","","","","","","","","CloseClipboard",""
"","","","","","","","","","","","","","","","","","","","","","","","","","","","","","","","","","","","","","","","","","","IsWindowVisible",""
"","","","","","","","","","","","","","","","","","","","","","","","","","","","","","","","","","","","","","","","","","","ModifyMenuA",""
"","","","","","","","","","","","","","","","","","","","","","","","","","","","","","","","","","","","","","","","","","","UnhookWindowsHookEx",""
"","","","","","","","","","","","","","","","","","","","","","","","","","","","","","","","","","","","","","","","","","","SetCursor",""
