"Imports","Runtime_DLL","Reg_Set","Reg_Set_Val","Reg_Set_Type","Reg_Del","Service_Opened","Service_Controlled","Service_Created","Service_Started","Proc_Terminated","Proc_Created","Proc_Injected","Proc_Shellcmds","File_Read","File_Opened","File_Written","File_Replaced","File_Moved_src","File_Moved_dst","File_Copied_src","File_Copied_dst","File_Deleted","mpr.dll","comdlg32.dll","version.dll","winmm.dll","gdi32.dll","advapi32.dll","kernel32.dll","winspool.drv","shell32.dll","ole32.dll","comctl32.dll","user32.dll","imm32.dll"
"mpr.dll","user32.dll","","","","","","","","","","","","","C:\WINDOWS\Registration\R000000000007.clb","C:\Documents and Settings\USER\local\Application Data\Adobe\wind002.dat","C:\Documents and Settings\USER\local\Application Data\Adobe\wind002.dat","","","","","","","WNetGetConnectionW","PrintDlgA","GetFileVersionInfoSizeA","PlaySoundA","SetDIBits","RegDeleteKeyA","GetStdHandle","EnumPrintersA","SHGetFileInfoA","CreateStreamOnHGlobal","ImageList_BeginDrag","MapWindowPoints","ImmReleaseContext"
"comdlg32.dll","kernel32.dll","","","","","","","","","","","","","","C:\WINDOWS\Registration\R000000000007.clb","","","","","","","","WNetCancelConnectionA","GetOpenFileNameW","GetFileVersionInfoW","timeGetTime","SetMapMode","RegCreateKeyExW","FileTimeToDosDateTime","OpenPrinterA","ExtractIconA","OleUninitialize","ImageList_SetBkColor","RegisterClipboardFormatA","ImmGetDefaultIMEWnd"
"version.dll","ole32.dll","","","","","","","","","","","","","","C:\WINDOWS\system32\msxml3r.dll","","","","","","","","WNetEnumResourceA","GetSaveFileNameW","GetFileVersionInfoSizeW","","GetWindowOrgEx","LookupPrivilegeValueA","ReleaseMutex","DocumentPropertiesA","ShellExecuteExA","CoUninitialize","ImageList_GetImageInfo","GetMessagePos","ImmSetCompositionWindow"
"winmm.dll","oleaut32.dll","","","","","","","","","","","","","","","","","","","","","","WNetOpenEnumW","GetOpenFileNameA","GetFileVersionInfoA","","SetTextAlign","RegCloseKey","FileTimeToSystemTime","ClosePrinter","FindExecutableA","CoInitialize","InitCommonControls","SetWindowRgn","ImmGetContext"
"gdi32.dll","ws2_32.dll","","","","","","","","","","","","","","","","","","","","","","WNetAddConnection3W","ChooseColorA","VerQueryValueA","","GetPaletteEntries","RegDeleteKeyW","CreateFileMappingA","","DragQueryFileW","OleInitialize","ImageList_SetDragCursorImage","CharPrevA",""
"advapi32.dll","shell32.dll","","","","","","","","","","","","","","","","","","","","","","WNetOpenEnumA","GetSaveFileNameA","","","CombineRgn","OpenServiceA","GetOverlappedResult","","SHGetDesktopFolder","ReleaseStgMedium","ImageList_GetDragImage","DestroyWindow",""
"kernel32.dll","clbcatq.dll","","","","","","","","","","","","","","","","","","","","","","WNetDisconnectDialog","ChooseFontA","","","GetTextExtentPointA","QueryServiceConfigA","WaitForSingleObject","","ShellExecuteW","RegisterDragDrop","ImageList_Create","CharUpperW",""
"winspool.drv","wininet.dll","","","","","","","","","","","","","","","","","","","","","","WNetEnumResourceW","","","","SetPixel","RegQueryValueExA","GetDriveTypeA","","SHGetSpecialFolderLocation","CoCreateInstance","ImageList_DragMove","CreateIconFromResourceEx",""
"shell32.dll","secur32.dll","","","","","","","","","","","","","","","","","","","","","","WNetConnectionDialog","","","","EndDoc","GetSecurityDescriptorControl","FindFirstFileW","","SHBrowseForFolder","StgOpenStorage","ImageList_DrawEx","DestroyMenu",""
"ole32.dll","","","","","","","","","","","","","","","","","","","","","","","WNetGetConnectionA","","","","IntersectClipRect","AccessCheck","GetFileAttributesW","","FindExecutableW","DoDragDrop","ImageList_SetIconSize","PostQuitMessage",""
"comctl32.dll","","","","","","","","","","","","","","","","","","","","","","","WNetGetUserA","","","","CopyEnhMetaFileA","RegSetValueA","GetLocalTime","","SHGetPathFromIDList","RevokeDragDrop","ImageList_GetImageCount","GetForegroundWindow",""
"user32.dll","","","","","","","","","","","","","","","","","","","","","","","WNetAddConnection3A","","","","GetTextExtentPointW","GetAce","DeleteCriticalSection","","ExtractIconW","StgCreateDocfile","ImageList_Replace","LoadBitmapA",""
"imm32.dll","","","","","","","","","","","","","","","","","","","","","","","WNetCloseEnum","","","","CreatePalette","AdjustTokenPrivileges","GetCurrentProcess","","DragQueryFileA","CoGetMalloc","ImageList_Destroy","SetWindowPos",""
"","","","","","","","","","","","","","","","","","","","","","","","","","","","CreateDIBitmap","ControlService","GetLocaleInfoA","","Shell_NotifyIconA","IsEqualGUID","ImageList_AddMasked","GetNextDlgTabItem",""
"","","","","","","","","","","","","","","","","","","","","","","","","","","","GetDIBits","LookupAccountSidA","LocalAlloc","","ShellExecuteA","CLSIDFromString","ImageList_Draw","OemToCharBuffA",""
"","","","","","","","","","","","","","","","","","","","","","","","","","","","GetEnhMetaFileBits","RegOpenKeyExW","GetSystemDefaultLCID","","SHFileOperationA","CoTaskMemAlloc","ImageList_GetIconSize","DispatchMessageA",""
"","","","","","","","","","","","","","","","","","","","","","","","","","","","StretchBlt","RegCreateKeyExA","ExpandEnvironmentStringsA","","","","ImageList_DragLeave","EndPaint",""
"","","","","","","","","","","","","","","","","","","","","","","","","","","","StretchDIBits","DeleteService","SetErrorMode","","","","ImageList_GetBkColor","SetMenuItemInfoA",""
"","","","","","","","","","","","","","","","","","","","","","","","","","","","GetTextMetricsA","RegSetValueW","GetLocaleInfoW","","","","ImageList_ReplaceIcon","CharUpperBuffA",""
"","","","","","","","","","","","","","","","","","","","","","","","","","","","SetWindowExtEx","RegCreateKeyA","GetFileTime","","","","ImageList_DragEnter","WindowFromPoint",""
"","","","","","","","","","","","","","","","","","","","","","","","","","","","SetViewportExtEx","RegQueryValueExW","IsDBCSLeadByteEx","","","","ImageList_Add","AppendMenuW",""
"","","","","","","","","","","","","","","","","","","","","","","","","","","","SetBkColor","SetSecurityDescriptorDacl","GetTempPathA","","","","ImageList_DragShowNolock","DrawIcon",""
"","","","","","","","","","","","","","","","","","","","","","","","","","","","GetBkColor","CloseServiceHandle","WideCharToMultiByte","","","","ImageList_Remove","CharToOemA",""
"","","","","","","","","","","","","","","","","","","","","","","","","","","","DeleteEnhMetaFile","RegOpenKeyA","GetFileAttributesA","","","","ImageList_EndDrag","CharUpperBuffW",""
"","","","","","","","","","","","","","","","","","","","","","","","","","","","TextOutW","EqualSid","WriteFile","","","","","SetMenuItemInfoW",""
"","","","","","","","","","","","","","","","","","","","","","","","","","","","GetSystemPaletteEntries","OpenProcessToken","GetDiskFreeSpaceA","","","","","SetActiveWindow",""
"","","","","","","","","","","","","","","","","","","","","","","","","","","","GetClipBox","RegQueryValueA","SetFileAttributesA","","","","","GetMenuItemID",""
"","","","","","","","","","","","","","","","","","","","","","","","","","","","GetCurrentPositionEx","AddAccessAllowedAce","GetExitCodeProcess","","","","","GetCursorPos",""
"","","","","","","","","","","","","","","","","","","","","","","","","","","","TextOutA","RegEnumKeyW","LocalFree","","","","","ReleaseDC",""
"","","","","","","","","","","","","","","","","","","","","","","","","","","","CreateFontIndirectA","SetFileSecurityW","MoveFileA","","","","","GetMenuStringW",""
"","","","","","","","","","","","","","","","","","","","","","","","","","","","LPtoDP","InitializeAcl","ResumeThread","","","","","GetClassInfoA",""
"","","","","","","","","","","","","","","","","","","","","","","","","","","","EnumFontsA","GetSecurityDescriptorOwner","InitializeCriticalSection","","","","","AdjustWindowRectEx",""
"","","","","","","","","","","","","","","","","","","","","","","","","","","","GetBitmapBits","RegEnumKeyA","LoadResource","","","","","SendMessageW",""
"","","","","","","","","","","","","","","","","","","","","","","","","","","","ExcludeClipRect","RegDeleteValueA","GlobalHandle","","","","","UnregisterClassA",""
"","","","","","","","","","","","","","","","","","","","","","","","","","","","TranslateCharsetInfo","RegQueryValueW","FindClose","","","","","LookupIconIdFromDirectoryEx",""
"","","","","","","","","","","","","","","","","","","","","","","","","","","","SetBkMode","GetTokenInformation","TlsGetValue","","","","","GetWindowTextLengthA",""
"","","","","","","","","","","","","","","","","","","","","","","","","","","","SetMetaFileBitsEx","GetUserNameW","QueryDosDeviceW","","","","","SendMessageA",""
"","","","","","","","","","","","","","","","","","","","","","","","","","","","PtInRegion","IsValidSid","MoveFileW","","","","","GetClientRect",""
"","","","","","","","","","","","","","","","","","","","","","","","","","","","BitBlt","ImpersonateSelf","SetFileAttributesW","","","","","ToAscii",""
"","","","","","","","","","","","","","","","","","","","","","","","","","","","GetDeviceCaps","OpenThreadToken","OutputDebugStringA","","","","","DefWindowProcW",""
"","","","","","","","","","","","","","","","","","","","","","","","","","","","MoveToEx","RegOpenKeyExA","GetCurrentThread","","","","","DrawTextW",""
"","","","","","","","","","","","","","","","","","","","","","","","","","","","SetAbortProc","GetFileSecurityW","GetEnvironmentVariableW","","","","","SetScrollPos",""
"","","","","","","","","","","","","","","","","","","","","","","","","","","","CreateBrushIndirect","GetLengthSid","SetLastError","","","","","GetThreadDesktop",""
"","","","","","","","","","","","","","","","","","","","","","","","","","","","SelectPalette","MapGenericMask","GetSystemTime","","","","","CharPrevExA",""
"","","","","","","","","","","","","","","","","","","","","","","","","","","","SetROP2","CreateServiceA","DeviceIoControl","","","","","CallNextHookEx",""
"","","","","","","","","","","","","","","","","","","","","","","","","","","","EndPage","RevertToSelf","GetEnvironmentVariableA","","","","","CharPrevW",""
"","","","","","","","","","","","","","","","","","","","","","","","","","","","GetTextColor","GetUserNameA","CopyFileW","","","","","IsClipboardFormatAvailable",""
"","","","","","","","","","","","","","","","","","","","","","","","","","","","DeleteObject","FreeSid","GetUserDefaultLangID","","","","","CreateWindowExW",""
"","","","","","","","","","","","","","","","","","","","","","","","","","","","CreatePenIndirect","AllocateAndInitializeSid","RemoveDirectoryW","","","","","LoadImageW",""
"","","","","","","","","","","","","","","","","","","","","","","","","","","","PlayMetaFileRecord","InitializeSecurityDescriptor","CopyFileA","","","","","GetKeyboardState",""
"","","","","","","","","","","","","","","","","","","","","","","","","","","","PatBlt","RegSetValueExA","ExitProcess","","","","","ClientToScreen",""
"","","","","","","","","","","","","","","","","","","","","","","","","","","","CreatePen","StartServiceA","FlushFileBuffers","","","","","GetActiveWindow",""
"","","","","","","","","","","","","","","","","","","","","","","","","","","","SetStretchBltMode","RegEnumValueA","GetModuleFileNameA","","","","","ShowCursor",""
"","","","","","","","","","","","","","","","","","","","","","","","","","","","Rectangle","OpenSCManagerA","GetVolumeInformationA","","","","","GetWindowTextW",""
"","","","","","","","","","","","","","","","","","","","","","","","","","","","GetObjectA","IsValidSecurityDescriptor","LoadLibraryExA","","","","","EnumClipboardFormats",""
"","","","","","","","","","","","","","","","","","","","","","","","","","","","CreateDCA","","GetPrivateProfileStringA","","","","","LockWindowUpdate",""
"","","","","","","","","","","","","","","","","","","","","","","","","","","","LineTo","","SetThreadPriority","","","","","GetWindowTextLengthW",""
"","","","","","","","","","","","","","","","","","","","","","","","","","","","DeleteDC","","GetUserDefaultLCID","","","","","MsgWaitForMultipleObjects",""
"","","","","","","","","","","","","","","","","","","","","","","","","","","","EnumMetaFile","","WritePrivateProfileSectionW","","","","","ScrollWindow",""
"","","","","","","","","","","","","","","","","","","","","","","","","","","","StartPage","","GetVolumeInformationW","","","","","GetWindowTextA",""
"","","","","","","","","","","","","","","","","","","","","","","","","","","","RealizePalette","","LoadLibraryExW","","","","","GetKeyState",""
"","","","","","","","","","","","","","","","","","","","","","","","","","","","CreatePatternBrush","","MultiByteToWideChar","","","","","PtInRect",""
"","","","","","","","","","","","","","","","","","","","","","","","","","","","SetEnhMetaFileBits","","WritePrivateProfileSectionA","","","","","GetMessageA",""
"","","","","","","","","","","","","","","","","","","","","","","","","","","","SetDIBitsToDevice","","GetPrivateProfileStringW","","","","","CharUpperA",""
"","","","","","","","","","","","","","","","","","","","","","","","","","","","RectVisible","","GetProfileIntA","","","","","GetParent",""
"","","","","","","","","","","","","","","","","","","","","","","","","","","","GetStockObject","","CreateMutexA","","","","","UpdateWindow",""
"","","","","","","","","","","","","","","","","","","","","","","","","","","","PlayEnhMetaFile","","GetModuleHandleA","","","","","SetPropA",""
"","","","","","","","","","","","","","","","","","","","","","","","","","","","ExtTextOutA","","CreateSemaphoreA","","","","","AttachThreadInput",""
"","","","","","","","","","","","","","","","","","","","","","","","","","","","UnrealizeObject","","CreateThread","","","","","EqualRect",""
"","","","","","","","","","","","","","","","","","","","","","","","","","","","GdiFlush","","SetEnvironmentVariableW","","","","","EnumWindows",""
"","","","","","","","","","","","","","","","","","","","","","","","","","","","SelectClipRgn","","GetPrivateProfileSectionA","","","","","DefMDIChildProcA",""
"","","","","","","","","","","","","","","","","","","","","","","","","","","","GetTextAlign","","GetSystemDirectoryW","","","","","CreateCaret",""
"","","","","","","","","","","","","","","","","","","","","","","","","","","","GetTextExtentPoint32A","","GetExitCodeThread","","","","","ShowWindow",""
"","","","","","","","","","","","","","","","","","","","","","","","","","","","GetWinMetaFileBits","","SetNamedPipeHandleState","","","","","SetClassLongA",""
"","","","","","","","","","","","","","","","","","","","","","","","","","","","GetEnhMetaFileHeader","","GlobalAddAtomA","","","","","GetPropA",""
"","","","","","","","","","","","","","","","","","","","","","","","","","","","SetWindowOrgEx","","MulDiv","","","","","GetMenuState",""
"","","","","","","","","","","","","","","","","","","","","","","","","","","","SelectObject","","ExitThread","","","","","CharToOemBuffA",""
"","","","","","","","","","","","","","","","","","","","","","","","","","","","GetTextExtentPoint32W","","SetEnvironmentVariableA","","","","","PeekMessageW",""
"","","","","","","","","","","","","","","","","","","","","","","","","","","","CreateICA","","GlobalMemoryStatus","","","","","TranslateMDISysAccel",""
"","","","","","","","","","","","","","","","","","","","","","","","","","","","Polygon","","InterlockedDecrement","","","","","GetTabbedTextExtentA",""
"","","","","","","","","","","","","","","","","","","","","","","","","","","","SaveDC","","SetCurrentDirectoryW","","","","","InsertMenuItemW",""
"","","","","","","","","","","","","","","","","","","","","","","","","","","","GetEnhMetaFilePaletteEntries","","GlobalAlloc","","","","","SetWindowPlacement",""
"","","","","","","","","","","","","","","","","","","","","","","","","","","","RestoreDC","","LocalFileTimeToFileTime","","","","","LoadImageA",""
"","","","","","","","","","","","","","","","","","","","","","","","","","","","GetPixel","","SetEndOfFile","","","","","GetDlgItemTextA",""
"","","","","","","","","","","","","","","","","","","","","","","","","","","","CreateBitmap","","GetVersion","","","","","PeekMessageA",""
"","","","","","","","","","","","","","","","","","","","","","","","","","","","CreateDIBSection","","GetProcAddress","","","","","IsCharAlphaA",""
"","","","","","","","","","","","","","","","","","","","","","","","","","","","SetTextColor","","SetCurrentDirectoryA","","","","","TranslateMessage",""
"","","","","","","","","","","","","","","","","","","","","","","","","","","","CreateFontA","","HeapFree","","","","","IsWindowEnabled",""
"","","","","","","","","","","","","","","","","","","","","","","","","","","","SetViewportOrgEx","","EnterCriticalSection","","","","","GetWindow",""
"","","","","","","","","","","","","","","","","","","","","","","","","","","","CreateCompatibleDC","","PeekNamedPipe","","","","","DestroyCaret",""
"","","","","","","","","","","","","","","","","","","","","","","","","","","","SetBrushOrgEx","","TerminateThread","","","","","ActivateKeyboardLayout",""
"","","","","","","","","","","","","","","","","","","","","","","","","","","","CreateRectRgn","","SetEvent","","","","","RegisterClassW",""
"","","","","","","","","","","","","","","","","","","","","","","","","","","","GetClipRgn","","QueryPerformanceCounter","","","","","GetTabbedTextExtentW",""
"","","","","","","","","","","","","","","","","","","","","","","","","","","","StartDocA","","GetTickCount","","","","","InsertMenuItemA",""
"","","","","","","","","","","","","","","","","","","","","","","","","","","","CreateSolidBrush","","IsBadWritePtr","","","","","CreatePopupMenu",""
"","","","","","","","","","","","","","","","","","","","","","","","","","","","Polyline","","GetVersionExA","","","","","CharNextExA",""
"","","","","","","","","","","","","","","","","","","","","","","","","","","","DPtoLP","","LoadLibraryA","","","","","GetIconInfo",""
"","","","","","","","","","","","","","","","","","","","","","","","","","","","AbortDoc","","RtlUnwind","","","","","LoadStringA",""
"","","","","","","","","","","","","","","","","","","","","","","","","","","","CreateCompatibleBitmap","","GetSystemDirectoryA","","","","","SetClipboardData",""
"","","","","","","","","","","","","","","","","","","","","","","","","","","","","","FreeLibrary","","","","","GetSystemMetrics",""
"","","","","","","","","","","","","","","","","","","","","","","","","","","","","","GlobalSize","","","","","IsZoomed",""
"","","","","","","","","","","","","","","","","","","","","","","","","","","","","","GetStartupInfoA","","","","","GetWindowPlacement",""
"","","","","","","","","","","","","","","","","","","","","","","","","","","","","","GetWindowsDirectoryW","","","","","GetWindowRgn",""
"","","","","","","","","","","","","","","","","","","","","","","","","","","","","","GetFileSize","","","","","DrawMenuBar",""
"","","","","","","","","","","","","","","","","","","","","","","","","","","","","","OpenProcess","","","","","CharLowerA",""
"","","","","","","","","","","","","","","","","","","","","","","","","","","","","","GetPrivateProfileIntA","","","","","IsWindow",""
"","","","","","","","","","","","","","","","","","","","","","","","","","","","","","CreateDirectoryA","","","","","IsIconic",""
"","","","","","","","","","","","","","","","","","","","","","","","","","","","","","DeleteFileA","","","","","RegisterClassA",""
"","","","","","","","","","","","","","","","","","","","","","","","","","","","","","GetWindowsDirectoryA","","","","","OpenDesktopA",""
"","","","","","","","","","","","","","","","","","","","","","","","","","","","","","ReadProcessMemory","","","","","GetMenuItemCount",""
"","","","","","","","","","","","","","","","","","","","","","","","","","","","","","CreateDirectoryW","","","","","TabbedTextOutA",""
"","","","","","","","","","","","","","","","","","","","","","","","","","","","","","DeleteFileW","","","","","GetWindowLongA",""
"","","","","","","","","","","","","","","","","","","","","","","","","","","","","","WaitForMultipleObjects","","","","","SetTimer",""
"","","","","","","","","","","","","","","","","","","","","","","","","","","","","","GetPrivateProfileIntW","","","","","CharLowerBuffW",""
"","","","","","","","","","","","","","","","","","","","","","","","","","","","","","GetProcessHeap","","","","","OemToCharA",""
"","","","","","","","","","","","","","","","","","","","","","","","","","","","","","GetTempFileNameW","","","","","ShowOwnedPopups",""
"","","","","","","","","","","","","","","","","","","","","","","","","","","","","","GetComputerNameW","","","","","FlashWindow",""
"","","","","","","","","","","","","","","","","","","","","","","","","","","","","","CompareStringW","","","","","GetMenuItemInfoW",""
"","","","","","","","","","","","","","","","","","","","","","","","","","","","","","GlobalReAlloc","","","","","EnumThreadWindows",""
"","","","","","","","","","","","","","","","","","","","","","","","","","","","","","GetModuleFileNameW","","","","","CharNextA",""
"","","","","","","","","","","","","","","","","","","","","","","","","","","","","","FindNextFileW","","","","","WaitForInputIdle",""
"","","","","","","","","","","","","","","","","","","","","","","","","","","","","","InterlockedIncrement","","","","","GetDialogBaseUnits",""
"","","","","","","","","","","","","","","","","","","","","","","","","","","","","","GetProfileStringA","","","","","IsWindowUnicode",""
"","","","","","","","","","","","","","","","","","","","","","","","","","","","","","ResetEvent","","","","","GetClassInfoW",""
"","","","","","","","","","","","","","","","","","","","","","","","","","","","","","GetTempFileNameA","","","","","ToUnicode",""
"","","","","","","","","","","","","","","","","","","","","","","","","","","","","","GetComputerNameA","","","","","TabbedTextOutW",""
"","","","","","","","","","","","","","","","","","","","","","","","","","","","","","FindNextFileA","","","","","GetWindowLongW",""
"","","","","","","","","","","","","","","","","","","","","","","","","","","","","","DuplicateHandle","","","","","GetUpdateRect",""
"","","","","","","","","","","","","","","","","","","","","","","","","","","","","","GlobalLock","","","","","WindowFromDC",""
"","","","","","","","","","","","","","","","","","","","","","","","","","","","","","SetVolumeLabelW","","","","","IsChild",""
"","","","","","","","","","","","","","","","","","","","","","","","","","","","","","GetPrivateProfileSectionW","","","","","IsDialogMessageA",""
"","","","","","","","","","","","","","","","","","","","","","","","","","","","","","GetTimeZoneInformation","","","","","SetFocus",""
"","","","","","","","","","","","","","","","","","","","","","","","","","","","","","CreateFileW","","","","","CreateWindowExA",""
"","","","","","","","","","","","","","","","","","","","","","","","","","","","","","CreateEventA","","","","","MapVirtualKeyA",""
"","","","","","","","","","","","","","","","","","","","","","","","","","","","","","GetFileType","","","","","EmptyClipboard",""
"","","","","","","","","","","","","","","","","","","","","","","","","","","","","","SetVolumeLabelA","","","","","SetCapture",""
"","","","","","","","","","","","","","","","","","","","","","","","","","","","","","TlsSetValue","","","","","BeginPaint",""
"","","","","","","","","","","","","","","","","","","","","","","","","","","","","","CreateFileA","","","","","OffsetRect",""
"","","","","","","","","","","","","","","","","","","","","","","","","","","","","","HeapAlloc","","","","","SetCaretPos",""
"","","","","","","","","","","","","","","","","","","","","","","","","","","","","","LeaveCriticalSection","","","","","GetScrollPos",""
"","","","","","","","","","","","","","","","","","","","","","","","","","","","","","GetLastError","","","","","keybd_event",""
"","","","","","","","","","","","","","","","","","","","","","","","","","","","","","SystemTimeToFileTime","","","","","KillTimer",""
"","","","","","","","","","","","","","","","","","","","","","","","","","","","","","GlobalDeleteAtom","","","","","MapVirtualKeyW",""
"","","","","","","","","","","","","","","","","","","","","","","","","","","","","","GetShortPathNameW","","","","","RegisterWindowMessageA",""
"","","","","","","","","","","","","","","","","","","","","","","","","","","","","","GetSystemInfo","","","","","DefWindowProcA",""
"","","","","","","","","","","","","","","","","","","","","","","","","","","","","","GlobalFree","","","","","ToAsciiEx",""
"","","","","","","","","","","","","","","","","","","","","","","","","","","","","","GlobalUnlock","","","","","DrawFocusRect",""
"","","","","","","","","","","","","","","","","","","","","","","","","","","","","","IsDBCSLeadByte","","","","","GetClipboardData",""
"","","","","","","","","","","","","","","","","","","","","","","","","","","","","","RemoveDirectoryA","","","","","SendDlgItemMessageA",""
"","","","","","","","","","","","","","","","","","","","","","","","","","","","","","WinExec","","","","","IsCharAlphaNumericA",""
"","","","","","","","","","","","","","","","","","","","","","","","","","","","","","CreateProcessW","","","","","SetWindowLongW",""
"","","","","","","","","","","","","","","","","","","","","","","","","","","","","","FileTimeToLocalFileTime","","","","","SetScrollRange",""
"","","","","","","","","","","","","","","","","","","","","","","","","","","","","","SizeofResource","","","","","GetWindowRect",""
"","","","","","","","","","","","","","","","","","","","","","","","","","","","","","GetCurrentDirectoryW","","","","","InflateRect",""
"","","","","","","","","","","","","","","","","","","","","","","","","","","","","","WritePrivateProfileStringA","","","","","EnumDesktopWindows",""
"","","","","","","","","","","","","","","","","","","","","","","","","","","","","","GetCurrentProcessId","","","","","PostMessageA",""
"","","","","","","","","","","","","","","","","","","","","","","","","","","","","","LockResource","","","","","ReleaseCapture",""
"","","","","","","","","","","","","","","","","","","","","","","","","","","","","","SetFileTime","","","","","GetScrollRange",""
"","","","","","","","","","","","","","","","","","","","","","","","","","","","","","GetCommandLineW","","","","","CharLowerW",""
"","","","","","","","","","","","","","","","","","","","","","","","","","","","","","GetCurrentDirectoryA","","","","","SetWindowLongA",""
"","","","","","","","","","","","","","","","","","","","","","","","","","","","","","GetShortPathNameA","","","","","CheckDlgButton",""
"","","","","","","","","","","","","","","","","","","","","","","","","","","","","","GetCommandLineA","","","","","CreateDialogParamW",""
"","","","","","","","","","","","","","","","","","","","","","","","","","","","","","WritePrivateProfileStringW","","","","","RemovePropA",""
"","","","","","","","","","","","","","","","","","","","","","","","","","","","","","OpenMutexA","","","","","SetWindowTextA",""
"","","","","","","","","","","","","","","","","","","","","","","","","","","","","","SuspendThread","","","","","ShowCaret",""
"","","","","","","","","","","","","","","","","","","","","","","","","","","","","","RaiseException","","","","","GetSubMenu",""
"","","","","","","","","","","","","","","","","","","","","","","","","","","","","","ReleaseSemaphore","","","","","CharNextW",""
"","","","","","","","","","","","","","","","","","","","","","","","","","","","","","MapViewOfFile","","","","","GetLastActivePopup",""
"","","","","","","","","","","","","","","","","","","","","","","","","","","","","","SetFilePointer","","","","","DrawIconEx",""
"","","","","","","","","","","","","","","","","","","","","","","","","","","","","","ReadFile","","","","","SetWindowTextW",""
"","","","","","","","","","","","","","","","","","","","","","","","","","","","","","FindFirstFileA","","","","","GetDCEx",""
"","","","","","","","","","","","","","","","","","","","","","","","","","","","","","CloseHandle","","","","","GetDlgItem",""
"","","","","","","","","","","","","","","","","","","","","","","","","","","","","","TransactNamedPipe","","","","","CreateDialogParamA",""
"","","","","","","","","","","","","","","","","","","","","","","","","","","","","","GetACP","","","","","BringWindowToTop",""
"","","","","","","","","","","","","","","","","","","","","","","","","","","","","","GetCurrentThreadId","","","","","AppendMenuA",""
"","","","","","","","","","","","","","","","","","","","","","","","","","","","","","FreeResource","","","","","ScreenToClient",""
"","","","","","","","","","","","","","","","","","","","","","","","","","","","","","CreateProcessA","","","","","GetClassLongA",""
"","","","","","","","","","","","","","","","","","","","","","","","","","","","","","IsValidCodePage","","","","","InsertMenuA",""
"","","","","","","","","","","","","","","","","","","","","","","","","","","","","","UnmapViewOfFile","","","","","LoadCursorA",""
"","","","","","","","","","","","","","","","","","","","","","","","","","","","","","VirtualFree","","","","","LoadIconA",""
"","","","","","","","","","","","","","","","","","","","","","","","","","","","","","Sleep","","","","","TrackPopupMenu",""
"","","","","","","","","","","","","","","","","","","","","","","","","","","","","","IsBadReadPtr","","","","","SetWindowsHookExA",""
"","","","","","","","","","","","","","","","","","","","","","","","","","","","","","IsBadCodePtr","","","","","GetMenuStringA",""
"","","","","","","","","","","","","","","","","","","","","","","","","","","","","","EnumResourceNamesA","","","","","IsDlgButtonChecked",""
"","","","","","","","","","","","","","","","","","","","","","","","","","","","","","FindResourceA","","","","","ValidateRect",""
"","","","","","","","","","","","","","","","","","","","","","","","","","","","","","VirtualAlloc","","","","","GetKeyboardLayout",""
"","","","","","","","","","","","","","","","","","","","","","","","","","","","","","CompareStringA","","","","","GetSystemMenu",""
"","","","","","","","","","","","","","","","","","","","","","","","","","","","","","","","","","","GetDC",""
"","","","","","","","","","","","","","","","","","","","","","","","","","","","","","","","","","","InsertMenuW",""
"","","","","","","","","","","","","","","","","","","","","","","","","","","","","","","","","","","FillRect",""
"","","","","","","","","","","","","","","","","","","","","","","","","","","","","","","","","","","SetForegroundWindow",""
"","","","","","","","","","","","","","","","","","","","","","","","","","","","","","","","","","","OpenClipboard",""
"","","","","","","","","","","","","","","","","","","","","","","","","","","","","","","","","","","GetAsyncKeyState",""
"","","","","","","","","","","","","","","","","","","","","","","","","","","","","","","","","","","GetDlgCtrlID",""
"","","","","","","","","","","","","","","","","","","","","","","","","","","","","","","","","","","DrawTextA",""
"","","","","","","","","","","","","","","","","","","","","","","","","","","","","","","","","","","IntersectRect",""
"","","","","","","","","","","","","","","","","","","","","","","","","","","","","","","","","","","GetScrollInfo",""
"","","","","","","","","","","","","","","","","","","","","","","","","","","","","","","","","","","HideCaret",""
"","","","","","","","","","","","","","","","","","","","","","","","","","","","","","","","","","","CreateIconIndirect",""
"","","","","","","","","","","","","","","","","","","","","","","","","","","","","","","","","","","GetCapture",""
"","","","","","","","","","","","","","","","","","","","","","","","","","","","","","","","","","","WaitMessage",""
"","","","","","","","","","","","","","","","","","","","","","","","","","","","","","","","","","","FindWindowA",""
"","","","","","","","","","","","","","","","","","","","","","","","","","","","","","","","","","","MessageBeep",""
"","","","","","","","","","","","","","","","","","","","","","","","","","","","","","","","","","","RemoveMenu",""
"","","","","","","","","","","","","","","","","","","","","","","","","","","","","","","","","","","GetWindowThreadProcessId",""
"","","","","","","","","","","","","","","","","","","","","","","","","","","","","","","","","","","MessageBoxW",""
"","","","","","","","","","","","","","","","","","","","","","","","","","","","","","","","","","","GetMenu",""
"","","","","","","","","","","","","","","","","","","","","","","","","","","","","","","","","","","DestroyIcon",""
"","","","","","","","","","","","","","","","","","","","","","","","","","","","","","","","","","","DrawFrameControl",""
"","","","","","","","","","","","","","","","","","","","","","","","","","","","","","","","","","","UnhookWindowsHookEx",""
"","","","","","","","","","","","","","","","","","","","","","","","","","","","","","","","","","","SetDlgItemTextA",""
"","","","","","","","","","","","","","","","","","","","","","","","","","","","","","","","","","","MoveWindow",""
"","","","","","","","","","","","","","","","","","","","","","","","","","","","","","","","","","","CallWindowProcA",""
"","","","","","","","","","","","","","","","","","","","","","","","","","","","","","","","","","","MessageBoxA",""
"","","","","","","","","","","","","","","","","","","","","","","","","","","","","","","","","","","GetClassNameA",""
"","","","","","","","","","","","","","","","","","","","","","","","","","","","","","","","","","","wvsprintfA",""
"","","","","","","","","","","","","","","","","","","","","","","","","","","","","","","","","","","mouse_event",""
"","","","","","","","","","","","","","","","","","","","","","","","","","","","","","","","","","","LoadKeyboardLayoutA",""
"","","","","","","","","","","","","","","","","","","","","","","","","","","","","","","","","","","GetSysColor",""
"","","","","","","","","","","","","","","","","","","","","","","","","","","","","","","","","","","SetDlgItemTextW",""
"","","","","","","","","","","","","","","","","","","","","","","","","","","","","","","","","","","SetScrollInfo",""
"","","","","","","","","","","","","","","","","","","","","","","","","","","","","","","","","","","GetMenuItemInfoA",""
"","","","","","","","","","","","","","","","","","","","","","","","","","","","","","","","","","","SystemParametersInfoA",""
"","","","","","","","","","","","","","","","","","","","","","","","","","","","","","","","","","","GetDoubleClickTime",""
"","","","","","","","","","","","","","","","","","","","","","","","","","","","","","","","","","","EnableMenuItem",""
"","","","","","","","","","","","","","","","","","","","","","","","","","","","","","","","","","","GetKeyNameTextA",""
"","","","","","","","","","","","","","","","","","","","","","","","","","","","","","","","","","","IsWindowVisible",""
"","","","","","","","","","","","","","","","","","","","","","","","","","","","","","","","","","","GetDesktopWindow",""
"","","","","","","","","","","","","","","","","","","","","","","","","","","","","","","","","","","CreateIcon",""
"","","","","","","","","","","","","","","","","","","","","","","","","","","","","","","","","","","SetCursorPos",""
"","","","","","","","","","","","","","","","","","","","","","","","","","","","","","","","","","","IsCharAlphaNumericW",""
"","","","","","","","","","","","","","","","","","","","","","","","","","","","","","","","","","","WinHelpA",""
"","","","","","","","","","","","","","","","","","","","","","","","","","","","","","","","","","","DrawEdge",""
"","","","","","","","","","","","","","","","","","","","","","","","","","","","","","","","","","","DispatchMessageW",""
"","","","","","","","","","","","","","","","","","","","","","","","","","","","","","","","","","","FrameRect",""
"","","","","","","","","","","","","","","","","","","","","","","","","","","","","","","","","","","SetRect",""
"","","","","","","","","","","","","","","","","","","","","","","","","","","","","","","","","","","DeleteMenu",""
"","","","","","","","","","","","","","","","","","","","","","","","","","","","","","","","","","","InvalidateRect",""
"","","","","","","","","","","","","","","","","","","","","","","","","","","","","","","","","","","DefFrameProcA",""
"","","","","","","","","","","","","","","","","","","","","","","","","","","","","","","","","","","SendMessageTimeoutA",""
"","","","","","","","","","","","","","","","","","","","","","","","","","","","","","","","","","","GetUserObjectSecurity",""
"","","","","","","","","","","","","","","","","","","","","","","","","","","","","","","","","","","CallWindowProcW",""
"","","","","","","","","","","","","","","","","","","","","","","","","","","","","","","","","","","CharLowerBuffA",""
"","","","","","","","","","","","","","","","","","","","","","","","","","","","","","","","","","","ModifyMenuW",""
"","","","","","","","","","","","","","","","","","","","","","","","","","","","","","","","","","","CloseDesktop",""
"","","","","","","","","","","","","","","","","","","","","","","","","","","","","","","","","","","IsRectEmpty",""
"","","","","","","","","","","","","","","","","","","","","","","","","","","","","","","","","","","GetCursor",""
"","","","","","","","","","","","","","","","","","","","","","","","","","","","","","","","","","","GetFocus",""
"","","","","","","","","","","","","","","","","","","","","","","","","","","","","","","","","","","CreateMenu",""
"","","","","","","","","","","","","","","","","","","","","","","","","","","","","","","","","","","EnableWindow",""
"","","","","","","","","","","","","","","","","","","","","","","","","","","","","","","","","","","CloseClipboard",""
"","","","","","","","","","","","","","","","","","","","","","","","","","","","","","","","","","","CheckMenuItem",""
"","","","","","","","","","","","","","","","","","","","","","","","","","","","","","","","","","","ModifyMenuA",""
"","","","","","","","","","","","","","","","","","","","","","","","","","","","","","","","","","","SetMenu",""
"","","","","","","","","","","","","","","","","","","","","","","","","","","","","","","","","","","SetCursor",""
