"Imports","Runtime_DLL","Reg_Set","Reg_Set_Val","Reg_Set_Type","Reg_Del","Service_Opened","Service_Controlled","Service_Created","Service_Started","Proc_Terminated","Proc_Created","Proc_Injected","Proc_Shellcmds","File_Read","File_Opened","File_Written","File_Replaced","File_Moved_src","File_Moved_dst","File_Copied_src","File_Copied_dst","File_Deleted","gdiplus.dll","IMM32.dll","WINSPOOL.DRV","i3GfxDx.dll","OLEAUT32.dll","WINMM.dll","i3MathDx.dll","i3BaseDx.dll","GDI32.dll","MSIMG32.dll","ADVAPI32.dll","KERNEL32.dll","UxTheme.dll","oledlg.dll","SHELL32.dll","ole32.dll","SHLWAPI.dll","OLEACC.dll","USER32.dll","i3SceneDx.dll","COMCTL32.dll"
"gdiplus.dll","","","","","","","","","","","","","","","","","","","","","","","GdipBitmapLockBits","ImmReleaseContext","OpenPrinterA","?getISSVersion@i3ShaderCache@@QAEIXZ","OleCreateFontIndirect","PlaySoundA","?i3MathRegisterMetas@@YAXXZ","?g_inst_memory_mgr@detail_inst@i3@@3Vinst_memory_mgr@12@A","SetMapMode","TransparentBlt","RegDeleteKeyA","GetStdHandle","IsAppThemed","Ord(8)","SHGetFileInfoA","OleUninitialize","StrFormatKBSizeA","LresultFromObject","RedrawWindow","?new_object_fun@i3RegistrySet@@SAPAV1@XZ","Ord(17)"
"IMM32.dll","","","","","","","","","","","","","","","","","","","","","","","GdipGetImagePixelFormat","ImmGetOpenStatus","DocumentPropertiesA","??1i3VideoInfo@@UAE@XZ","VariantTimeToSystemTime","","","?deallocate@pool_by_thread@i3@@QAEXPAX@Z","GetWindowOrgEx","AlphaBlend","RegCloseKey","GetDriveTypeW","GetThemeSysColor","","DragFinish","CoUninitialize","PathFindExtensionA","CreateStdAccessibleObject","GetForegroundWindow","?GetData@i3RegKey@@QAE_NPBDPAH@Z",""
"WINSPOOL.DRV","","","","","","","","","","","","","","","","","","","","","","","GdipCreateBitmapFromScan0","ImmGetContext","ClosePrinter","?Create@i3RenderContext@@QAE_NPAVi3VideoInfo@@PAX@Z","SysStringLen","","","?AllocTool@i3mem@@YAPAXHHHPBDH@Z","GetTextMetricsA","","RegQueryValueA","VerifyVersionInfoA","GetWindowTheme","","DragQueryFileA","OleTranslateAccelerator","PathIsUNCA","AccessibleObjectFromWindow","SetWindowRgn","?FIND_REG_DATA@@YAXPAVi3RegKey@@PBDPAH@Z",""
"i3GfxDx.dll","","","","","","","","","","","","","","","","","","","","","","","GdiplusShutdown","","","?new_object_fun@i3RenderContext@@SAPAV1@XZ","SystemTimeToVariantTime","","","?obtain_tls_idx@tls_mgr@detail_tls@i3@@QAEKXZ","CombineRgn","","RegQueryValueExA","FileTimeToSystemTime","GetCurrentThemeName","","SHGetSpecialFolderLocation","OleLockRunning","PathRemoveFileSpecW","","SetMenuItemBitmaps","?i3SceneRegisterMetas@@YAXXZ",""
"OLEAUT32.dll","","","","","","","","","","","","","","","","","","","","","","","GdipGetImagePalette","","","?i3GfxRegisterMetas@@YAXXZ","VarBstrFromDate","","","?delayed_atexit@i3@@YAHP6AXXZ@Z","GetViewportOrgEx","","RegSetValueExA","GetFileAttributesA","DrawThemeText","","SHBrowseForFolderA","OleDestroyMenuDescriptor","PathStripToRootA","","DestroyWindow","?GetData@i3RegKey@@QAE_NPBDPAM@Z",""
"WINMM.dll","","","","","","","","","","","","","","","","","","","","","","","GdipDisposeImage","","","?getDisplayMode@i3RenderContext@@SAXHW4I3G_IMAGE_FORMAT@@PAUI3G_DISPLAY_MODE_INFO@@@Z","SysAllocStringLen","","","?resize_slot@detail_tls@i3@@YAXPAUthread_data@12@I@Z","GetObjectType","","RegEnumValueA","WaitForSingleObject","OpenThemeData","","SHAppBarMessage","DoDragDrop","PathFindFileNameA","","DrawStateA","?AddData@i3RegKey@@QAEXPBDH@Z",""
"i3MathDx.dll","","","","","","","","","","","","","","","","","","","","","","","GdipBitmapUnlockBits","","","?getDisplayModeCount@i3RenderContext@@SAHW4I3G_IMAGE_FORMAT@@@Z","VariantChangeType","","","?FreeTool@i3mem@@YAXPBXPBDH@Z","GetBoundsRect","","RegCreateKeyExA","EncodePointer","DrawThemeParentBackground","","SHGetDesktopFolder","StgOpenStorageOnILockBytes","","","SetRectEmpty","?AddData@i3RegKey@@QAEXPBDM@Z",""
"i3BaseDx.dll","","","","","","","","","","","","","","","","","","","","","","","GdiplusStartup","","","??0i3VideoInfo@@QAE@XZ","VariantClear","","","??0noncopyable@i3@@IAE@XZ","SetLayout","","RegOpenKeyExA","lstrcmpW","CloseThemeData","","SHGetPathFromIDListA","CreateStreamOnHGlobal","","","EnableScrollBar","?SaveRegistrySet@i3RegistrySet@@QAEIPBDW4REGISTRY_FILE_TYPE@@@Z",""
"GDI32.dll","","","","","","","","","","","","","","","","","","","","","","","GdipDeleteGraphics","","","?Load@i3ShaderCache@@SAPAV1@PBD@Z","SysAllocString","","","?i3BaseRegisterMetas@@YAXXZ","SetPixel","","RegEnumKeyA","SystemTimeToTzSpecificLocalTime","DrawThemeBackground","","ShellExecuteA","OleFlushClipboard","","","DestroyMenu","?LoadRegistrySet@i3RegistrySet@@QAEIPBDW4REGISTRY_FILE_TYPE@@@Z",""
"MSIMG32.dll","","","","","","","","","","","","","","","","","","","","","","","GdipCreateBitmapFromStream","","","","SafeArrayDestroy","","","?allocate@pool_by_thread@i3@@QAEPAXI@Z","SetPixelV","","RegDeleteValueA","DeleteCriticalSection","GetThemeColor","","","IsAccelerator","","","PostQuitMessage","?getRoot@i3RegistrySet@@QAEPAVi3RegKey@@XZ",""
"ADVAPI32.dll","","","","","","","","","","","","","","","","","","","","","","","GdipCreateFromHDC","","","","VariantCopy","","","?g_TlsManager@detail_tls@i3@@3Vtls_mgr@12@A","SetPaletteEntries","","RegEnumKeyExA","GetCurrentProcess","IsThemeBackgroundPartiallyTransparent","","","CoCreateGuid","","","GetMessagePos","",""
"KERNEL32.dll","","","","","","","","","","","","","","","","","","","","","","","GdipGetImagePaletteSize","","","","LoadTypeLib","","","??1class_meta_system@i3@@QAE@XZ","OffsetWindowOrgEx","","","GetConsoleMode","GetThemePartSize","","","RegisterDragDrop","","","SetWindowPos","",""
"UxTheme.dll","","","","","","","","","","","","","","","","","","","","","","","GdipCreateBitmapFromHBITMAP","","","","SysFreeString","","","?get_global_item_list_with_tag@detail_sprintf@i3@@YAAAV?vector@PAU?sprint_item@D@detail_sprintf@i3@@V?pool_allocator@PAU?sprint_item@D@detail_sprintf@i3@@@3@@2@Uchar_item_tag@12@@Z","CreateEllipticRgn","","","LocalAlloc","","","","RevokeDragDrop","","","GetNextDlgTabItem","",""
"oledlg.dll","","","","","","","","","","","","","","","","","","","","","","","GdipAlloc","","","","SysAllocStringByteLen","","","?IsDirectory@i3System@@YA_NPBD@Z","CreatePalette","","","ExitProcess","","","","CoRegisterMessageFilter","","","IsWindow","",""
"SHELL32.dll","","","","","","","","","","","","","","","","","","","","","","","GdipGetImageWidth","","","","VariantInit","","","?on_create@?shared_tls@Vpool_by_thread@i3@@@i3@@AAEXPAV?tls_ptr@Vpool_by_thread@i3@@@2@K@Z","CreateDIBitmap","","","SetErrorMode","","","","OleGetClipboard","","","DispatchMessageA","",""
"ole32.dll","","","","","","","","","","","","","","","","","","","","","","","GdipDrawImageI","","","","","","","?return_tls_idx@tls_mgr@detail_tls@i3@@QAEXK@Z","SetTextAlign","","","FreeEnvironmentStringsW","","","","OleDuplicateData","","","ClientToScreen","",""
"SHLWAPI.dll","","","","","","","","","","","","","","","","","","","","","","","GdipDrawImageRectI","","","","","","","??1pool_by_thread@i3@@QAE@XZ","StretchBlt","","","InitializeSListHead","","","","CLSIDFromString","","","SetMenuItemInfoA","",""
"OLEACC.dll","","","","","","","","","","","","","","","","","","","","","","","GdipSetInterpolationMode","","","","","","","??0class_meta_system@i3@@QAE@XZ","GetTextFaceA","","","GetLocaleInfoW","","","","CreateILockBytesOnHGlobal","","","GetWindowLongA","",""
"USER32.dll","","","","","","","","","","","","","","","","","","","","","","","GdipFree","","","","","","","?Release@i3ElementBase@@QAEXXZ","ScaleViewportExtEx","","","SetStdHandle","","","","CoGetClassObject","","","EndDialog","",""
"i3SceneDx.dll","","","","","","","","","","","","","","","","","","","","","","","GdipGetImageHeight","","","","","","","??0pool_by_thread@i3@@QAE@XZ","GetPaletteEntries","","","GetFileTime","","","","CoInitialize","","","CharUpperBuffA","",""
"COMCTL32.dll","","","","","","","","","","","","","","","","","","","","","","","GdipCloneImage","","","","","","","??1noncopyable@i3@@IAE@XZ","SetWindowExtEx","","","GetTempPathA","","","","OleInitialize","","","GrayStringA","",""
"","","","","","","","","","","","","","","","","","","","","","","","GdipGetImageGraphicsContext","","","","","","","?i3MemoryInit@@YAXIPAD@Z","SetViewportExtEx","","","WideCharToMultiByte","","","","CoLockObjectExternal","","","WindowFromPoint","",""
"","","","","","","","","","","","","","","","","","","","","","","","","","","","","","","?Log@i3Error@@YAXABV?literal_base_range@PBD@i3@@@Z","SetBkColor","","","LoadLibraryW","","","","CoCreateInstance","","","DrawIcon","",""
"","","","","","","","","","","","","","","","","","","","","","","","","","","","","","","?SetEnv@i3Error@@YAXPBDH0W4I3LOG_TYPE@@@Z","GetBkColor","","","WriteFile","","","","CoTaskMemAlloc","","","GetMessageTime","",""
"","","","","","","","","","","","","","","","","","","","","","","","","","","","","","","","SetRectRgn","","","GetTimeZoneInformation","","","","CoInitializeEx","","","SetActiveWindow","",""
"","","","","","","","","","","","","","","","","","","","","","","","","","","","","","","","GetTextCharsetInfo","","","GetSystemTimeAsFileTime","","","","OleCreateMenuDescriptor","","","GetMenuItemID","",""
"","","","","","","","","","","","","","","","","","","","","","","","","","","","","","","","GetSystemPaletteEntries","","","HeapReAlloc","","","","CoRevokeClassObject","","","GetAsyncKeyState","",""
"","","","","","","","","","","","","","","","","","","","","","","","","","","","","","","","OffsetRgn","","","GetStringTypeW","","","","StgCreateDocfileOnILockBytes","","","DrawTextA","",""
"","","","","","","","","","","","","","","","","","","","","","","","","","","","","","","","TextOutA","","","GetFullPathNameA","","","","CLSIDFromProgID","","","GetDlgCtrlID","",""
"","","","","","","","","","","","","","","","","","","","","","","","","","","","","","","","CreateFontIndirectA","","","FreeLibrary","","","","CoFreeUnusedLibraries","","","GetClassInfoA","",""
"","","","","","","","","","","","","","","","","","","","","","","","","","","","","","","","CreateRectRgnIndirect","","","LocalFree","","","","ReleaseStgMedium","","","GetMenu","",""
"","","","","","","","","","","","","","","","","","","","","","","","","","","","","","","","LPtoDP","","","ResumeThread","","","","CoDisconnectObject","","","CreateWindowExA","",""
"","","","","","","","","","","","","","","","","","","","","","","","","","","","","","","","GetPixel","","","FreeLibraryAndExitThread","","","","OleIsCurrentClipboard","","","IsClipboardFormatAvailable","",""
"","","","","","","","","","","","","","","","","","","","","","","","","","","","","","","","GetLayout","","","InitializeCriticalSection","","","","CoTaskMemFree","","","DefFrameProcA","",""
"","","","","","","","","","","","","","","","","","","","","","","","","","","","","","","","ExcludeClipRect","","","LoadResource","","","","","","","GetClientRect","",""
"","","","","","","","","","","","","","","","","","","","","","","","","","","","","","","","OffsetViewportOrgEx","","","GlobalHandle","","","","","","","SetWindowContextHelpId","",""
"","","","","","","","","","","","","","","","","","","","","","","","","","","","","","","","SetBkMode","","","FindClose","","","","","","","SetMenuDefaultItem","",""
"","","","","","","","","","","","","","","","","","","","","","","","","","","","","","","","PtInRegion","","","TlsGetValue","","","","","","","LoadImageW","",""
"","","","","","","","","","","","","","","","","","","","","","","","","","","","","","","","BitBlt","","","FormatMessageA","","","","","","","SetScrollPos","",""
"","","","","","","","","","","","","","","","","","","","","","","","","","","","","","","","EnumFontFamiliesA","","","OutputDebugStringA","","","","","","","CallNextHookEx","",""
"","","","","","","","","","","","","","","","","","","","","","","","","","","","","","","","GetDeviceCaps","","","SetLastError","","","","","","","LoadAcceleratorsA","",""
"","","","","","","","","","","","","","","","","","","","","","","","","","","","","","","","FillRgn","","","GetUserDefaultUILanguage","","","","","","","GetWindowTextLengthA","",""
"","","","","","","","","","","","","","","","","","","","","","","","","","","","","","","","FrameRgn","","","OutputDebugStringW","","","","","","","GetMenuDefaultItem","",""
"","","","","","","","","","","","","","","","","","","","","","","","","","","","","","","","ScaleWindowExtEx","","","GetModuleFileNameW","","","","","","","CopyAcceleratorTableA","",""
"","","","","","","","","","","","","","","","","","","","","","","","","","","","","","","","PtVisible","","","IsDebuggerPresent","","","","","","","GetKeyboardState","",""
"","","","","","","","","","","","","","","","","","","","","","","","","","","","","","","","ExtSelectClipRgn","","","CopyFileA","","","","","","","GetTopWindow","",""
"","","","","","","","","","","","","","","","","","","","","","","","","","","","","","","","SelectPalette","","","GetVersionExA","","","","","","","LoadImageA","",""
"","","","","","","","","","","","","","","","","","","","","","","","","","","","","","","","SetROP2","","","GetModuleFileNameA","","","","","","","LoadAcceleratorsW","",""
"","","","","","","","","","","","","","","","","","","","","","","","","","","","","","","","GetNearestPaletteIndex","","","VerSetConditionMask","","","","","","","ScrollWindow","",""
"","","","","","","","","","","","","","","","","","","","","","","","","","","","","","","","SetDIBColorTable","","","GetVolumeInformationA","","","","","","","GetWindowTextA","",""
"","","","","","","","","","","","","","","","","","","","","","","","","","","","","","","","GetTextColor","","","GetPrivateProfileStringA","","","","","","","InvalidateRgn","",""
"","","","","","","","","","","","","","","","","","","","","","","","","","","","","","","","Escape","","","SetThreadPriority","","","","","","","GetKeyState","",""
"","","","","","","","","","","","","","","","","","","","","","","","","","","","","","","","DeleteObject","","","UnhandledExceptionFilter","","","","","","","PtInRect","",""
"","","","","","","","","","","","","","","","","","","","","","","","","","","","","","","","CreateCompatibleDC","","","LoadLibraryExW","","","","","","","DrawEdge","",""
"","","","","","","","","","","","","","","","","","","","","","","","","","","","","","","","GetWindowExtEx","","","MultiByteToWideChar","","","","","","","GetParent","",""
"","","","","","","","","","","","","","","","","","","","","","","","","","","","","","","","PatBlt","","","SetFilePointerEx","","","","","","","MapDialogRect","",""
"","","","","","","","","","","","","","","","","","","","","","","","","","","","","","","","CreatePen","","","GetProfileIntA","","","","","","","SystemParametersInfoA","",""
"","","","","","","","","","","","","","","","","","","","","","","","","","","","","","","","GetClipBox","","","GetModuleHandleA","","","","","","","SetPropA","",""
"","","","","","","","","","","","","","","","","","","","","","","","","","","","","","","","Rectangle","","","CreateThread","","","","","","","EqualRect","",""
"","","","","","","","","","","","","","","","","","","","","","","","","","","","","","","","GetObjectA","","","GetSystemDefaultUILanguage","","","","","","","DefWindowProcA","",""
"","","","","","","","","","","","","","","","","","","","","","","","","","","","","","","","CreateDCA","","","GetSystemDirectoryW","","","","","","","GetClassInfoExA","",""
"","","","","","","","","","","","","","","","","","","","","","","","","","","","","","","","LineTo","","","GlobalAddAtomA","","","","","","","ShowWindow","",""
"","","","","","","","","","","","","","","","","","","","","","","","","","","","","","","","DeleteDC","","","SetUnhandledExceptionFilter","","","","","","","SetClassLongA","",""
"","","","","","","","","","","","","","","","","","","","","","","","","","","","","","","","GetMapMode","","","MulDiv","","","","","","","DrawFrameControl","",""
"","","","","","","","","","","","","","","","","","","","","","","","","","","","","","","","RealizePalette","","","IsProcessorFeaturePresent","","","","","","","GetNextDlgGroupItem","",""
"","","","","","","","","","","","","","","","","","","","","","","","","","","","","","","","CreateHatchBrush","","","ExitThread","","","","","","","EnumDisplayMonitors","",""
"","","","","","","","","","","","","","","","","","","","","","","","","","","","","","","","CreatePatternBrush","","","DecodePointer","","","","","","","GetCursorPos","",""
"","","","","","","","","","","","","","","","","","","","","","","","","","","","","","","","IntersectClipRect","","","SetEnvironmentVariableA","","","","","","","TranslateMDISysAccel","",""
"","","","","","","","","","","","","","","","","","","","","","","","","","","","","","","","CreateBitmap","","","TerminateProcess","","","","","","","EnableWindow","",""
"","","","","","","","","","","","","","","","","","","","","","","","","","","","","","","","RectVisible","","","GetModuleHandleExW","","","","","","","SetWindowPlacement","",""
"","","","","","","","","","","","","","","","","","","","","","","","","","","","","","","","GetStockObject","","","GlobalAlloc","","","","","","","LockWindowUpdate","",""
"","","","","","","","","","","","","","","","","","","","","","","","","","","","","","","","ExtTextOutA","","","SearchPathA","","","","","","","PeekMessageA","",""
"","","","","","","","","","","","","","","","","","","","","","","","","","","","","","","","SelectClipRgn","","","SetEndOfFile","","","","","","","TranslateMessage","",""
"","","","","","","","","","","","","","","","","","","","","","","","","","","","","","","","RoundRect","","","GetCurrentThreadId","","","","","","","IsWindowEnabled","",""
"","","","","","","","","","","","","","","","","","","","","","","","","","","","","","","","GetTextExtentPoint32A","","","WriteConsoleW","","","","","","","GetWindow","",""
"","","","","","","","","","","","","","","","","","","","","","","","","","","","","","","","SetWindowOrgEx","","","InitializeCriticalSectionAndSpinCount","","","","","","","CharUpperA","",""
"","","","","","","","","","","","","","","","","","","","","","","","","","","","","","","","GetViewportExtEx","","","HeapFree","","","","","","","InsertMenuItemA","",""
"","","","","","","","","","","","","","","","","","","","","","","","","","","","","","","","CreatePolygonRgn","","","EnterCriticalSection","","","","","","","GetIconInfo","",""
"","","","","","","","","","","","","","","","","","","","","","","","","","","","","","","","Polygon","","","lstrcmpiA","","","","","","","SetParent","",""
"","","","","","","","","","","","","","","","","","","","","","","","","","","","","","","","GetRgnBox","","","GetOEMCP","","","","","","","SetClipboardData","",""
"","","","","","","","","","","","","","","","","","","","","","","","","","","","","","","","SaveDC","","","QueryPerformanceCounter","","","","","","","IsCharLowerA","",""
"","","","","","","","","","","","","","","","","","","","","","","","","","","","","","","","RestoreDC","","","GetTickCount","","","","","","","IsZoomed","",""
"","","","","","","","","","","","","","","","","","","","","","","","","","","","","","","","CreateDIBSection","","","TlsAlloc","","","","","","","GetWindowPlacement","",""
"","","","","","","","","","","","","","","","","","","","","","","","","","","","","","","","SetTextColor","","","VirtualProtect","","","","","","","MapVirtualKeyExA","",""
"","","","","","","","","","","","","","","","","","","","","","","","","","","","","","","","ExtFloodFill","","","FlushFileBuffers","","","","","","","DrawMenuBar","",""
"","","","","","","","","","","","","","","","","","","","","","","","","","","","","","","","MoveToEx","","","LoadLibraryA","","","","","","","EnableMenuItem","",""
"","","","","","","","","","","","","","","","","","","","","","","","","","","","","","","","SetViewportOrgEx","","","RtlUnwind","","","","","","","InvertRect","",""
"","","","","","","","","","","","","","","","","","","","","","","","","","","","","","","","CreateRoundRectRgn","","","GlobalSize","","","","","","","GetMenuItemCount","",""
"","","","","","","","","","","","","","","","","","","","","","","","","","","","","","","","EnumFontFamiliesExA","","","UnlockFile","","","","","","","TabbedTextOutA","",""
"","","","","","","","","","","","","","","","","","","","","","","","","","","","","","","","CreateRectRgn","","","GetFileSize","","","","","","","DrawFocusRect","",""
"","","","","","","","","","","","","","","","","","","","","","","","","","","","","","","","SelectObject","","","LCMapStringW","","","","","","","SetTimer","",""
"","","","","","","","","","","","","","","","","","","","","","","","","","","","","","","","SetPolyFillMode","","","GetPrivateProfileIntA","","","","","","","GetActiveWindow","",""
"","","","","","","","","","","","","","","","","","","","","","","","","","","","","","","","CreateCompatibleBitmap","","","CreateDirectoryA","","","","","","","GetKeyboardLayout","",""
"","","","","","","","","","","","","","","","","","","","","","","","","","","","","","","","CreateSolidBrush","","","DeleteFileA","","","","","","","FillRect","",""
"","","","","","","","","","","","","","","","","","","","","","","","","","","","","","","","Polyline","","","GetWindowsDirectoryA","","","","","","","MonitorFromPoint","",""
"","","","","","","","","","","","","","","","","","","","","","","","","","","","","","","","DPtoLP","","","GetStartupInfoW","","","","","","","CharNextA","",""
"","","","","","","","","","","","","","","","","","","","","","","","","","","","","","","","CopyMetaFileA","","","SetEvent","","","","","","","GetSysColorBrush","",""
"","","","","","","","","","","","","","","","","","","","","","","","","","","","","","","","Ellipse","","","GlobalLock","","","","","","","RealChildWindowFromPoint","",""
"","","","","","","","","","","","","","","","","","","","","","","","","","","","","","","","","","","GetProcessHeap","","","","","","","EndPaint","",""
"","","","","","","","","","","","","","","","","","","","","","","","","","","","","","","","","","","CompareStringW","","","","","","","GetUpdateRect","",""
"","","","","","","","","","","","","","","","","","","","","","","","","","","","","","","","","","","GetFileSizeEx","","","","","","","UnregisterClassA","",""
"","","","","","","","","","","","","","","","","","","","","","","","","","","","","","","","","","","GlobalReAlloc","","","","","","","CreateAcceleratorTableA","",""
"","","","","","","","","","","","","","","","","","","","","","","","","","","","","","","","","","","lstrcmpA","","","","","","","IsChild","",""
"","","","","","","","","","","","","","","","","","","","","","","","","","","","","","","","","","","FindFirstFileExA","","","","","","","IsDialogMessageA","",""
"","","","","","","","","","","","","","","","","","","","","","","","","","","","","","","","","","","FindFirstFileA","","","","","","","MapWindowPoints","",""
"","","","","","","","","","","","","","","","","","","","","","","","","","","","","","","","","","","lstrcpyA","","","","","","","MapVirtualKeyA","",""
"","","","","","","","","","","","","","","","","","","","","","","","","","","","","","","","","","","CompareStringA","","","","","","","GetMessageA","",""
"","","","","","","","","","","","","","","","","","","","","","","","","","","","","","","","","","","GetTempFileNameA","","","","","","","PostMessageA","",""
"","","","","","","","","","","","","","","","","","","","","","","","","","","","","","","","","","","FindNextFileA","","","","","","","BeginPaint","",""
"","","","","","","","","","","","","","","","","","","","","","","","","","","","","","","","","","","DuplicateHandle","","","","","","","OffsetRect","",""
"","","","","","","","","","","","","","","","","","","","","","","","","","","","","","","","","","","GetProcAddress","","","","","","","SetFocus","",""
"","","","","","","","","","","","","","","","","","","","","","","","","","","","","","","","","","","CreateEventW","","","","","","","GetScrollPos","",""
"","","","","","","","","","","","","","","","","","","","","","","","","","","","","","","","","","","CreateFileW","","","","","","","CopyIcon","",""
"","","","","","","","","","","","","","","","","","","","","","","","","","","","","","","","","","","GlobalFindAtomA","","","","","","","KillTimer","",""
"","","","","","","","","","","","","","","","","","","","","","","","","","","","","","","","","","","GetFileType","","","","","","","GetMonitorInfoA","",""
"","","","","","","","","","","","","","","","","","","","","","","","","","","","","","","","","","","TlsSetValue","","","","","","","TrackMouseEvent","",""
"","","","","","","","","","","","","","","","","","","","","","","","","","","","","","","","","","","CreateFileA","","","","","","","GetComboBoxInfo","",""
"","","","","","","","","","","","","","","","","","","","","","","","","","","","","","","","","","","HeapAlloc","","","","","","","RegisterWindowMessageA","",""
"","","","","","","","","","","","","","","","","","","","","","","","","","","","","","","","","","","LeaveCriticalSection","","","","","","","DefMDIChildProcA","",""
"","","","","","","","","","","","","","","","","","","","","","","","","","","","","","","","","","","GetLastError","","","","","","","ToAsciiEx","",""
"","","","","","","","","","","","","","","","","","","","","","","","","","","","","","","","","","","LocalReAlloc","","","","","","","LoadBitmapW","",""
"","","","","","","","","","","","","","","","","","","","","","","","","","","","","","","","","","","GlobalDeleteAtom","","","","","","","SendDlgItemMessageA","",""
"","","","","","","","","","","","","","","","","","","","","","","","","","","","","","","","","","","GetSystemInfo","","","","","","","GetSystemMetrics","",""
"","","","","","","","","","","","","","","","","","","","","","","","","","","","","","","","","","","GlobalFree","","","","","","","IsIconic","",""
"","","","","","","","","","","","","","","","","","","","","","","","","","","","","","","","","","","GetConsoleCP","","","","","","","SetScrollRange","",""
"","","","","","","","","","","","","","","","","","","","","","","","","","","","","","","","","","","GlobalGetAtomNameA","","","","","","","GetWindowRect","",""
"","","","","","","","","","","","","","","","","","","","","","","","","","","","","","","","","","","GetThreadLocale","","","","","","","InflateRect","",""
"","","","","","","","","","","","","","","","","","","","","","","","","","","","","","","","","","","GetEnvironmentStringsW","","","","","","","RegisterClassA","",""
"","","","","","","","","","","","","","","","","","","","","","","","","","","","","","","","","","","GlobalUnlock","","","","","","","UpdateWindow","",""
"","","","","","","","","","","","","","","","","","","","","","","","","","","","","","","","","","","QueryPerformanceFrequency","","","","","","","SetCapture","",""
"","","","","","","","","","","","","","","","","","","","","","","","","","","","","","","","","","","WaitForSingleObjectEx","","","","","","","ReleaseCapture","",""
"","","","","","","","","","","","","","","","","","","","","","","","","","","","","","","","","","","GetCPInfo","","","","","","","GetScrollRange","",""
"","","","","","","","","","","","","","","","","","","","","","","","","","","","","","","","","","","LockFile","","","","","","","SetWindowLongA","",""
"","","","","","","","","","","","","","","","","","","","","","","","","","","","","","","","","","","FileTimeToLocalFileTime","","","","","","","CheckDlgButton","",""
"","","","","","","","","","","","","","","","","","","","","","","","","","","","","","","","","","","SizeofResource","","","","","","","WaitMessage","",""
"","","","","","","","","","","","","","","","","","","","","","","","","","","","","","","","","","","GetCurrentDirectoryW","","","","","","","CreatePopupMenu","",""
"","","","","","","","","","","","","","","","","","","","","","","","","","","","","","","","","","","WritePrivateProfileStringA","","","","","","","CheckMenuItem","",""
"","","","","","","","","","","","","","","","","","","","","","","","","","","","","","","","","","","GetCurrentProcessId","","","","","","","GetSubMenu","",""
"","","","","","","","","","","","","","","","","","","","","","","","","","","","","","","","","","","LockResource","","","","","","","GetLastActivePopup","",""
"","","","","","","","","","","","","","","","","","","","","","","","","","","","","","","","","","","GetCommandLineW","","","","","","","DrawIconEx","",""
"","","","","","","","","","","","","","","","","","","","","","","","","","","","","","","","","","","HeapQueryInformation","","","","","","","CreateMenu","",""
"","","","","","","","","","","","","","","","","","","","","","","","","","","","","","","","","","","GetCurrentDirectoryA","","","","","","","GetDlgItem","",""
"","","","","","","","","","","","","","","","","","","","","","","","","","","","","","","","","","","HeapSize","","","","","","","GetMenuCheckMarkDimensions","",""
"","","","","","","","","","","","","","","","","","","","","","","","","","","","","","","","","","","GetCommandLineA","","","","","","","BringWindowToTop","",""
"","","","","","","","","","","","","","","","","","","","","","","","","","","","","","","","","","","GetCurrentThread","","","","","","","ScreenToClient","",""
"","","","","","","","","","","","","","","","","","","","","","","","","","","","","","","","","","","GetSystemDefaultLangID","","","","","","","GetClassLongA","",""
"","","","","","","","","","","","","","","","","","","","","","","","","","","","","","","","","","","RaiseException","","","","","","","InsertMenuA","",""
"","","","","","","","","","","","","","","","","","","","","","","","","","","","","","","","","","","TlsFree","","","","","","","CreateDialogIndirectParamA","",""
"","","","","","","","","","","","","","","","","","","","","","","","","","","","","","","","","","","SetFilePointer","","","","","","","LoadCursorA","",""
"","","","","","","","","","","","","","","","","","","","","","","","","","","","","","","","","","","ReadFile","","","","","","","LoadIconA","",""
"","","","","","","","","","","","","","","","","","","","","","","","","","","","","","","","","","","GlobalFlags","","","","","","","TrackPopupMenu","",""
"","","","","","","","","","","","","","","","","","","","","","","","","","","","","","","","","","","CloseHandle","","","","","","","SetWindowsHookExA","",""
"","","","","","","","","","","","","","","","","","","","","","","","","","","","","","","","","","","GetACP","","","","","","","GetMenuItemInfoA","",""
"","","","","","","","","","","","","","","","","","","","","","","","","","","","","","","","","","","GetModuleHandleW","","","","","","","DestroyAcceleratorTable","",""
"","","","","","","","","","","","","","","","","","","","","","","","","","","","","","","","","","","FreeResource","","","","","","","GetMenuState","",""
"","","","","","","","","","","","","","","","","","","","","","","","","","","","","","","","","","","FindResourceExW","","","","","","","ShowOwnedPopups","",""
"","","","","","","","","","","","","","","","","","","","","","","","","","","","","","","","","","","IsValidCodePage","","","","","","","LoadCursorW","",""
"","","","","","","","","","","","","","","","","","","","","","","","","","","","","","","","","","","FindResourceW","","","","","","","GetSystemMenu","",""
"","","","","","","","","","","","","","","","","","","","","","","","","","","","","","","","","","","VirtualQuery","","","","","","","ReuseDDElParam","",""
"","","","","","","","","","","","","","","","","","","","","","","","","","","","","","","","","","","Sleep","","","","","","","GetDC","",""
"","","","","","","","","","","","","","","","","","","","","","","","","","","","","","","","","","","GetFileAttributesExA","","","","","","","SetForegroundWindow","",""
"","","","","","","","","","","","","","","","","","","","","","","","","","","","","","","","","","","FindResourceA","","","","","","","NotifyWinEvent","",""
"","","","","","","","","","","","","","","","","","","","","","","","","","","","","","","","","","","VirtualAlloc","","","","","","","PostThreadMessageA","",""
"","","","","","","","","","","","","","","","","","","","","","","","","","","","","","","","","","","ResetEvent","","","","","","","OpenClipboard","",""
"","","","","","","","","","","","","","","","","","","","","","","","","","","","","","","","","","","","","","","","","","EmptyClipboard","",""
"","","","","","","","","","","","","","","","","","","","","","","","","","","","","","","","","","","","","","","","","","ReleaseDC","",""
"","","","","","","","","","","","","","","","","","","","","","","","","","","","","","","","","","","","","","","","","","IntersectRect","",""
"","","","","","","","","","","","","","","","","","","","","","","","","","","","","","","","","","","","","","","","","","SetLayeredWindowAttributes","",""
"","","","","","","","","","","","","","","","","","","","","","","","","","","","","","","","","","","","","","","","","","GetScrollInfo","",""
"","","","","","","","","","","","","","","","","","","","","","","","","","","","","","","","","","","","","","","","","","LoadMenuA","",""
"","","","","","","","","","","","","","","","","","","","","","","","","","","","","","","","","","","","","","","","","","HideCaret","",""
"","","","","","","","","","","","","","","","","","","","","","","","","","","","","","","","","","","","","","","","","","CopyRect","",""
"","","","","","","","","","","","","","","","","","","","","","","","","","","","","","","","","","","","","","","","","","GetCapture","",""
"","","","","","","","","","","","","","","","","","","","","","","","","","","","","","","","","","","","","","","","","","RemovePropA","",""
"","","","","","","","","","","","","","","","","","","","","","","","","","","","","","","","","","","","","","","","","","SetWindowTextA","",""
"","","","","","","","","","","","","","","","","","","","","","","","","","","","","","","","","","","","","","","","","","MessageBeep","",""
"","","","","","","","","","","","","","","","","","","","","","","","","","","","","","","","","","","","","","","","","","LoadMenuW","",""
"","","","","","","","","","","","","","","","","","","","","","","","","","","","","","","","","","","","","","","","","","DrawTextExA","",""
"","","","","","","","","","","","","","","","","","","","","","","","","","","","","","","","","","","","","","","","","","RemoveMenu","",""
"","","","","","","","","","","","","","","","","","","","","","","","","","","","","","","","","","","","","","","","","","GetWindowThreadProcessId","",""
"","","","","","","","","","","","","","","","","","","","","","","","","","","","","","","","","","","","","","","","","","DeferWindowPos","",""
"","","","","","","","","","","","","","","","","","","","","","","","","","","","","","","","","","","","","","","","","","ShowScrollBar","",""
"","","","","","","","","","","","","","","","","","","","","","","","","","","","","","","","","","","","","","","","","","AppendMenuA","",""
"","","","","","","","","","","","","","","","","","","","","","","","","","","","","","","","","","","","","","","","","","GetPropA","",""
"","","","","","","","","","","","","","","","","","","","","","","","","","","","","","","","","","","","","","","","","","SetMenu","",""
"","","","","","","","","","","","","","","","","","","","","","","","","","","","","","","","","","","","","","","","","","RegisterClipboardFormatA","",""
"","","","","","","","","","","","","","","","","","","","","","","","","","","","","","","","","","","","","","","","","","MoveWindow","",""
"","","","","","","","","","","","","","","","","","","","","","","","","","","","","","","","","","","","","","","","","","GetMenuStringA","",""
"","","","","","","","","","","","","","","","","","","","","","","","","","","","","","","","","","","","","","","","","","CallWindowProcA","",""
"","","","","","","","","","","","","","","","","","","","","","","","","","","","","","","","","","","","","","","","","","MessageBoxA","",""
"","","","","","","","","","","","","","","","","","","","","","","","","","","","","","","","","","","","","","","","","","IsMenu","",""
"","","","","","","","","","","","","","","","","","","","","","","","","","","","","","","","","","","","","","","","","","GetWindowDC","",""
"","","","","","","","","","","","","","","","","","","","","","","","","","","","","","","","","","","","","","","","","","DestroyCursor","",""
"","","","","","","","","","","","","","","","","","","","","","","","","","","","","","","","","","","","","","","","","","AdjustWindowRectEx","",""
"","","","","","","","","","","","","","","","","","","","","","","","","","","","","","","","","","","","","","","","","","GetSysColor","",""
"","","","","","","","","","","","","","","","","","","","","","","","","","","","","","","","","","","","","","","","","","SetScrollInfo","",""
"","","","","","","","","","","","","","","","","","","","","","","","","","","","","","","","","","","","","","","","","","CopyImage","",""
"","","","","","","","","","","","","","","","","","","","","","","","","","","","","","","","","","","","","","","","","","EndDeferWindowPos","",""
"","","","","","","","","","","","","","","","","","","","","","","","","","","","","","","","","","","","","","","","","","GetWindowRgn","",""
"","","","","","","","","","","","","","","","","","","","","","","","","","","","","","","","","","","","","","","","","","UpdateLayeredWindow","",""
"","","","","","","","","","","","","","","","","","","","","","","","","","","","","","","","","","","","","","","","","","GetDoubleClickTime","",""
"","","","","","","","","","","","","","","","","","","","","","","","","","","","","","","","","","","","","","","","","","DestroyIcon","",""
"","","","","","","","","","","","","","","","","","","","","","","","","","","","","","","","","","","","","","","","","","GetKeyNameTextA","",""
"","","","","","","","","","","","","","","","","","","","","","","","","","","","","","","","","","","","","","","","","","BeginDeferWindowPos","",""
"","","","","","","","","","","","","","","","","","","","","","","","","","","","","","","","","","","","","","","","","","GetDesktopWindow","",""
"","","","","","","","","","","","","","","","","","","","","","","","","","","","","","","","","","","","","","","","","","SubtractRect","",""
"","","","","","","","","","","","","","","","","","","","","","","","","","","","","","","","","","","","","","","","","","UnpackDDElParam","",""
"","","","","","","","","","","","","","","","","","","","","","","","","","","","","","","","","","","","","","","","","","SetCursorPos","",""
"","","","","","","","","","","","","","","","","","","","","","","","","","","","","","","","","","","","","","","","","","WinHelpA","",""
"","","","","","","","","","","","","","","","","","","","","","","","","","","","","","","","","","","","","","","","","","LoadIconW","",""
"","","","","","","","","","","","","","","","","","","","","","","","","","","","","","","","","","","","","","","","","","UnionRect","",""
"","","","","","","","","","","","","","","","","","","","","","","","","","","","","","","","","","","","","","","","","","MonitorFromWindow","",""
"","","","","","","","","","","","","","","","","","","","","","","","","","","","","","","","","","","","","","","","","","FrameRect","",""
"","","","","","","","","","","","","","","","","","","","","","","","","","","","","","","","","","","","","","","","","","SetRect","",""
"","","","","","","","","","","","","","","","","","","","","","","","","","","","","","","","","","","","","","","","","","DeleteMenu","",""
"","","","","","","","","","","","","","","","","","","","","","","","","","","","","","","","","","","","","","","","","","InvalidateRect","",""
"","","","","","","","","","","","","","","","","","","","","","","","","","","","","","","","","","","","","","","","","","SendMessageA","",""
"","","","","","","","","","","","","","","","","","","","","","","","","","","","","","","","","","","","","","","","","","TranslateAcceleratorA","",""
"","","","","","","","","","","","","","","","","","","","","","","","","","","","","","","","","","","","","","","","","","ValidateRect","",""
"","","","","","","","","","","","","","","","","","","","","","","","","","","","","","","","","","","","","","","","","","IsRectEmpty","",""
"","","","","","","","","","","","","","","","","","","","","","","","","","","","","","","","","","","","","","","","","","GetClassNameA","",""
"","","","","","","","","","","","","","","","","","","","","","","","","","","","","","","","","","","","","","","","","","GetFocus","",""
"","","","","","","","","","","","","","","","","","","","","","","","","","","","","","","","","","","","","","","","","","CloseClipboard","",""
"","","","","","","","","","","","","","","","","","","","","","","","","","","","","","","","","","","","","","","","","","IsWindowVisible","",""
"","","","","","","","","","","","","","","","","","","","","","","","","","","","","","","","","","","","","","","","","","ModifyMenuA","",""
"","","","","","","","","","","","","","","","","","","","","","","","","","","","","","","","","","","","","","","","","","UnhookWindowsHookEx","",""
"","","","","","","","","","","","","","","","","","","","","","","","","","","","","","","","","","","","","","","","","","SetCursor","",""
