"Imports","Runtime_DLL","Reg_Set","Reg_Set_Val","Reg_Set_Type","Reg_Del","Service_Opened","Service_Controlled","Service_Created","Service_Started","Proc_Terminated","Proc_Created","Proc_Injected","Proc_Shellcmds","File_Read","File_Opened","File_Written","File_Replaced","File_Moved_src","File_Moved_dst","File_Copied_src","File_Copied_dst","File_Deleted","CRYPT32.dll","gdiplus.dll","WININET.dll","GDI32.dll","ADVAPI32.dll","KERNEL32.dll","COMDLG32.dll","OLEAUT32.dll","SHELL32.dll","ole32.dll","SHLWAPI.dll","USER32.dll","WINSPOOL.DRV"
"CRYPT32.dll","secur32.dll","HKEY_CURRENT_USER\Software\Microsoft\Windows\CurrentVersion\Run\skydrive","C:/programData/sky/skydrive.exe","REG_SZ","","RASMAN","","","","","","","","c:\autoexec.bat","c:/ProgramData/sky/r10","c:/ProgramData/skydive/serial","","","","","","","CryptUnprotectData","GdiplusShutdown","InternetCanonicalizeUrlW","PolyPolyline","RegCreateKeyExW","GetStdHandle","GetFileTitleW","VarUdateFromDate","DragQueryFileW","CoUninitialize","UrlUnescapeW","RedrawWindow","DocumentPropertiesW"
"gdiplus.dll","shell32.dll","HKEY_USERS\S1521127521007192002626610602842981003\Software\Microsoft\windows\CurrentVersion\Internet Settings\MigrateProxy","1","REG_DWORD","","","","","","","","","","c:/ProgramData/skydive/serial","c:/ProgramData/sky/r10","c:/ProgramData/skydive/rc.dll","","","","","","","","GdipGetImageEncodersSize","InternetSetStatusCallbackW","GetCharABCWidthsW","RegCloseKey","GetConsoleOutputCP","","SysStringLen","DragFinish","CoTreatAsClass","PathFindFileNameW","GetMessagePos","ClosePrinter"
"WININET.dll","wsock32","HKEY_USERS\S1521127521007192002626610602842981003\Software\Microsoft\windows\CurrentVersion\Internet Settings\ProxyEnable","0","REG_DWORD","","","","","","","","","","c:/ProgramData/skydive/rc2.dll","\\.\PIPE\lsarpc","c:/ProgramData/skydive/rc2.dll","","","","","","","","GdipGetImageEncoders","FtpRemoveDirectoryW","GetTextMetricsW","RegCreateKeyW","ReleaseMutex","","SysStringByteLen","DragAcceptFiles","StringFromGUID2","PathRemoveFileSpecW","SetWindowRgn","OpenPrinterW"
"GDI32.dll","ws2_32","HKEY_CURRENT_CONFIG\Software\Microsoft\windows\CurrentVersion\Internet Settings\ProxyEnable","0","REG_DWORD","","","","","","","","","","c:/ProgramData/skydive/im.jp","c:\autoexec.bat","c:/ProgramData/skydive/tree.rml","","","","","","","","GdipDisposeImage","HttpOpenRequestA","SetMapMode","RegEnumKeyW","FileTimeToSystemTime","","VarBstrFromDec","ShellExecuteW","ReadClassStg","PathIsUNCW","SetMenuItemBitmaps",""
"ADVAPI32.dll","comctl32.dll","HKEY_USERS\S1521127521007192002626610602842981003\Software\Microsoft\windows\CurrentVersion\Internet Settings\Connections\SavedLegacySettings","","REG_BINARY","","","","","","","","","","","c:/ProgramData/skydive/serial","c:/ProgramData/skydive/im.jp","","","","","","","","GdipCloneImage","HttpEndRequestW","GetWindowOrgEx","RegDeleteKeyW","SetEvent","","VarDecFromStr","SHGetFileInfoW","CreateStreamOnHGlobal","PathFindExtensionW","SetMenuDefaultItem",""
"KERNEL32.dll","rasapi32.dll","HKEY_CURRENT_USER\Software\Microsoft\Windows\CurrentVersion\Internet Settings\ZoneMap\\ProxyBypass","1","REG_DWORD","","","","","","","","","","","c:/ProgramData/skydive/serial","c:/ProgramData/skydive/im.zid","","","","","","","","GdipCreateBitmapFromHBITMAP","HttpSendRequestExW","GetNearestColor","RegSetValueW","GetDriveTypeA","","SafeArrayDestroyData","ExtractIconW","ReleaseStgMedium","PathStripToRootW","MoveWindow",""
"COMDLG32.dll","rtutils.dll","HKEY_CURRENT_USER\Software\Microsoft\Windows\CurrentVersion\Internet Settings\ZoneMap\\IntranetName","1","REG_DWORD","","","","","","","","","","","c:/ProgramData/skydive/rc.dll","","","","","","","","","GdipAlloc","InternetOpenA","SelectPalette","CryptHashData","HeapDestroy","","SysAllocString","","SetConvertStg","PathRemoveExtensionW","EnableScrollBar",""
"OLEAUT32.dll","rpcrt4.dll","HKEY_CURRENT_USER\Software\Microsoft\Windows\CurrentVersion\Internet Settings\ZoneMap\\UNCAsIntranet","1","REG_DWORD","","","","","","","","","","","c:/ProgramData/skydive/rc.dll","","","","","","","","","GdipFree","InternetSetCookieW","ResizePalette","RegQueryValueExW","DebugBreak","","SafeArrayCreate","","StringFromCLSID","","DestroyMenu",""
"SHELL32.dll","sensapi.dll","","","","","","","","","","","","","","c:/ProgramData/skydive/rc2.dll","","","","","","","","","GdipSaveImageToFile","FtpFindFirstFileW","GetPaletteEntries","CryptCreateHash","GetHandleInformation","","SafeArrayAllocDescriptor","","ReadFmtUserTypeStg","","PostQuitMessage",""
"ole32.dll","ntdll.dll","","","","","","","","","","","","","","c:/ProgramData/skydive/tree.rml","","","","","","","","","GdiplusStartup","InternetErrorDlg","CombineRgn","GetFileSecurityW","GetFileAttributesW","","VariantCopy","","OleDuplicateData","","GetWindowContextHelpId",""
"SHLWAPI.dll","userenv.dll","","","","","","","","","","","","","","c:/ProgramData/skydive/im.zid","","","","","","","","","","FtpCreateDirectoryW","PlayMetaFile","RegOpenKeyExW","DuplicateHandle","","SafeArrayGetElemsize","","CLSIDFromString","","DrawStateW",""
"USER32.dll","netapi32.dll","","","","","","","","","","","","","","c:/ProgramData/skydive/im.jp","","","","","","","","","","HttpOpenRequestW","GetROP2","SetFileSecurityW","GetLocalTime","","VariantInit","","CoRegisterClassObject","","SetWindowPos",""
"WINSPOOL.DRV","urlmon.dll","","","","","","","","","","","","","","","","","","","","","","","","InternetSetOptionExW","GetViewportOrgEx","RegOpenKeyW","DeleteCriticalSection","","SafeArrayAllocData","","OleRegGetUserType","","GetClipboardViewer",""
"","wininet.dll","","","","","","","","","","","","","","","","","","","","","","","","InternetGetCookieW","GetObjectType","RegOpenKeyExA","GetCurrentProcess","","SafeArrayDestroyDescriptor","","CoCreateInstance","","SetScrollPos",""
"","c:\windows\system32\mswsock.dll","","","","","","","","","","","","","","","","","","","","","","","","InternetQueryOptionW","CreateMetaFileW","RegQueryValueW","GetConsoleMode","","SafeArrayAccessData","","OleRun","","IsWindow",""
"","dnsapi.dll","","","","","","","","","","","","","","","","","","","","","","","","InternetConnectW","SetColorAdjustment","CryptReleaseContext","GetLocaleInfoA","","SafeArrayGetLBound","","CoUnmarshalInterface","","GrayStringW",""
"","rasadhlp.dll","","","","","","","","","","","","","","","","","","","","","","","","GopherFindFirstFileW","GetBoundsRect","GetUserNameW","LocalAlloc","","VarBstrFromDate","","CoInitializeEx","","DispatchMessageA",""
"","hnetcfg.dll","","","","","","","","","","","","","","","","","","","","","","","","InternetCloseHandle","SetPixel","CryptAcquireContextW","GetVolumeInformationW","","SafeArrayUnaccessData","","CoTaskMemAlloc","","EndPaint",""
"","c:\windows\system32\wshtcpip.dll","","","","","","","","","","","","","","","","","","","","","","","","FtpDeleteFileW","EndDoc","CryptDestroyHash","OpenFileMappingA","","SafeArrayDestroy","","CoRevokeClassObject","","ScrollWindowEx",""
"","advapi32.dll","","","","","","","","","","","","","","","","","","","","","","","","GopherOpenFileW","SetPixelV","OpenThreadToken","SetErrorMode","","SafeArrayUnlock","","CLSIDFromProgID","","OpenIcon",""
"","","","","","","","","","","","","","","","","","","","","","","","","","InternetGetLastResponseInfoW","IntersectClipRect","RegDeleteValueW","FreeEnvironmentStringsW","","SafeArrayGetUBound","","WriteClassStg","","EndDialog",""
"","","","","","","","","","","","","","","","","","","","","","","","","","HttpAddRequestHeadersW","AngleArc","RevertToSelf","GetLocaleInfoW","","LoadTypeLib","","CreateBindCtx","","WindowFromPoint",""
"","","","","","","","","","","","","","","","","","","","","","","","","","HttpQueryInfoW","CloseMetaFile","RegSetValueExW","SetStdHandle","","SysFreeString","","CoDisconnectObject","","DlgDirSelectComboBoxExW",""
"","","","","","","","","","","","","","","","","","","","","","","","","","GopherCreateLocatorW","GetFontLanguageInfo","CryptGetHashParam","GetFileTime","","SysAllocStringByteLen","","CoReleaseMarshalData","","CopyRect",""
"","","","","","","","","","","","","","","","","","","","","","","","","","InternetFindNextFileW","OffsetWindowOrgEx","RegEnumValueA","GetCPInfo","","SafeArrayLock","","CoTaskMemFree","","GetMessageTime",""
"","","","","","","","","","","","","","","","","","","","","","","","","","InternetQueryDataAvailable","PlgBlt","SetThreadToken","GetStringTypeA","","LoadRegTypeLib","","WriteFmtUserTypeStg","","ChildWindowFromPoint",""
"","","","","","","","","","","","","","","","","","","","","","","","","","FtpRenameFileW","CreateEllipticRgn","","GetDiskFreeSpaceW","","VariantChangeType","","CoMarshalInterface","","SetMenuItemInfoW",""
"","","","","","","","","","","","","","","","","","","","","","","","","","InternetWriteFile","GetTextFaceW","","InterlockedExchange","","SafeArrayGetElement","","","","SetActiveWindow",""
"","","","","","","","","","","","","","","","","","","","","","","","","","FtpGetFileW","CreatePalette","","FindResourceExW","","SafeArrayPtrOfIndex","","","","GetDC",""
"","","","","","","","","","","","","","","","","","","","","","","","","","InternetReadFile","EqualRgn","","GetProfileIntW","","VarBstrFromCy","","","","GetCursorPos",""
"","","","","","","","","","","","","","","","","","","","","","","","","","FtpCommandW","GetPolyFillMode","","WaitForSingleObject","","DosDateTimeToVariantTime","","","","ChildWindowFromPointEx",""
"","","","","","","","","","","","","","","","","","","","","","","","","","GopherGetLocatorTypeW","CreateEllipticRgnIndirect","","GetSystemTimeAsFileTime","","VarCyFromStr","","","","LoadBitmapW",""
"","","","","","","","","","","","","","","","","","","","","","","","","","InternetSetFilePointer","ExtCreateRegion","","HeapReAlloc","","SafeArrayRedim","","","","GetMenu",""
"","","","","","","","","","","","","","","","","","","","","","","","","","FtpSetCurrentDirectoryW","SetTextAlign","","GetStringTypeW","","VarDateFromUdate","","","","OpenClipboard",""
"","","","","","","","","","","","","","","","","","","","","","","","","","HttpSendRequestA","GetDCOrgEx","","GetThreadPriority","","SafeArrayCopy","","","","GetMenuStringW",""
"","","","","","","","","","","","","","","","","","","","","","","","","","InternetOpenW","GetTextCharacterExtra","","GetFullPathNameA","","VariantTimeToSystemTime","","","","CharUpperW",""
"","","","","","","","","","","","","","","","","","","","","","","","","","InternetCrackUrlW","StretchBlt","","GetOEMCP","","SystemTimeToVariantTime","","","","DlgDirSelectExW",""
"","","","","","","","","","","","","","","","","","","","","","","","","","GopherGetAttributeW","StretchDIBits","","LocalFree","","SysAllocStringLen","","","","GetClassInfoW",""
"","","","","","","","","","","","","","","","","","","","","","","","","","FtpPutFileW","GetKerningPairsW","","FormatMessageW","","RegisterTypeLib","","","","DefWindowProcW",""
"","","","","","","","","","","","","","","","","","","","","","","","","","FtpGetCurrentDirectoryW","ScaleViewportExtEx","","ResumeThread","","VariantClear","","","","DrawTextW",""
"","","","","","","","","","","","","","","","","","","","","","","","","","HttpSendRequestW","ArcTo","","InitializeCriticalSection","","SysReAllocStringLen","","","","GetNextDlgTabItem",""
"","","","","","","","","","","","","","","","","","","","","","","","","","InternetOpenUrlW","BeginPath","","OutputDebugStringW","","VarDateFromStr","","","","CallNextHookEx",""
"","","","","","","","","","","","","","","","","","","","","","","","","","FtpOpenFileW","CloseFigure","","GlobalHandle","","SafeArrayGetDim","","","","GetClientRect",""
"","","","","","","","","","","","","","","","","","","","","","","","","","","Pie","","FindClose","","SafeArrayPutElement","","","","GetTopWindow",""
"","","","","","","","","","","","","","","","","","","","","","","","","","","SetWindowExtEx","","TlsGetValue","","","","","","GetUpdateRgn",""
"","","","","","","","","","","","","","","","","","","","","","","","","","","Arc","","MoveFileW","","","","","","GetWindowTextW",""
"","","","","","","","","","","","","","","","","","","","","","","","","","","SetBitmapDimensionEx","","SetFileAttributesW","","","","","","ExcludeUpdateRgn",""
"","","","","","","","","","","","","","","","","","","","","","","","","","","SetViewportExtEx","","OutputDebugStringA","","","","","","GetWindowTextLengthW",""
"","","","","","","","","","","","","","","","","","","","","","","","","","","ExtCreatePen","","GetCurrentThread","","","","","","GetMenuBarInfo",""
"","","","","","","","","","","","","","","","","","","","","","","","","","","GetFontData","","SetLastError","","","","","","LoadAcceleratorsW",""
"","","","","","","","","","","","","","","","","","","","","","","","","","","ResetDCW","","GlobalFindAtomW","","","","","","LoadMenuIndirectW",""
"","","","","","","","","","","","","","","","","","","","","","","","","","","GetBkColor","","LoadResource","","","","","","InvalidateRgn",""
"","","","","","","","","","","","","","","","","","","","","","","","","","","SetRectRgn","","GetModuleFileNameW","","","","","","GetMenuContextHelpId",""
"","","","","","","","","","","","","","","","","","","","","","","","","","","PathToRegion","","IsDebuggerPresent","","","","","","DestroyWindow",""
"","","","","","","","","","","","","","","","","","","","","","","","","","","TextOutW","","ExitProcess","","","","","","DrawEdge",""
"","","","","","","","","","","","","","","","","","","","","","","","","","","CreateFontIndirectW","","FlushFileBuffers","","","","","","IsWindowUnicode",""
"","","","","","","","","","","","","","","","","","","","","","","","","","","OffsetRgn","","GetModuleFileNameA","","","","","","GetClassInfoExW",""
"","","","","","","","","","","","","","","","","","","","","","","","","","","GetCurrentPositionEx","","GetStringTypeExW","","","","","","MapDialogRect",""
"","","","","","","","","","","","","","","","","","","","","","","","","","","DeleteDC","","lstrcmpiW","","","","","","UpdateWindow",""
"","","","","","","","","","","","","","","","","","","","","","","","","","","CreateRectRgnIndirect","","EnumSystemLocalesA","","","","","","GetWindow",""
"","","","","","","","","","","","","","","","","","","","","","","","","","","LPtoDP","","EnumResourceLanguagesW","","","","","","GetPropW",""
"","","","","","","","","","","","","","","","","","","","","","","","","","","UpdateColors","","SetConsoleCtrlHandler","","","","","","DlgDirListComboBoxW",""
"","","","","","","","","","","","","","","","","","","","","","","","","","","GetBitmapBits","","UnhandledExceptionFilter","","","","","","CheckRadioButton",""
"","","","","","","","","","","","","","","","","","","","","","","","","","","PolyDraw","","InterlockedDecrement","","","","","","CreateCaret",""
"","","","","","","","","","","","","","","","","","","","","","","","","","","ExcludeClipRect","","MultiByteToWideChar","","","","","","GetMessageW",""
"","","","","","","","","","","","","","","","","","","","","","","","","","","OffsetViewportOrgEx","","FatalAppExitA","","","","","","ShowWindow",""
"","","","","","","","","","","","","","","","","","","","","","","","","","","SetBkMode","","GetPrivateProfileStringW","","","","","","GetCaretPos",""
"","","","","","","","","","","","","","","","","","","","","","","","","","","GetCharacterPlacementW","","LeaveCriticalSection","","","","","","DrawFrameControl",""
"","","","","","","","","","","","","","","","","","","","","","","","","","","CreateDiscardableBitmap","","GetModuleHandleA","","","","","","GetNextDlgGroupItem",""
"","","","","","","","","","","","","","","","","","","","","","","","","","","RectInRegion","","GetFullPathNameW","","","","","","SetPropW",""
"","","","","","","","","","","","","","","","","","","","","","","","","","","GetArcDirection","","GlobalAddAtomW","","","","","","GetMenuState",""
"","","","","","","","","","","","","","","","","","","","","","","","","","","PtInRegion","","CreateThread","","","","","","GetClipboardFormatNameA",""
"","","","","","","","","","","","","","","","","","","","","","","","","","","OffsetClipRgn","","MoveFileExW","","","","","","PeekMessageW",""
"","","","","","","","","","","","","","","","","","","","","","","","","","","BitBlt","","SetUnhandledExceptionFilter","","","","","","SetWindowsHookExW",""
"","","","","","","","","","","","","","","","","","","","","","","","","","","StrokeAndFillPath","","ConvertDefaultLocale","","","","","","InsertMenuItemW",""
"","","","","","","","","","","","","","","","","","","","","","","","","","","WidenPath","","CreateMutexW","","","","","","SetWindowPlacement",""
"","","","","","","","","","","","","","","","","","","","","","","","","","","FillRgn","","MulDiv","","","","","","LockWindowUpdate",""
"","","","","","","","","","","","","","","","","","","","","","","","","","","SetAbortProc","","UnlockFile","","","","","","GetClipboardFormatNameW",""
"","","","","","","","","","","","","","","","","","","","","","","","","","","FrameRgn","","ExitThread","","","","","","LoadIconW",""
"","","","","","","","","","","","","","","","","","","","","","","","","","","CreateBrushIndirect","","SetEnvironmentVariableA","","","","","","ScrollDC",""
"","","","","","","","","","","","","","","","","","","","","","","","","","","EnumFontFamiliesExW","","MoveFileA","","","","","","GetClipboardData",""
"","","","","","","","","","","","","","","","","","","","","","","","","","","ScaleWindowExtEx","","TerminateProcess","","","","","","TranslateMessage",""
"","","","","","","","","","","","","","","","","","","","","","","","","","","SetBkColor","","CreateSemaphoreW","","","","","","IsWindowEnabled",""
"","","","","","","","","","","","","","","","","","","","","","","","","","","GetAspectRatioFilterEx","","WriteConsoleA","","","","","","GetDlgItemTextW",""
"","","","","","","","","","","","","","","","","","","","","","","","","","","PtVisible","","VirtualQuery","","","","","","GetMenuDefaultItem",""
"","","","","","","","","","","","","","","","","","","","","","","","","","","ExtSelectClipRgn","","LocalFileTimeToFileTime","","","","","","GetDlgItemInt",""
"","","","","","","","","","","","","","","","","","","","","","","","","","","SetBoundsRect","","CreateEventW","","","","","","GetTabbedTextExtentW",""
"","","","","","","","","","","","","","","","","","","","","","","","","","","GetRegionData","","SetEndOfFile","","","","","","SystemParametersInfoA",""
"","","","","","","","","","","","","","","","","","","","","","","","","","","CloseEnhMetaFile","","GetCurrentThreadId","","","","","","MsgWaitForMultipleObjects",""
"","","","","","","","","","","","","","","","","","","","","","","","","","","SetROP2","","GetProcAddress","","","","","","SetParent",""
"","","","","","","","","","","","","","","","","","","","","","","","","","","EndPage","","SetCurrentDirectoryA","","","","","","RegisterClassW",""
"","","","","","","","","","","","","","","","","","","","","","","","","","","AbortDoc","","WriteConsoleW","","","","","","ScrollWindow",""
"","","","","","","","","","","","","","","","","","","","","","","","","","","GetNearestPaletteIndex","","InitializeCriticalSectionAndSpinCount","","","","","","IsZoomed",""
"","","","","","","","","","","","","","","","","","","","","","","","","","","GetTextColor","","HeapFree","","","","","","GetWindowPlacement",""
"","","","","","","","","","","","","","","","","","","","","","","","","","","GetOutlineTextMetricsW","","EnterCriticalSection","","","","","","CloseWindow",""
"","","","","","","","","","","","","","","","","","","","","","","","","","","CreatePolyPolygonRgn","","SetHandleCount","","","","","","DrawMenuBar",""
"","","","","","","","","","","","","","","","","","","","","","","","","","","Escape","","LoadLibraryW","","","","","","EnableMenuItem",""
"","","","","","","","","","","","","","","","","","","","","","","","","","","PolyPolygon","","GlobalGetAtomNameW","","","","","","InvertRect",""
"","","","","","","","","","","","","","","","","","","","","","","","","","","DeleteObject","","GetVersionExW","","","","","","TrackPopupMenuEx",""
"","","","","","","","","","","","","","","","","","","","","","","","","","","CreatePenIndirect","","FreeLibrary","","","","","","GetScrollPos",""
"","","","","","","","","","","","","","","","","","","","","","","","","","","SetGraphicsMode","","QueryPerformanceCounter","","","","","","DrawFocusRect",""
"","","","","","","","","","","","","","","","","","","","","","","","","","","PlayMetaFileRecord","","GetTickCount","","","","","","SetTimer",""
"","","","","","","","","","","","","","","","","","","","","","","","","","","GetWindowExtEx","","TlsAlloc","","","","","","GetActiveWindow",""
"","","","","","","","","","","","","","","","","","","","","","","","","","","SetBitmapBits","","VirtualProtect","","","","","","IsDialogMessageW",""
"","","","","","","","","","","","","","","","","","","","","","","","","","","PatBlt","","GetVersionExA","","","","","","FlashWindow",""
"","","","","","","","","","","","","","","","","","","","","","","","","","","CreatePen","","LoadLibraryA","","","","","","SetWindowContextHelpId",""
"","","","","","","","","","","","","","","","","","","","","","","","","","","FloodFill","","RtlUnwind","","","","","","DlgDirListW",""
"","","","","","","","","","","","","","","","","","","","","","","","","","","AnimatePalette","","CopyFileW","","","","","","GetDialogBaseUnits",""
"","","","","","","","","","","","","","","","","","","","","","","","","","","GetCharWidthW","","GlobalSize","","","","","","CreateWindowExW",""
"","","","","","","","","","","","","","","","","","","","","","","","","","","GetClipBox","","GetStartupInfoA","","","","","","RemovePropW",""
"","","","","","","","","","","","","","","","","","","","","","","","","","","Rectangle","","GetDateFormatA","","","","","","GetWindowLongW",""
"","","","","","","","","","","","","","","","","","","","","","","","","","","Polygon","","GetFileSize","","","","","","GetUpdateRect",""
"","","","","","","","","","","","","","","","","","","","","","","","","","","GetDeviceCaps","","GlobalDeleteAtom","","","","","","GetMenuItemInfoW",""
"","","","","","","","","","","","","","","","","","","","","","","","","","","PaintRgn","","DeleteFileA","","","","","","DragDetect",""
"","","","","","","","","","","","","","","","","","","","","","","","","","","LineTo","","GetStartupInfoW","","","","","","MapWindowPoints",""
"","","","","","","","","","","","","","","","","","","","","","","","","","","StrokePath","","CreateDirectoryW","","","","","","RegisterWindowMessageW",""
"","","","","","","","","","","","","","","","","","","","","","","","","","","SetWorldTransform","","DeleteFileW","","","","","","DrawAnimatedRects",""
"","","","","","","","","","","","","","","","","","","","","","","","","","","InvertRgn","","GetUserDefaultLCID","","","","","","GetOpenClipboardWindow",""
"","","","","","","","","","","","","","","","","","","","","","","","","","","GetMapMode","","GetPrivateProfileIntW","","","","","","PeekMessageA",""
"","","","","","","","","","","","","","","","","","","","","","","","","","","GetWorldTransform","","GetProcessHeap","","","","","","IsIconic",""
"","","","","","","","","","","","","","","","","","","","","","","","","","","EnumMetaFile","","GetTempFileNameW","","","","","","GetMessageA",""
"","","","","","","","","","","","","","","","","","","","","","","","","","","StartPage","","GetComputerNameW","","","","","","BeginPaint",""
"","","","","","","","","","","","","","","","","","","","","","","","","","","GetObjectW","","CompareStringW","","","","","","OffsetRect",""
"","","","","","","","","","","","","","","","","","","","","","","","","","","CreateDCW","","WriteFile","","","","","","SetCaretPos",""
"","","","","","","","","","","","","","","","","","","","","","","","","","","CreateBitmapIndirect","","GetFileSizeEx","","","","","","DrawIcon",""
"","","","","","","","","","","","","","","","","","","","","","","","","","","RealizePalette","","GlobalReAlloc","","","","","","KillTimer",""
"","","","","","","","","","","","","","","","","","","","","","","","","","","CreateHatchBrush","","GetFileInformationByHandle","","","","","","MapVirtualKeyW",""
"","","","","","","","","","","","","","","","","","","","","","","","","","","CreateDIBPatternBrushPt","","lstrcmpA","","","","","","GetClipboardOwner",""
"","","","","","","","","","","","","","","","","","","","","","","","","","","ExtTextOutW","","UnmapViewOfFile","","","","","","SendNotifyMessageW",""
"","","","","","","","","","","","","","","","","","","","","","","","","","","SetPaletteEntries","","FindNextFileW","","","","","","SetMenuContextHelpId",""
"","","","","","","","","","","","","","","","","","","","","","","","","","","SelectClipPath","","HeapValidate","","","","","","CheckMenuRadioItem",""
"","","","","","","","","","","","","","","","","","","","","","","","","","","RectVisible","","GetTimeFormatA","","","","","","ArrangeIconicWindows",""
"","","","","","","","","","","","","","","","","","","","","","","","","","","GetStockObject","","ResetEvent","","","","","","GetParent",""
"","","","","","","","","","","","","","","","","","","","","","","","","","","GetPath","","CreateFileMappingA","","","","","","SendDlgItemMessageA",""
"","","","","","","","","","","","","","","","","","","","","","","","","","","GetBkMode","","FindFirstFileW","","","","","","GetSystemMetrics",""
"","","","","","","","","","","","","","","","","","","","","","","","","","","UnrealizeObject","","IsValidLocale","","","","","","SetWindowLongW",""
"","","","","","","","","","","","","","","","","","","","","","","","","","","FlattenPath","","lstrcmpW","","","","","","SetScrollRange",""
"","","","","","","","","","","","","","","","","","","","","","","","","","","SelectClipRgn","","WaitForMultipleObjects","","","","","","GetWindowRect",""
"","","","","","","","","","","","","","","","","","","","","","","","","","","RoundRect","","CreateFileMappingW","","","","","","InflateRect",""
"","","","","","","","","","","","","","","","","","","","","","","","","","","GetTextAlign","","GetTimeZoneInformation","","","","","","SetCapture",""
"","","","","","","","","","","","","","","","","","","","","","","","","","","ExtEscape","","CreateFileW","","","","","","ReleaseCapture",""
"","","","","","","","","","","","","","","","","","","","","","","","","","","CreateCompatibleDC","","GetFileType","","","","","","GetScrollRange",""
"","","","","","","","","","","","","","","","","","","","","","","","","","","GdiComment","","TlsSetValue","","","","","","SetClipboardViewer",""
"","","","","","","","","","","","","","","","","","","","","","","","","","","SetWindowOrgEx","","CreateFileA","","","","","","SendDlgItemMessageW",""
"","","","","","","","","","","","","","","","","","","","","","","","","","","GetCharWidthFloatW","","HeapAlloc","","","","","","PostMessageW",""
"","","","","","","","","","","","","","","","","","","","","","","","","","","SelectObject","","InterlockedIncrement","","","","","","GetKeyNameTextW",""
"","","","","","","","","","","","","","","","","","","","","","","","","","","GetViewportExtEx","","GetLastError","","","","","","IntersectRect",""
"","","","","","","","","","","","","","","","","","","","","","","","","","","SetTextCharacterExtra","","LocalReAlloc","","","","","","CheckDlgButton",""
"","","","","","","","","","","","","","","","","","","","","","","","","","","GetTextExtentPoint32W","","SystemTimeToFileTime","","","","","","DrawCaption",""
"","","","","","","","","","","","","","","","","","","","","","","","","","","EndPath","","LCMapStringW","","","","","","EqualRect",""
"","","","","","","","","","","","","","","","","","","","","","","","","","","CreatePatternBrush","","GetShortPathNameW","","","","","","CreatePopupMenu",""
"","","","","","","","","","","","","","","","","","","","","","","","","","","CreatePolygonRgn","","GetAtomNameW","","","","","","ShowCaret",""
"","","","","","","","","","","","","","","","","","","","","","","","","","","GetCharABCWidthsFloatW","","GetSystemInfo","","","","","","GetSubMenu",""
"","","","","","","","","","","","","","","","","","","","","","","","","","","PolylineTo","","lstrlenA","","","","","","GetClassLongW",""
"","","","","","","","","","","","","","","","","","","","","","","","","","","CreateHalftonePalette","","GlobalFree","","","","","","GetLastActivePopup",""
"","","","","","","","","","","","","","","","","","","","","","","","","","","GetGlyphOutlineW","","GetConsoleCP","","","","","","PtInRect",""
"","","","","","","","","","","","","","","","","","","","","","","","","","","GetRgnBox","","LCMapStringA","","","","","","GetForegroundWindow",""
"","","","","","","","","","","","","","","","","","","","","","","","","","","SaveDC","","GetThreadLocale","","","","","","SetWindowTextW",""
"","","","","","","","","","","","","","","","","","","","","","","","","","","CreateICW","","GetEnvironmentStringsW","","","","","","CreateMenu",""
"","","","","","","","","","","","","","","","","","","","","","","","","","","MaskBlt","","GlobalUnlock","","","","","","GetDlgItem",""
"","","","","","","","","","","","","","","","","","","","","","","","","","","ModifyWorldTransform","","GlobalAlloc","","","","","","GetMenuCheckMarkDimensions",""
"","","","","","","","","","","","","","","","","","","","","","","","","","","GetMiterLimit","","lstrlenW","","","","","","SystemParametersInfoW",""
"","","","","","","","","","","","","","","","","","","","","","","","","","","GetColorAdjustment","","LockFile","","","","","","BringWindowToTop",""
"","","","","","","","","","","","","","","","","","","","","","","","","","","RestoreDC","","FileTimeToLocalFileTime","","","","","","ClientToScreen",""
"","","","","","","","","","","","","","","","","","","","","","","","","","","GetPixel","","SizeofResource","","","","","","TrackPopupMenu",""
"","","","","","","","","","","","","","","","","","","","","","","","","","","SetMapperFlags","","GetCurrentDirectoryW","","","","","","PostThreadMessageW",""
"","","","","","","","","","","","","","","","","","","","","","","","","","","GetBitmapDimensionEx","","GetCurrentProcessId","","","","","","GetMenuItemCount",""
"","","","","","","","","","","","","","","","","","","","","","","","","","","GetStretchBltMode","","LockResource","","","","","","IsDlgButtonChecked",""
"","","","","","","","","","","","","","","","","","","","","","","","","","","FillPath","","SetFileTime","","","","","","BeginDeferWindowPos",""
"","","","","","","","","","","","","","","","","","","","","","","","","","","CreateBitmap","","GetCommandLineW","","","","","","SetDlgItemInt",""
"","","","","","","","","","","","","","","","","","","","","","","","","","","CreateDIBSection","","GetCurrentDirectoryA","","","","","","ShowOwnedPopups",""
"","","","","","","","","","","","","","","","","","","","","","","","","","","SetTextColor","","HeapSize","","","","","","LoadCursorW",""
"","","","","","","","","","","","","","","","","","","","","","","","","","","ExtFloodFill","","WritePrivateProfileStringW","","","","","","GetSystemMenu",""
"","","","","","","","","","","","","","","","","","","","","","","","","","","GetBrushOrgEx","","SuspendThread","","","","","","FindWindowExW",""
"","","","","","","","","","","","","","","","","","","","","","","","","","","GetCurrentObject","","RaiseException","","","","","","GetMenuItemID",""
"","","","","","","","","","","","","","","","","","","","","","","","","","","SetMiterLimit","","ReleaseSemaphore","","","","","","InsertMenuW",""
"","","","","","","","","","","","","","","","","","","","","","","","","","","EnumObjects","","MapViewOfFile","","","","","","FillRect",""
"","","","","","","","","","","","","","","","","","","","","","","","","","","MoveToEx","","TlsFree","","","","","","SetForegroundWindow",""
"","","","","","","","","","","","","","","","","","","","","","","","","","","DrawEscape","","SetFilePointer","","","","","","SetFocus",""
"","","","","","","","","","","","","","","","","","","","","","","","","","","SetViewportOrgEx","","ReadFile","","","","","","WindowFromDC",""
"","","","","","","","","","","","","","","","","","","","","","","","","","","AbortPath","","GlobalFlags","","","","","","GetAsyncKeyState",""
"","","","","","","","","","","","","","","","","","","","","","","","","","","SetArcDirection","","PulseEvent","","","","","","CreateDialogIndirectParamW",""
"","","","","","","","","","","","","","","","","","","","","","","","","","","GetGraphicsMode","","CloseHandle","","","","","","ReleaseDC",""
"","","","","","","","","","","","","","","","","","","","","","","","","","","CreateRoundRectRgn","","GetACP","","","","","","DrawTextExW",""
"","","","","","","","","","","","","","","","","","","","","","","","","","","PlayEnhMetaFile","","GlobalLock","","","","","","GetScrollInfo",""
"","","","","","","","","","","","","","","","","","","","","","","","","","","PolyBezierTo","","GetModuleHandleW","","","","","","HideCaret",""
"","","","","","","","","","","","","","","","","","","","","","","","","","","CreateFontW","","FreeResource","","","","","","GetKeyboardLayout",""
"","","","","","","","","","","","","","","","","","","","","","","","","","","SetStretchBltMode","","WideCharToMultiByte","","","","","","DeferWindowPos",""
"","","","","","","","","","","","","","","","","","","","","","","","","","","PolyBezier","","IsValidCodePage","","","","","","FindWindowW",""
"","","","","","","","","","","","","","","","","","","","","","","","","","","Chord","","HeapCreate","","","","","","GetCapture",""
"","","","","","","","","","","","","","","","","","","","","","","","","","","SetBrushOrgEx","","FindResourceW","","","","","","GetDlgCtrlID",""
"","","","","","","","","","","","","","","","","","","","","","","","","","","CreateRectRgn","","VirtualFree","","","","","","ScreenToClient",""
"","","","","","","","","","","","","","","","","","","","","","","","","","","GetClipRgn","","Sleep","","","","","","LoadMenuW",""
"","","","","","","","","","","","","","","","","","","","","","","","","","","SetPolyFillMode","","IsBadReadPtr","","","","","","CheckMenuItem",""
"","","","","","","","","","","","","","","","","","","","","","","","","","","CopyMetaFileW","","SetThreadPriority","","","","","","GetWindowThreadProcessId",""
"","","","","","","","","","","","","","","","","","","","","","","","","","","Ellipse","","OpenEventA","","","","","","GetSysColorBrush",""
"","","","","","","","","","","","","","","","","","","","","","","","","","","SetTextJustification","","VirtualAlloc","","","","","","ShowScrollBar",""
"","","","","","","","","","","","","","","","","","","","","","","","","","","CreateSolidBrush","","CompareStringA","","","","","","HiliteMenuItem",""
"","","","","","","","","","","","","","","","","","","","","","","","","","","Polyline","","","","","","","","MessageBoxW",""
"","","","","","","","","","","","","","","","","","","","","","","","","","","DPtoLP","","","","","","","","SendMessageW",""
"","","","","","","","","","","","","","","","","","","","","","","","","","","CreateEnhMetaFileW","","","","","","","","SetMenu",""
"","","","","","","","","","","","","","","","","","","","","","","","","","","StartDocW","","","","","","","","RemoveMenu",""
"","","","","","","","","","","","","","","","","","","","","","","","","","","CreateCompatibleBitmap","","","","","","","","SetRectEmpty",""
"","","","","","","","","","","","","","","","","","","","","","","","","","","","","","","","","","","ReuseDDElParam",""
"","","","","","","","","","","","","","","","","","","","","","","","","","","","","","","","","","","AppendMenuW",""
"","","","","","","","","","","","","","","","","","","","","","","","","","","","","","","","","","","GetWindowDC",""
"","","","","","","","","","","","","","","","","","","","","","","","","","","","","","","","","","","ChangeClipboardChain",""
"","","","","","","","","","","","","","","","","","","","","","","","","","","","","","","","","","","AdjustWindowRectEx",""
"","","","","","","","","","","","","","","","","","","","","","","","","","","","","","","","","","","GetSysColor",""
"","","","","","","","","","","","","","","","","","","","","","","","","","","","","","","","","","","SetDlgItemTextW",""
"","","","","","","","","","","","","","","","","","","","","","","","","","","","","","","","","","","SetScrollInfo",""
"","","","","","","","","","","","","","","","","","","","","","","","","","","","","","","","","","","GetKeyState",""
"","","","","","","","","","","","","","","","","","","","","","","","","","","","","","","","","","","EndDeferWindowPos",""
"","","","","","","","","","","","","","","","","","","","","","","","","","","","","","","","","","","GetWindowRgn",""
"","","","","","","","","","","","","","","","","","","","","","","","","","","","","","","","","","","TabbedTextOutW",""
"","","","","","","","","","","","","","","","","","","","","","","","","","","","","","","","","","","DestroyIcon",""
"","","","","","","","","","","","","","","","","","","","","","","","","","","","","","","","","","","IsWindowVisible",""
"","","","","","","","","","","","","","","","","","","","","","","","","","","","","","","","","","","WinHelpW",""
"","","","","","","","","","","","","","","","","","","","","","","","","","","","","","","","","","","GetDesktopWindow",""
"","","","","","","","","","","","","","","","","","","","","","","","","","","","","","","","","","","SubtractRect",""
"","","","","","","","","","","","","","","","","","","","","","","","","","","","","","","","","","","UnpackDDElParam",""
"","","","","","","","","","","","","","","","","","","","","","","","","","","","","","","","","","","GetDCEx",""
"","","","","","","","","","","","","","","","","","","","","","","","","","","","","","","","","","","ValidateRgn",""
"","","","","","","","","","","","","","","","","","","","","","","","","","","","","","","","","","","UnionRect",""
"","","","","","","","","","","","","","","","","","","","","","","","","","","","","","","","","","","DispatchMessageW",""
"","","","","","","","","","","","","","","","","","","","","","","","","","","","","","","","","","","FrameRect",""
"","","","","","","","","","","","","","","","","","","","","","","","","","","","","","","","","","","SetRect",""
"","","","","","","","","","","","","","","","","","","","","","","","","","","","","","","","","","","DeleteMenu",""
"","","","","","","","","","","","","","","","","","","","","","","","","","","","","","","","","","","InvalidateRect",""
"","","","","","","","","","","","","","","","","","","","","","","","","","","","","","","","","","","wsprintfA",""
"","","","","","","","","","","","","","","","","","","","","","","","","","","","","","","","","","","CallWindowProcW",""
"","","","","","","","","","","","","","","","","","","","","","","","","","","","","","","","","","","GetClassNameW",""
"","","","","","","","","","","","","","","","","","","","","","","","","","","","","","","","","","","UnregisterClassW",""
"","","","","","","","","","","","","","","","","","","","","","","","","","","","","","","","","","","ModifyMenuW",""
"","","","","","","","","","","","","","","","","","","","","","","","","","","","","","","","","","","IsChild",""
"","","","","","","","","","","","","","","","","","","","","","","","","","","","","","","","","","","ValidateRect",""
"","","","","","","","","","","","","","","","","","","","","","","","","","","","","","","","","","","IsRectEmpty",""
"","","","","","","","","","","","","","","","","","","","","","","","","","","","","","","","","","","IsMenu",""
"","","","","","","","","","","","","","","","","","","","","","","","","","","","","","","","","","","GetFocus",""
"","","","","","","","","","","","","","","","","","","","","","","","","","","","","","","","","","","EnableWindow",""
"","","","","","","","","","","","","","","","","","","","","","","","","","","","","","","","","","","CloseClipboard",""
"","","","","","","","","","","","","","","","","","","","","","","","","","","","","","","","","","","TranslateAcceleratorW",""
"","","","","","","","","","","","","","","","","","","","","","","","","","","","","","","","","","","UnhookWindowsHookEx",""
"","","","","","","","","","","","","","","","","","","","","","","","","","","","","","","","","","","SetCursor",""
