"Imports","Runtime_DLL","Reg_Set","Reg_Set_Val","Reg_Set_Type","Reg_Del","Service_Opened","Service_Controlled","Service_Created","Service_Started","Proc_Terminated","Proc_Created","Proc_Injected","Proc_Shellcmds","File_Read","File_Opened","File_Written","File_Replaced","File_Moved_src","File_Moved_dst","File_Copied_src","File_Copied_dst","File_Deleted","WS2_32.dll","XINPUT1_3.dll","CrashRpt1301.dll","fmod_event_net.dll","fmodex.dll","WINMM.dll","PhysX3Common_x86.dll","CRYPT32.dll","fmod_event.dll","SHELL32.dll","KERNEL32.dll","PhysX3_x86.dll","GDI32.dll","ts3client_win32.dll","IPHLPAPI.DLL","ADVAPI32.dll","PhysX3Cooking_x86.dll","d3dx9_43.dll","d3d9.dll","DINPUT8.dll","USER32.dll"
"WS2_32.dll","","","","","","","","","","","","","","","","","","","","","","","htonl","Ord(2)","Ord(12)","?NetEventSystem_Shutdown@FMOD@@YG?AW4FMOD_RESULT@@XZ","?createSound@System@FMOD@@QAG?AW4FMOD_RESULT@@PBDIPAUFMOD_CREATESOUNDEXINFO@@PAPAVSound@2@@Z","timeEndPeriod","?outputCapsule@RenderOutput@Cm@physx@@QAEAAV123@MMABVMatrix34@23@@Z","CertGetCertificateContextProperty","?getPaused@Event@FMOD@@QAG?AW4FMOD_RESULT@@PA_N@Z","ShellExecuteA","GetStdHandle","??0PxArticulationJointGeneratedInfo@physx@@QAE@XZ","CreateICA","ts3client_setClientSelfVariableAsInt","IcmpCloseHandle","CryptDestroyKey","PxCreateCooking","D3DXMatrixOrthoLH","D3DPERF_BeginEvent","DirectInput8Create","SetFocus"
"XINPUT1_3.dll","","","","","","","","","","","","","","","","","","","","","","","getsockname","","Ord(24)","?NetEventSystem_Update@FMOD@@YG?AW4FMOD_RESULT@@XZ","?setSoftwareFormat@System@FMOD@@QAG?AW4FMOD_RESULT@@HW4FMOD_SOUND_FORMAT@@HHW4FMOD_DSP_RESAMPLER@@@Z","timeGetTime","?getCurrentCounterValue@Time@shdfnd@physx@@SA_KXZ","CertEnumCertificatesInStore","?preloadFSB@EventSystem@FMOD@@QAG?AW4FMOD_RESULT@@PBDHPAVSound@2@_N@Z","SHGetFolderPathA","GetDriveTypeW","??0PxArticulationLinkGeneratedInfo@physx@@QAE@XZ","SetMapMode","ts3client_createIdentity","GetAdaptersInfo","RegCloseKey","","D3DXMatrixInverse","D3DPERF_SetOptions","","EmptyClipboard"
"CrashRpt1301.dll","","","","","","","","","","","","","","","","","","","","","","","accept","","Ord(11)","","?set3DSettings@System@FMOD@@QAG?AW4FMOD_RESULT@@MMM@Z","timeBeginPeriod","?reset@Sync@shdfnd@physx@@QAEXXZ","CertCreateCertificateContext","?keyOff@EventParameter@FMOD@@QAG?AW4FMOD_RESULT@@XZ","","GetConsoleOutputCP","??0PxParticleFluidGeneratedInfo@physx@@QAE@XZ","CreatePen","ts3client_setPreProcessorConfigValue","IcmpSendEcho","RegQueryValueExA","","D3DXMatrixRotationQuaternion","Direct3DCreate9","","ShowCursor"
"fmod_event_net.dll","","","","","","","","","","","","","","","","","","","","","","","ioctlsocket","","Ord(16)","","?setDSPBufferSize@System@FMOD@@QAG?AW4FMOD_RESULT@@IH@Z","","?PxDiagonalize@physx@@YA?AVPxVec3@1@ABVPxMat33@1@AAVPxQuat@1@@Z","CertSetCertificateContextProperty","?getState@Event@FMOD@@QAG?AW4FMOD_RESULT@@PAI@Z","","ReleaseMutex","PxRegisterHeightFields","GetDeviceCaps","ts3client_spawnNewServerConnectionHandler","IcmpCreateFile","CryptSetHashParam","","D3DXMatrixPerspectiveFovLH","D3DPERF_EndEvent","","GetUserObjectInformationW"
"fmodex.dll","","","","","","","","","","","","","","","","","","","","","","","WSAStartup","","Ord(7)","","?setFileSystem@System@FMOD@@QAG?AW4FMOD_RESULT@@P6G?AW43@PBDHPAIPAPAX2@ZP6G?AW43@PAX4@ZP6G?AW43@44I14@ZP6G?AW43@4I4@ZP6G?AW43@PAUFMOD_ASYNCREADINFO@@4@Z5H@Z","","?getSize@SListImpl@shdfnd@physx@@SAABIXZ","CertFreeCertificateContext","?unloadFSB@EventSystem@FMOD@@QAG?AW4FMOD_RESULT@@PBDH@Z","","FileTimeToSystemTime","??0PxTolerancesScaleGeneratedInfo@physx@@QAE@XZ","CreateDCA","ts3client_setPlaybackConfigValue","","RegCreateKeyExA","","D3DXGetShaderConstantTable","","","UpdateWindow"
"WINMM.dll","","","","","","","","","","","","","","","","","","","","","","","connect","","Ord(9)","","?release@Sound@FMOD@@QAG?AW4FMOD_RESULT@@XZ","","?getTriangle@PxMeshQuery@physx@@SAXABVPxHeightFieldGeometry@2@ABVPxTransform@2@IAAVPxTriangle@2@PAI3@Z","CryptMsgUpdate","?set3DAttributes@Event@FMOD@@QAG?AW4FMOD_RESULT@@PBUFMOD_VECTOR@@00@Z","","GetComputerNameA","??0PxHeightFieldDescGeneratedInfo@physx@@QAE@XZ","LineTo","ts3client_flushClientSelfUpdates","","CryptCreateHash","","D3DXMatrixRotationAxis","","","BeginPaint"
"PhysX3Common_x86.dll","","","","","","","","","","","","","","","","","","","","","","","shutdown","","","","?setSpeakerMode@System@FMOD@@QAG?AW4FMOD_RESULT@@W4FMOD_SPEAKERMODE@@@Z","","?raycast_box@Gu@physx@@YAIABVPxGeometry@2@ABVPxTransform@2@ABVPxVec3@2@2MV?PxFlags@W4Enum@PxSceneQueryFlag@physx@@I@2@IPIAUPxRaycastHit@2@_NP6A_NAAU72@PAX@Z7@Z","CertCloseStore","FMOD_EventSystem_Create","","GetFileAttributesA","??0PxConvexMeshGeometryGeneratedInfo@physx@@QAE@XZ","DeleteDC","ts3client_getDefaultCaptureMode","","DeregisterEventSource","","D3DXCompileShader","","","DefWindowProcA"
"CRYPT32.dll","","","","","","","","","","","","","","","","","","","","","","","htons","","","","?getDriverInfo@System@FMOD@@QAG?AW4FMOD_RESULT@@HPADHPAUFMOD_GUID@@@Z","","??0SListImpl@shdfnd@physx@@QAE@XZ","CertOpenStore","?getInfo@Event@FMOD@@QAG?AW4FMOD_RESULT@@PAHPAPADPAUFMOD_EVENT_INFO@@@Z","","WaitForSingleObject","??0PxMeshScaleGeneratedInfo@physx@@QAE@XZ","BitBlt","ts3client_requestMuteClients","","CryptGetProvParam","","D3DXSaveSurfaceToFileInMemory","","","GetMonitorInfoA"
"fmod_event.dll","","","","","","","","","","","","","","","","","","","","","","","inet_ntoa","","","","?getDriverCaps@System@FMOD@@QAG?AW4FMOD_RESULT@@HPAIPAHPAW4FMOD_SPEAKERMODE@@@Z","","?set@Sync@shdfnd@physx@@QAEXXZ","CryptMsgControl","?update@EventSystem@FMOD@@QAG?AW4FMOD_RESULT@@XZ","","GetDriveTypeA","?getGeometry@PxShapeGeometryPropertyHelper@physx@@QBE_NPBVPxShape@2@AAVPxHeightFieldGeometry@2@@Z","CreateDIBSection","ts3client_getClientVariableAsString","","RegisterEventSourceA","","D3DXGetImageInfoFromFileInMemory","","","ClipCursor"
"SHELL32.dll","","","","","","","","","","","","","","","","","","","","","","","select","","","","?setReverbAmbientProperties@System@FMOD@@QAG?AW4FMOD_RESULT@@PAUFMOD_REVERB_PROPERTIES@@@Z","","??0?PxFlags@W4Enum@PxSerialFlag@physx@@G@physx@@QAE@XZ","CertNameToStrW","?getReverbPreset@EventSystem@FMOD@@QAG?AW4FMOD_RESULT@@PBDPAUFMOD_REVERB_PROPERTIES@@PAH@Z","","FindNextFileA","?getGeometry@PxShapeGeometryPropertyHelper@physx@@QBE_NPBVPxShape@2@AAVPxSphereGeometry@2@@Z","SetTextColor","ts3client_getDefaultCaptureDevice","","RegOpenKeyExA","","D3DXMatrixDecompose","","","GetMessageW"
"KERNEL32.dll","","","","","","","","","","","","","","","","","","","","","","","gethostname","","","","?getNumDrivers@System@FMOD@@QAG?AW4FMOD_RESULT@@PAH@Z","","?quit@Thread@shdfnd@physx@@QAEXXZ","CryptDecryptMessage","?getPropertyByIndex@Event@FMOD@@QAG?AW4FMOD_RESULT@@HPAX_N@Z","","GetFileAttributesW","PxCreateBasePhysics","MoveToEx","ts3client_getPlaybackDeviceList","","CryptReleaseContext","","D3DXMatrixOrthoOffCenterLH","","","SetClipboardViewer"
"PhysX3_x86.dll","","","","","","","","","","","","","","","","","","","","","","","getsockopt","","","","?getVersion@System@FMOD@@QAG?AW4FMOD_RESULT@@PAI@Z","","?getSize@MutexImpl@shdfnd@physx@@SAABIXZ","CertDuplicateCertificateContext","?start@Event@FMOD@@QAG?AW4FMOD_RESULT@@XZ","","lstrcmpW","??0PxHeightFieldGeometryGeneratedInfo@physx@@QAE@XZ","CreateFontA","ts3client_stopConnection","","CryptAcquireContextA","","D3DXCreateVolumeTextureFromFileInMemoryEx","","","ShowWindow"
"GDI32.dll","","","","","","","","","","","","","","","","","","","","","","","recv","","","","?setOutput@System@FMOD@@QAG?AW4FMOD_RESULT@@W4FMOD_OUTPUTTYPE@@@Z","","??1SIMDGuard@shdfnd@physx@@QAE@XZ","CryptMsgOpenToDecode","?getEvent@EventSystem@FMOD@@QAG?AW4FMOD_RESULT@@PBDIPAPAVEvent@2@@Z","","GetLocalTime","?getGeometry@PxShapeGeometryPropertyHelper@physx@@QBE_NPBVPxShape@2@AAVPxTriangleMeshGeometry@2@@Z","GetStockObject","ts3client_getDefaultPlaybackDevice","","CryptGenRandom","","D3DXVec2Normalize","","","GetClipboardData"
"ts3client_win32.dll","","","","","","","","","","","","","","","","","","","","","","","ntohl","","","","","","?quitIsSignalled@Thread@shdfnd@physx@@QAE_NXZ","CryptMsgGetParam","?init@EventSystem@FMOD@@QAG?AW4FMOD_RESULT@@HIPAXI@Z","","FreeEnvironmentStringsA","??0PxClothGeneratedInfo@physx@@QAE@XZ","ExtTextOutA","ts3client_destroyServerConnectionHandler","","CryptAcquireContextW","","D3DXQuaternionRotationYawPitchRoll","","","GetSystemMetrics"
"IPHLPAPI.DLL","","","","","","","","","","","","","","","","","","","","","","","inet_addr","","","","","","??I?PxFlags@W4Enum@PxSerialFlag@physx@@G@physx@@QBE?AV01@W4Enum@PxSerialFlag@1@@Z","CryptEncodeObject","?getParentGroup@Event@FMOD@@QAG?AW4FMOD_RESULT@@PAPAVEventGroup@2@@Z","","DeleteCriticalSection","??0PxClothFabricGeneratedInfo@physx@@QAE@XZ","GetDIBits","ts3client_systemset3DListenerAttributes","","GetUserNameA","","D3DXMatrixRotationY","","","SetWindowLongA"
"ADVAPI32.dll","","","","","","","","","","","","","","","","","","","","","","","send","","","","","","??0FPUGuard@shdfnd@physx@@QAE@XZ","CryptEncryptMessage","?getParameter@Event@FMOD@@QAG?AW4FMOD_RESULT@@PBDPAPAVEventParameter@2@@Z","","GetCurrentProcess","??0PxPlaneGeometryGeneratedInfo@physx@@QAE@XZ","SetTextAlign","ts3client_getClientID","","CryptDecrypt","","D3DXMatrixRotationX","","","GetWindowRect"
"PhysX3Cooking_x86.dll","","","","","","","","","","","","","","","","","","","","","","","ntohs","","","","","","??6RenderOutput@Cm@physx@@QAEAAV012@I@Z","CertGetSubjectCertificateFromStore","?setPaused@Event@FMOD@@QAG?AW4FMOD_RESULT@@_N@Z","","GetConsoleMode","??0PxRigidStaticGeneratedInfo@physx@@QAE@XZ","CreateCompatibleDC","ts3client_closeCaptureDevice","","SetSecurityInfo","","D3DXMatrixRotationZ","","","DispatchMessageA"
"d3dx9_43.dll","","","","","","","","","","","","","","","","","","","","","","","WSAGetLastError","","","","","","??0Sync@shdfnd@physx@@QAE@XZ","CryptMsgClose","?createReverb@EventSystem@FMOD@@QAG?AW4FMOD_RESULT@@PAPAVEventReverb@2@@Z","","GetLocaleInfoA","?getGeometry@PxShapeGeometryPropertyHelper@physx@@QBE_NPBVPxShape@2@AAVPxBoxGeometry@2@@Z","ExtEscape","ts3client_requestUnmuteClients","","CryptDestroyHash","","D3DXVec3Project","","","ScreenToClient"
"d3d9.dll","","","","","","","","","","","","","","","","","","","","","","","listen","","","","","","?getTriangle@PxMeshQuery@physx@@SAXABVPxTriangleMeshGeometry@2@ABVPxTransform@2@IAAVPxTriangle@2@PAI3@Z","CertFindCertificateInStore","?stop@Event@FMOD@@QAG?AW4FMOD_RESULT@@_N@Z","","LocalAlloc","?getGeometry@PxShapeGeometryPropertyHelper@physx@@QBE_NPBVPxShape@2@AAVPxPlaneGeometry@2@@Z","SelectObject","ts3client_startConnection","","CryptGetUserKey","","D3DXSaveTextureToFileA","","","MoveWindow"
"DINPUT8.dll","","","","","","","","","","","","","","","","","","","","","","","__WSAFDIsSet","","","","","","?raycast_capsule@Gu@physx@@YAIABVPxGeometry@2@ABVPxTransform@2@ABVPxVec3@2@2MV?PxFlags@W4Enum@PxSceneQueryFlag@physx@@I@2@IPIAUPxRaycastHit@2@_NP6A_NAAU72@PAX@Z7@Z","CryptDecodeObject","?release@EventSystem@FMOD@@QAG?AW4FMOD_RESULT@@XZ","","FreeEnvironmentStringsW","?getGeometry@PxShapeGeometryPropertyHelper@physx@@QBE_NPBVPxShape@2@AAVPxConvexMeshGeometry@2@@Z","GetTextExtentPoint32A","ts3client_closePlaybackDevice","","CryptExportKey","","D3DXMatrixTranslation","","","MessageBoxA"
"USER32.dll","","","","","","","","","","","","","","","","","","","","","","","WSACleanup","","","","","","?signalQuit@Thread@shdfnd@physx@@QAEXXZ","","?load@EventSystem@FMOD@@QAG?AW4FMOD_RESULT@@PBDPAUFMOD_EVENT_LOADINFO@@PAPAVEventProject@2@@Z","","Module32First","PxRegisterArticulations","SetBkColor","ts3client_getErrorMessage","","RegSetValueExA","","D3DXCreateTextureFromFileInMemoryEx","","","GetWindowDC"
"","","","","","","","","","","","","","","","","","","","","","","","gethostbyname","","","","","","??1FPUGuard@shdfnd@physx@@QAE@XZ","","?release@Event@FMOD@@QAG?AW4FMOD_RESULT@@_N0@Z","","SetErrorMode","??0PxSphereGeometryGeneratedInfo@physx@@QAE@XZ","DeleteObject","ts3client_openCaptureDevice","","CryptEnumProvidersA","","D3DXVec3TransformNormal","","","SetWindowPos"
"","","","","","","","","","","","","","","","","","","","","","","","getnameinfo","","","","","","?distanceSegmentBoxSquared@Gu@physx@@YAMABVPxVec3@2@000ABVPxMat33@2@PAMPAV32@@Z","","?setPropertyByIndex@Event@FMOD@@QAG?AW4FMOD_RESULT@@HPAX_N@Z","","GetFileInformationByHandle","??0PxParticleSystemGeneratedInfo@physx@@QAE@XZ","CreateCompatibleBitmap","ts3client_channelset3DAttributes","","RegDeleteValueA","","D3DXQuaternionSlerp","","","TranslateMessage"
"","","","","","","","","","","","","","","","","","","","","","","","closesocket","","","","","","PxGetFoundation","","?setMediaPath@EventSystem@FMOD@@QAG?AW4FMOD_RESULT@@PBD@Z","","GetFullPathNameA","?createShape@PxRigidActorShapeCollectionHelper@physx@@QBEPAVPxShape@2@PAVPxRigidActor@2@ABVPxGeometry@2@PBQAVPxMaterial@2@IABVPxTransform@2@@Z","","ts3client_freeMemory","","ReportEventA","","D3DXQuaternionRotationMatrix","","","PostQuitMessage"
"","","","","","","","","","","","","","","","","","","","","","","","setsockopt","","","","","","?deallocate@TempAllocator@shdfnd@physx@@QAEXPAX@Z","","?setValue@EventParameter@FMOD@@QAG?AW4FMOD_RESULT@@M@Z","","GetFileTime","??0PxCapsuleGeometryGeneratedInfo@physx@@QAE@XZ","","ts3client_getCaptureDeviceList","","CryptSignHashA","","D3DXCreateBox","","","GetProcessWindowStation"
"","","","","","","","","","","","","","","","","","","","","","","","socket","","","","","","??0Box@Gu@physx@@QAE@XZ","","?getSystemObject@EventSystem@FMOD@@QAG?AW4FMOD_RESULT@@PAPAVSystem@2@@Z","","GetTempPathA","??0PxTriangleMeshGeometryGeneratedInfo@physx@@QAE@XZ","","ts3client_openPlaybackDevice","","","","D3DXPlaneFromPointNormal","","","GetKeyState"
"","","","","","","","","","","","","","","","","","","","","","","","bind","","","","","","?addToStringTable@Cm@physx@@YAIAAV?Array@DV?ReflectionAllocator@D@shdfnd@physx@@@shdfnd@2@PBD@Z","","?set3DListenerAttributes@EventSystem@FMOD@@QAG?AW4FMOD_RESULT@@HPBUFMOD_VECTOR@@000@Z","","CheckRemoteDebuggerPresent","??0PxRigidDynamicGeneratedInfo@physx@@QAE@XZ","","ts3client_destroyClientLib","","","","D3DXVec3TransformCoord","","","GetCursorPos"
"","","","","","","","","","","","","","","","","","","","","","","","recvfrom","","","","","","?setAffinityMask@Thread@shdfnd@physx@@UAEII@Z","","?get3DListenerAttributes@EventSystem@FMOD@@QAG?AW4FMOD_RESULT@@HPAUFMOD_VECTOR@@000@Z","","WideCharToMultiByte","??0PxMaterialGeneratedInfo@physx@@QAE@XZ","","ts3client_initClientLib","","","","D3DXCreateFontA","","","ReleaseDC"
"","","","","","","","","","","","","","","","","","","","","","","","sendto","","","","","","?deallocate@Allocator@shdfnd@physx@@QAEXPAX@Z","","?getCategory@EventSystem@FMOD@@QAG?AW4FMOD_RESULT@@PBDPAPAVEventCategory@2@@Z","","GetStringTypeA","??0PxShapeGeneratedInfo@physx@@QAE@XZ","","ts3client_getDefaultPlayBackMode","","","","D3DXPlaneIntersectLine","","","SetWindowTextA"
"","","","","","","","","","","","","","","","","","","","","","","","","","","","","","?push@SListImpl@shdfnd@physx@@QAEXPAVSListEntry@23@@Z","","","","InterlockedExchange","PxGetSDKMetaData","","","","","","D3DXLoadSurfaceFromSurface","","","SetClipboardData"
"","","","","","","","","","","","","","","","","","","","","","","","","","","","","","?sweep@GeometryQuery@Gu@physx@@SA_NABVPxVec3@3@MABVPxGeometry@3@ABVPxTransform@3@IPBVPxTriangle@3@AAUPxSweepHit@3@V?PxFlags@W4Enum@PxSceneQueryFlag@physx@@I@3@PBIM@Z","","","","GetTempPathW","??0PxArticulationGeneratedInfo@physx@@QAE@XZ","","","","","","D3DXMatrixMultiply","","","wsprintfW"
"","","","","","","","","","","","","","","","","","","","","","","","","","","","","","??1Sync@shdfnd@physx@@QAE@XZ","","","","GetSystemTimeAsFileTime","??0PxAggregateGeneratedInfo@physx@@QAE@XZ","","","","","","D3DXQuaternionMultiply","","","SendMessageA"
"","","","","","","","","","","","","","","","","","","","","","","","","","","","","","PxCreateFoundation","","","","SetThreadAffinityMask","?getGeometry@PxShapeGeometryPropertyHelper@physx@@QBE_NPBVPxShape@2@AAVPxCapsuleGeometry@2@@Z","","","","","","D3DXMatrixScaling","","","GetClientRect"
"","","","","","","","","","","","","","","","","","","","","","","","","","","","","","?intersectTriangleBox@Gu@physx@@YAHABVPxVec3@2@0000@Z","","","","GlobalMemoryStatusEx","??0PxBoxGeometryGeneratedInfo@physx@@QAE@XZ","","","","","","D3DXMatrixLookAtLH","","","SetCursorPos"
"","","","","","","","","","","","","","","","","","","","","","","","","","","","","","?setName@Thread@shdfnd@physx@@QAEXPBD@Z","","","","GetDiskFreeSpaceA","","","","","","","D3DXVec3Transform","","","ClientToScreen"
"","","","","","","","","","","","","","","","","","","","","","","","","","","","","","?findOverlapHeightField@PxMeshQuery@physx@@SAIABVPxGeometry@2@ABVPxTransform@2@ABVPxHeightFieldGeometry@2@1PAIIIAA_N@Z","","","","GetStringTypeW","","","","","","","D3DXMatrixPerspectiveOffCenterLH","","","SetRect"
"","","","","","","","","","","","","","","","","","","","","","","","","","","","","","?decRefCount@Foundation@shdfnd@physx@@SAXXZ","","","","SetFileAttributesA","","","","","","","D3DXPlaneFromPoints","","","InvalidateRect"
"","","","","","","","","","","","","","","","","","","","","","","","","","","","","","??_4?PxFlags@W4Enum@PxSerialFlag@physx@@G@physx@@QAEAAV01@ABV01@@Z","","","","SetEvent","","","","","","","D3DXSaveTextureToFileInMemory","","","GetWindowLongA"
"","","","","","","","","","","","","","","","","","","","","","","","","","","","","","?unlock@MutexImpl@shdfnd@physx@@QAE_NXZ","","","","LocalFree","","","","","","","D3DXMatrixRotationYawPitchRoll","","","IsClipboardFormatAvailable"
"","","","","","","","","","","","","","","","","","","","","","","","","","","","","","?getId@Thread@shdfnd@physx@@SAIXZ","","","","MoveFileA","","","","","","","D3DXMatrixTranspose","","","CreateWindowExA"
"","","","","","","","","","","","","","","","","","","","","","","","","","","","","","?waitForQuit@Thread@shdfnd@physx@@QAE_NXZ","","","","InitializeCriticalSection","","","","","","","D3DXPlaneTransform","","","LoadCursorA"
"","","","","","","","","","","","","","","","","","","","","","","","","","","","","","??1Box@Gu@physx@@QAE@XZ","","","","FindClose","","","","","","","D3DXSaveSurfaceToFileA","","","LoadIconA"
"","","","","","","","","","","","","","","","","","","","","","","","","","","","","","??0SIMDGuard@shdfnd@physx@@QAE@XZ","","","","InterlockedDecrement","","","","","","","D3DXGetDeclVertexSize","","","GetActiveWindow"
"","","","","","","","","","","","","","","","","","","","","","","","","","","","","","??0?PxFlags@W4Enum@PxSerialFlag@physx@@G@physx@@QAE@ABV01@@Z","","","","MoveFileW","","","","","","","D3DXCreateCubeTextureFromFileInMemoryEx","","","ChangeClipboardChain"
"","","","","","","","","","","","","","","","","","","","","","","","","","","","","","?sweep@PxGeometryQuery@physx@@SA_NABVPxVec3@2@MABVPxGeometry@2@ABVPxTransform@2@12AAUPxSweepHit@2@V?PxFlags@W4Enum@PxSceneQueryFlag@physx@@I@2@M@Z","","","","SetFileAttributesW","","","","","","","D3DXMatrixMultiplyTranspose","","","RegisterClassA"
"","","","","","","","","","","","","","","","","","","","","","","","","","","","","","??B?PxFlags@W4Enum@PxSerialFlag@physx@@G@physx@@QBE_NXZ","","","","OutputDebugStringA","","","","","","","D3DXQuaternionInverse","","","AdjustWindowRect"
"","","","","","","","","","","","","","","","","","","","","","","","","","","","","","??0?PxFlags@W4Enum@PxSerialFlag@physx@@G@physx@@QAE@W4Enum@PxSerialFlag@1@@Z","","","","SetLastError","","","","","","","D3DXVec4Transform","","","GetDesktopWindow"
"","","","","","","","","","","","","","","","","","","","","","","","","","","","","","?getDefaultStackSize@Thread@shdfnd@physx@@SAIXZ","","","","GetSystemTime","","","","","","","D3DXVec3Normalize","","","PeekMessageW"
"","","","","","","","","","","","","","","","","","","","","","","","","","","","","","??1Thread@shdfnd@physx@@UAE@XZ","","","","ReadConsoleInputA","","","","","","","D3DXQuaternionNormalize","","","EndPaint"
"","","","","","","","","","","","","","","","","","","","","","","","","","","","","","?incRefCount@Foundation@shdfnd@physx@@SAXXZ","","","","GetModuleFileNameW","","","","","","","","","","CloseClipboard"
"","","","","","","","","","","","","","","","","","","","","","","","","","","","","","??0Thread@shdfnd@physx@@QAE@XZ","","","","TryEnterCriticalSection","","","","","","","","","","GetWindowInfo"
"","","","","","","","","","","","","","","","","","","","","","","","","","","","","","?lock@MutexImpl@shdfnd@physx@@QAE_NXZ","","","","IsDebuggerPresent","","","","","","","","","","OpenClipboard"
"","","","","","","","","","","","","","","","","","","","","","","","","","","","","","?findOverlapTriangleMesh@PxMeshQuery@physx@@SAIABVPxGeometry@2@ABVPxTransform@2@ABVPxTriangleMeshGeometry@2@1PAIIIAA_N@Z","","","","HeapAlloc","","","","","","","","","",""
"","","","","","","","","","","","","","","","","","","","","","","","","","","","","","??S?PxFlags@W4Enum@PxSerialFlag@physx@@G@physx@@QBE?AV01@XZ","","","","GetVersionExA","","","","","","","","","",""
"","","","","","","","","","","","","","","","","","","","","","","","","","","","","","?error@Foundation@shdfnd@physx@@QAAXW4Enum@PxErrorCode@3@PBDH1ZZ","","","","GetModuleFileNameA","","","","","","","","","",""
"","","","","","","","","","","","","","","","","","","","","","","","","","","","","","?wait@Sync@shdfnd@physx@@QAE_NI@Z","","","","QueryPerformanceFrequency","","","","","","","","","",""
"","","","","","","","","","","","","","","","","","","","","","","","","","","","","","??1MutexImpl@shdfnd@physx@@QAE@XZ","","","","SetThreadPriority","","","","","","","","","",""
"","","","","","","","","","","","","","","","","","","","","","","","","","","","","","?CompleteBoxPruning@Gu@physx@@YA_NPBVPxBounds3@2@IAAV?Array@IV?ReflectionAllocator@I@shdfnd@physx@@@shdfnd@2@ABVAxes@12@@Z","","","","UnhandledExceptionFilter","","","","","","","","","",""
"","","","","","","","","","","","","","","","","","","","","","","","","","","","","","??6RenderOutput@Cm@physx@@QAEAAV012@ABVPxTransform@2@@Z","","","","TlsGetValue","","","","","","","","","",""
"","","","","","","","","","","","","","","","","","","","","","","","","","","","","","?PxTransformFromSegment@physx@@YA?AVPxTransform@1@ABVPxVec3@1@0PAM@Z","","","","MultiByteToWideChar","","","","","","","","","",""
"","","","","","","","","","","","","","","","","","","","","","","","","","","","","","??0RenderOutput@Cm@physx@@QAE@AAVRenderBuffer@12@@Z","","","","VerifyVersionInfoW","","","","","","","","","",""
"","","","","","","","","","","","","","","","","","","","","","","","","","","","","","?distanceSegmentSegmentSquaredOLD@Gu@physx@@YAMABVPxVec3@2@000PAM1@Z","","","","FormatMessageA","","","","","","","","","",""
"","","","","","","","","","","","","","","","","","","","","","","","","","","","","","?allocate@TempAllocator@shdfnd@physx@@QAEPAXIPBDH@Z","","","","CreateMutexA","","","","","","","","","",""
"","","","","","","","","","","","","","","","","","","","","","","","","","","","","","?allocate@Allocator@shdfnd@physx@@QAEPAXIPBDH@Z","","","","SetFilePointer","","","","","","","","","",""
"","","","","","","","","","","","","","","","","","","","","","","","","","","","","","?getInstance@Foundation@shdfnd@physx@@SAAAV123@XZ","","","","GetFullPathNameW","","","","","","","","","",""
"","","","","","","","","","","","","","","","","","","","","","","","","","","","","","?intersectOBBOBB@Gu@physx@@YA_NABVPxVec3@2@0ABVPxMat33@2@001_N@Z","","","","InterlockedExchangeAdd","","","","","","","","","",""
"","","","","","","","","","","","","","","","","","","","","","","","","","","","","","?start@Thread@shdfnd@physx@@QAEXI@Z","","","","CreateSemaphoreA","","","","","","","","","",""
"","","","","","","","","","","","","","","","","","","","","","","","","","","","","","??6Cm@physx@@YAAAVRenderOutput@01@AAV201@ABUDebugBox@01@@Z","","","","CreateThread","","","","","","","","","",""
"","","","","","","","","","","","","","","","","","","","","","","","","","","","","","??0MutexImpl@shdfnd@physx@@QAE@XZ","","","","GetSystemDirectoryW","","","","","","","","","",""
"","","","","","","","","","","","","","","","","","","","","","","","","","","","","","?pop@SListImpl@shdfnd@physx@@QAEPAVSListEntry@23@XZ","","","","Module32Next","","","","","","","","","",""
"","","","","","","","","","","","","","","","","","","","","","","","","","","","","","?getAllocator@shdfnd@physx@@YAAAVPxAllocatorCallback@2@XZ","","","","SetUnhandledExceptionFilter","","","","","","","","","",""
"","","","","","","","","","","","","","","","","","","","","","","","","","","","","","??1SListImpl@shdfnd@physx@@QAE@XZ","","","","MulDiv","","","","","","","","","",""
"","","","","","","","","","","","","","","","","","","","","","","","","","","","","","","","","","ExitThread","","","","","","","","","",""
"","","","","","","","","","","","","","","","","","","","","","","","","","","","","","","","","","SetEnvironmentVariableA","","","","","","","","","",""
"","","","","","","","","","","","","","","","","","","","","","","","","","","","","","","","","","TerminateProcess","","","","","","","","","",""
"","","","","","","","","","","","","","","","","","","","","","","","","","","","","","","","","","WriteConsoleA","","","","","","","","","",""
"","","","","","","","","","","","","","","","","","","","","","","","","","","","","","","","","","GetVersion","","","","","","","","","",""
"","","","","","","","","","","","","","","","","","","","","","","","","","","","","","","","","","GlobalAlloc","","","","","","","","","",""
"","","","","","","","","","","","","","","","","","","","","","","","","","","","","","","","","","SetEndOfFile","","","","","","","","","",""
"","","","","","","","","","","","","","","","","","","","","","","","","","","","","","","","","","GetCurrentThreadId","","","","","","","","","",""
"","","","","","","","","","","","","","","","","","","","","","","","","","","","","","","","","","GetProcAddress","","","","","","","","","",""
"","","","","","","","","","","","","","","","","","","","","","","","","","","","","","","","","","WriteConsoleW","","","","","","","","","",""
"","","","","","","","","","","","","","","","","","","","","","","","","","","","","","","","","","CreateToolhelp32Snapshot","","","","","","","","","",""
"","","","","","","","","","","","","","","","","","","","","","","","","","","","","","","","","","InitializeCriticalSectionAndSpinCount","","","","","","","","","",""
"","","","","","","","","","","","","","","","","","","","","","","","","","","","","","","","","","HeapFree","","","","","","","","","",""
"","","","","","","","","","","","","","","","","","","","","","","","","","","","","","","","","","EnterCriticalSection","","","","","","","","","",""
"","","","","","","","","","","","","","","","","","","","","","","","","","","","","","","","","","PeekNamedPipe","","","","","","","","","",""
"","","","","","","","","","","","","","","","","","","","","","","","","","","","","","","","","","SetHandleCount","","","","","","","","","",""
"","","","","","","","","","","","","","","","","","","","","","","","","","","","","","","","","","TerminateThread","","","","","","","","","",""
"","","","","","","","","","","","","","","","","","","","","","","","","","","","","","","","","","LoadLibraryW","","","","","","","","","",""
"","","","","","","","","","","","","","","","","","","","","","","","","","","","","","","","","","SetConsoleMode","","","","","","","","","",""
"","","","","","","","","","","","","","","","","","","","","","","","","","","","","","","","","","GetOEMCP","","","","","","","","","",""
"","","","","","","","","","","","","","","","","","","","","","","","","","","","","","","","","","QueryPerformanceCounter","","","","","","","","","",""
"","","","","","","","","","","","","","","","","","","","","","","","","","","","","","","","","","GetTickCount","","","","","","","","","",""
"","","","","","","","","","","","","","","","","","","","","","","","","","","","","","","","","","TlsAlloc","","","","","","","","","",""
"","","","","","","","","","","","","","","","","","","","","","","","","","","","","","","","","","VirtualProtect","","","","","","","","","",""
"","","","","","","","","","","","","","","","","","","","","","","","","","","","","","","","","","FlushFileBuffers","","","","","","","","","",""
"","","","","","","","","","","","","","","","","","","","","","","","","","","","","","","","","","LoadLibraryA","","","","","","","","","",""
"","","","","","","","","","","","","","","","","","","","","","","","","","","","","","","","","","RtlUnwind","","","","","","","","","",""
"","","","","","","","","","","","","","","","","","","","","","","","","","","","","","","","","","FreeLibrary","","","","","","","","","",""
"","","","","","","","","","","","","","","","","","","","","","","","","","","","","","","","","","GetStartupInfoA","","","","","","","","","",""
"","","","","","","","","","","","","","","","","","","","","","","","","","","","","","","","","","FlushConsoleInputBuffer","","","","","","","","","",""
"","","","","","","","","","","","","","","","","","","","","","","","","","","","","","","","","","GetFileSize","","","","","","","","","",""
"","","","","","","","","","","","","","","","","","","","","","","","","","","","","","","","","","LCMapStringW","","","","","","","","","",""
"","","","","","","","","","","","","","","","","","","","","","","","","","","","","","","","","","CreateDirectoryA","","","","","","","","","",""
"","","","","","","","","","","","","","","","","","","","","","","","","","","","","","","","","","DeleteFileA","","","","","","","","","",""
"","","","","","","","","","","","","","","","","","","","","","","","","","","","","","","","","","CreateDirectoryW","","","","","","","","","",""
"","","","","","","","","","","","","","","","","","","","","","","","","","","","","","","","","","DeleteFileW","","","","","","","","","",""
"","","","","","","","","","","","","","","","","","","","","","","","","","","","","","","","","","GlobalLock","","","","","","","","","",""
"","","","","","","","","","","","","","","","","","","","","","","","","","","","","","","","","","GetProcessHeap","","","","","","","","","",""
"","","","","","","","","","","","","","","","","","","","","","","","","","","","","","","","","","CompareStringW","","","","","","","","","",""
"","","","","","","","","","","","","","","","","","","","","","","","","","","","","","","","","","ExpandEnvironmentStringsW","","","","","","","","","",""
"","","","","","","","","","","","","","","","","","","","","","","","","","","","","","","","","","FindFirstFileA","","","","","","","","","",""
"","","","","","","","","","","","","","","","","","","","","","","","","","","","","","","","","","InterlockedIncrement","","","","","","","","","",""
"","","","","","","","","","","","","","","","","","","","","","","","","","","","","","","","","","ResetEvent","","","","","","","","","",""
"","","","","","","","","","","","","","","","","","","","","","","","","","","","","","","","","","CreateFileMappingA","","","","","","","","","",""
"","","","","","","","","","","","","","","","","","","","","","","","","","","","","","","","","","FindFirstFileW","","","","","","","","","",""
"","","","","","","","","","","","","","","","","","","","","","","","","","","","","","","","","","GlobalMemoryStatus","","","","","","","","","",""
"","","","","","","","","","","","","","","","","","","","","","","","","","","","","","","","","","DuplicateHandle","","","","","","","","","",""
"","","","","","","","","","","","","","","","","","","","","","","","","","","","","","","","","","WaitForMultipleObjects","","","","","","","","","",""
"","","","","","","","","","","","","","","","","","","","","","","","","","","","","","","","","","GetTimeZoneInformation","","","","","","","","","",""
"","","","","","","","","","","","","","","","","","","","","","","","","","","","","","","","","","CreateFileW","","","","","","","","","",""
"","","","","","","","","","","","","","","","","","","","","","","","","","","","","","","","","","CreateEventA","","","","","","","","","",""
"","","","","","","","","","","","","","","","","","","","","","","","","","","","","","","","","","GetFileType","","","","","","","","","",""
"","","","","","","","","","","","","","","","","","","","","","","","","","","","","","","","","","TlsSetValue","","","","","","","","","",""
"","","","","","","","","","","","","","","","","","","","","","","","","","","","","","","","","","CreateFileA","","","","","","","","","",""
"","","","","","","","","","","","","","","","","","","","","","","","","","","","","","","","","","ExitProcess","","","","","","","","","",""
"","","","","","","","","","","","","","","","","","","","","","","","","","","","","","","","","","LeaveCriticalSection","","","","","","","","","",""
"","","","","","","","","","","","","","","","","","","","","","","","","","","","","","","","","","GetLastError","","","","","","","","","",""
"","","","","","","","","","","","","","","","","","","","","","","","","","","","","","","","","","LoadLibraryExW","","","","","","","","","",""
"","","","","","","","","","","","","","","","","","","","","","","","","","","","","","","","","","SystemTimeToFileTime","","","","","","","","","",""
"","","","","","","","","","","","","","","","","","","","","","","","","","","","","","","","","","SetStdHandle","","","","","","","","","",""
"","","","","","","","","","","","","","","","","","","","","","","","","","","","","","","","","","HeapCreate","","","","","","","","","",""
"","","","","","","","","","","","","","","","","","","","","","","","","","","","","","","","","","GetSystemInfo","","","","","","","","","",""
"","","","","","","","","","","","","","","","","","","","","","","","","","","","","","","","","","GetConsoleCP","","","","","","","","","",""
"","","","","","","","","","","","","","","","","","","","","","","","","","","","","","","","","","LCMapStringA","","","","","","","","","",""
"","","","","","","","","","","","","","","","","","","","","","","","","","","","","","","","","","HeapReAlloc","","","","","","","","","",""
"","","","","","","","","","","","","","","","","","","","","","","","","","","","","","","","","","GetEnvironmentStringsW","","","","","","","","","",""
"","","","","","","","","","","","","","","","","","","","","","","","","","","","","","","","","","GlobalUnlock","","","","","","","","","",""
"","","","","","","","","","","","","","","","","","","","","","","","","","","","","","","","","","WaitForSingleObjectEx","","","","","","","","","",""
"","","","","","","","","","","","","","","","","","","","","","","","","","","","","","","","","","GetCPInfo","","","","","","","","","",""
"","","","","","","","","","","","","","","","","","","","","","","","","","","","","","","","","","SwitchToThread","","","","","","","","","",""
"","","","","","","","","","","","","","","","","","","","","","","","","","","","","","","","","","GetEnvironmentStrings","","","","","","","","","",""
"","","","","","","","","","","","","","","","","","","","","","","","","","","","","","","","","","GetCurrentDirectoryW","","","","","","","","","",""
"","","","","","","","","","","","","","","","","","","","","","","","","","","","","","","","","","GetCurrentProcessId","","","","","","","","","",""
"","","","","","","","","","","","","","","","","","","","","","","","","","","","","","","","","","SetFileTime","","","","","","","","","",""
"","","","","","","","","","","","","","","","","","","","","","","","","","","","","","","","","","GetCurrentDirectoryA","","","","","","","","","",""
"","","","","","","","","","","","","","","","","","","","","","","","","","","","","","","","","","HeapSize","","","","","","","","","",""
"","","","","","","","","","","","","","","","","","","","","","","","","","","","","","","","","","GetCommandLineA","","","","","","","","","",""
"","","","","","","","","","","","","","","","","","","","","","","","","","","","","","","","","","VerSetConditionMask","","","","","","","","","",""
"","","","","","","","","","","","","","","","","","","","","","","","","","","","","","","","","","InterlockedCompareExchange","","","","","","","","","",""
"","","","","","","","","","","","","","","","","","","","","","","","","","","","","","","","","","GetCurrentThread","","","","","","","","","",""
"","","","","","","","","","","","","","","","","","","","","","","","","","","","","","","","","","SuspendThread","","","","","","","","","",""
"","","","","","","","","","","","","","","","","","","","","","","","","","","","","","","","","","RaiseException","","","","","","","","","",""
"","","","","","","","","","","","","","","","","","","","","","","","","","","","","","","","","","ReleaseSemaphore","","","","","","","","","",""
"","","","","","","","","","","","","","","","","","","","","","","","","","","","","","","","","","MapViewOfFile","","","","","","","","","",""
"","","","","","","","","","","","","","","","","","","","","","","","","","","","","","","","","","TlsFree","","","","","","","","","",""
"","","","","","","","","","","","","","","","","","","","","","","","","","","","","","","","","","GetModuleHandleA","","","","","","","","","",""
"","","","","","","","","","","","","","","","","","","","","","","","","","","","","","","","","","ReadFile","","","","","","","","","",""
"","","","","","","","","","","","","","","","","","","","","","","","","","","","","","","","","","CloseHandle","","","","","","","","","",""
"","","","","","","","","","","","","","","","","","","","","","","","","","","","","","","","","","GetACP","","","","","","","","","",""
"","","","","","","","","","","","","","","","","","","","","","","","","","","","","","","","","","GetModuleHandleW","","","","","","","","","",""
"","","","","","","","","","","","","","","","","","","","","","","","","","","","","","","","","","FileTimeToLocalFileTime","","","","","","","","","",""
"","","","","","","","","","","","","","","","","","","","","","","","","","","","","","","","","","IsValidCodePage","","","","","","","","","",""
"","","","","","","","","","","","","","","","","","","","","","","","","","","","","","","","","","UnmapViewOfFile","","","","","","","","","",""
"","","","","","","","","","","","","","","","","","","","","","","","","","","","","","","","","","WriteFile","","","","","","","","","",""
"","","","","","","","","","","","","","","","","","","","","","","","","","","","","","","","","","VirtualQuery","","","","","","","","","",""
"","","","","","","","","","","","","","","","","","","","","","","","","","","","","","","","","","VirtualFree","","","","","","","","","",""
"","","","","","","","","","","","","","","","","","","","","","","","","","","","","","","","","","Sleep","","","","","","","","","",""
"","","","","","","","","","","","","","","","","","","","","","","","","","","","","","","","","","IsBadReadPtr","","","","","","","","","",""
"","","","","","","","","","","","","","","","","","","","","","","","","","","","","","","","","","SetConsoleCtrlHandler","","","","","","","","","",""
"","","","","","","","","","","","","","","","","","","","","","","","","","","","","","","","","","OpenEventA","","","","","","","","","",""
"","","","","","","","","","","","","","","","","","","","","","","","","","","","","","","","","","VirtualAlloc","","","","","","","","","",""
"","","","","","","","","","","","","","","","","","","","","","","","","","","","","","","","","","CompareStringA","","","","","","","","","",""
