"Imports","Runtime_DLL","Reg_Set","Reg_Set_Val","Reg_Set_Type","Reg_Del","Service_Opened","Service_Controlled","Service_Created","Service_Started","Proc_Terminated","Proc_Created","Proc_Injected","Proc_Shellcmds","File_Read","File_Opened","File_Written","File_Replaced","File_Moved_src","File_Moved_dst","File_Copied_src","File_Copied_dst","File_Deleted","COMDLG32.dll","COMCTL32.dll","GDI32.dll","ADVAPI32.dll","KERNEL32.dll","WINSPOOL.DRV","OLEAUT32.dll","SHELL32.dll","ole32.dll","SHLWAPI.dll","USER32.dll","oledlg.dll"
"COMDLG32.dll","user32.dll","","","","","","","","","","","","","","","","","","","","","","GetFileTitleW","InitCommonControlsEx","PolyPolyline","RegCreateKeyExW","GetStdHandle","ClosePrinter","VarUdateFromDate","DragQueryFileW","StgIsStorageILockBytes","PathFindFileNameW","RedrawWindow","OleUIEditLinksW"
"COMCTL32.dll","comctl32.dll","","","","","","","","","","","","","","","","","","","","","","","","GetCharABCWidthsW","RegDeleteValueW","GetConsoleOutputCP","OpenPrinterW","SysStringLen","DragFinish","OleLockRunning","PathRemoveFileSpecW","GetForegroundWindow","OleUIChangeIconW"
"GDI32.dll","c:\325c5aa819dbd1596464ec018b9efb5938dbc59ac6a94c459932ef07412bca02enu.dll","","","","","","","","","","","","","","","","","","","","","","","","GetTextMetricsW","RevertToSelf","FileTimeToSystemTime","DocumentPropertiesW","SysStringByteLen","DragAcceptFiles","OleIsRunning","PathIsUNCW","SetWindowRgn","OleUIConvertW"
"ADVAPI32.dll","c:\325c5aa819dbd1596464ec018b9efb5938dbc59ac6a94c459932ef07412bca02loc.dll","","","","","","","","","","","","","","","","","","","","","","","","SetMapMode","RegCloseKey","GetFileAttributesA","GetJobW","VarBstrFromDec","ShellExecuteW","OleCreateFromData","PathFindExtensionW","SetMenuItemBitmaps","OleUIInsertObjectW"
"KERNEL32.dll","","","","","","","","","","","","","","","","","","","","","","","","","GetWindowOrgEx","RegSetValueExW","WaitForSingleObject","","VarDecFromStr","SHGetFileInfoW","OleTranslateAccelerator","PathStripToRootW","SetMenuDefaultItem","OleUIBusyW"
"WINSPOOL.DRV","","","","","","","","","","","","","","","","","","","","","","","","","GetNearestColor","RegOpenKeyExW","HeapDestroy","","SafeArrayDestroyData","ExtractIconW","OleUninitialize","PathRemoveExtensionW","SetRectEmpty","OleUIPasteSpecialW"
"OLEAUT32.dll","","","","","","","","","","","","","","","","","","","","","","","","","ResizePalette","RegEnumKeyW","DebugBreak","","OleCreateFontIndirect","","OleDestroyMenuDescriptor","","EnableScrollBar","OleUIUpdateLinksW"
"SHELL32.dll","","","","","","","","","","","","","","","","","","","","","","","","","GetPaletteEntries","SetFileSecurityW","GetHandleInformation","","SysAllocString","","CoMarshalInterface","","DestroyMenu",""
"ole32.dll","","","","","","","","","","","","","","","","","","","","","","","","","CombineRgn","OpenThreadToken","GetFileAttributesW","","SafeArrayCreate","","DoDragDrop","","PostQuitMessage",""
"SHLWAPI.dll","","","","","","","","","","","","","","","","","","","","","","","","","PlayMetaFile","GetFileSecurityW","lstrcmpW","","SafeArrayAllocDescriptor","","StgOpenStorageOnILockBytes","","GetWindowContextHelpId",""
"USER32.dll","","","","","","","","","","","","","","","","","","","","","","","","","GetROP2","RegOpenKeyW","DeleteCriticalSection","","VariantCopy","","StgCreateDocfile","","DrawStateW",""
"oledlg.dll","","","","","","","","","","","","","","","","","","","","","","","","","GetClipRgn","RegDeleteKeyW","GetCurrentProcess","","SafeArrayGetElemsize","","OleDuplicateData","","SetWindowPos",""
"","","","","","","","","","","","","","","","","","","","","","","","","","GetViewportOrgEx","RegSetValueW","GetConsoleMode","","VariantInit","","OleCreateLinkToFile","","GetClipboardViewer",""
"","","","","","","","","","","","","","","","","","","","","","","","","","GetObjectType","SetThreadToken","GetLocaleInfoA","","SafeArrayAllocData","","StringFromGUID2","","SetScrollPos",""
"","","","","","","","","","","","","","","","","","","","","","","","","","CreateMetaFileW","RegCreateKeyW","LocalAlloc","","SafeArrayDestroyDescriptor","","ReadClassStg","","IsWindow",""
"","","","","","","","","","","","","","","","","","","","","","","","","","SetColorAdjustment","RegQueryValueExW","GetVolumeInformationW","","SafeArrayAccessData","","CreateStreamOnHGlobal","","GrayStringW",""
"","","","","","","","","","","","","","","","","","","","","","","","","","GetBoundsRect","RegQueryValueW","OpenFileMappingA","","SafeArrayGetLBound","","OleLoad","","DispatchMessageA",""
"","","","","","","","","","","","","","","","","","","","","","","","","","SetPixel","","SetErrorMode","","VarBstrFromDate","","CoReleaseMarshalData","","EndPaint",""
"","","","","","","","","","","","","","","","","","","","","","","","","","EndDoc","","FreeEnvironmentStringsW","","SafeArrayUnaccessData","","CreateItemMoniker","","ScrollWindowEx",""
"","","","","","","","","","","","","","","","","","","","","","","","","","DeleteObject","","GetAtomNameW","","SafeArrayDestroy","","StringFromCLSID","","OpenIcon",""
"","","","","","","","","","","","","","","","","","","","","","","","","","IntersectClipRect","","SetStdHandle","","SafeArrayUnlock","","IsAccelerator","","EndDialog",""
"","","","","","","","","","","","","","","","","","","","","","","","","","AngleArc","","GetFileTime","","SafeArrayGetUBound","","OleRegGetMiscStatus","","WindowFromPoint",""
"","","","","","","","","","","","","","","","","","","","","","","","","","CloseMetaFile","","GetCPInfo","","LoadTypeLib","","SetConvertStg","","DlgDirSelectComboBoxExW",""
"","","","","","","","","","","","","","","","","","","","","","","","","","GetFontLanguageInfo","","GetProcAddress","","SysFreeString","","OleCreateLinkFromData","","PeekMessageA",""
"","","","","","","","","","","","","","","","","","","","","","","","","","OffsetWindowOrgEx","","GetStringTypeA","","SysAllocStringByteLen","","GetHGlobalFromILockBytes","","GetMessageTime",""
"","","","","","","","","","","","","","","","","","","","","","","","","","GetMiterLimit","","GetDiskFreeSpaceW","","SafeArrayLock","","OleCreateFromFile","","ChildWindowFromPoint",""
"","","","","","","","","","","","","","","","","","","","","","","","","","CreateEllipticRgn","","InterlockedExchange","","LoadRegTypeLib","","CLSIDFromProgID","","SetMenuItemInfoW",""
"","","","","","","","","","","","","","","","","","","","","","","","","","GetTextFaceW","","FindResourceExW","","VariantChangeType","","OleSetContainedObject","","SetActiveWindow",""
"","","","","","","","","","","","","","","","","","","","","","","","","","CreatePalette","","FormatMessageW","","SafeArrayGetElement","","CLSIDFromString","","GetMenuItemID",""
"","","","","","","","","","","","","","","","","","","","","","","","","","EqualRgn","","GetSystemTimeAsFileTime","","SafeArrayPtrOfIndex","","CoRegisterMessageFilter","","GetAsyncKeyState",""
"","","","","","","","","","","","","","","","","","","","","","","","","","GetPolyFillMode","","HeapReAlloc","","VarBstrFromCy","","ReadFmtUserTypeStg","","ChildWindowFromPointEx",""
"","","","","","","","","","","","","","","","","","","","","","","","","","CreateEllipticRgnIndirect","","GetStringTypeW","","DosDateTimeToVariantTime","","OleGetClipboard","","GetDlgCtrlID",""
"","","","","","","","","","","","","","","","","","","","","","","","","","ExtCreateRegion","","GetThreadPriority","","VarCyFromStr","","StgCreateDocfileOnILockBytes","","SendMessageW",""
"","","","","","","","","","","","","","","","","","","","","","","","","","SetTextAlign","","SetEvent","","SafeArrayRedim","","OleCreate","","DlgDirSelectExW",""
"","","","","","","","","","","","","","","","","","","","","","","","","","GetDCOrgEx","","LocalFree","","VarDateFromUdate","","CreateOleAdviseHolder","","GetClassInfoW",""
"","","","","","","","","","","","","","","","","","","","","","","","","","StretchBlt","","GetProfileIntW","","SafeArrayCopy","","CreateILockBytesOnHGlobal","","GetMenuItemInfoW",""
"","","","","","","","","","","","","","","","","","","","","","","","","","StretchDIBits","","ResumeThread","","VariantTimeToSystemTime","","CoGetClassObject","","DefWindowProcW",""
"","","","","","","","","","","","","","","","","","","","","","","","","","GetKerningPairsW","","InitializeCriticalSection","","SystemTimeToVariantTime","","WriteFmtUserTypeStg","","DrawTextW",""
"","","","","","","","","","","","","","","","","","","","","","","","","","ScaleViewportExtEx","","OutputDebugStringW","","SysAllocStringLen","","CoRegisterClassObject","","GetNextDlgTabItem",""
"","","","","","","","","","","","","","","","","","","","","","","","","","ArcTo","","GetStringTypeExW","","RegisterTypeLib","","OleRegGetUserType","","InSendMessage",""
"","","","","","","","","","","","","","","","","","","","","","","","","","CloseFigure","","FindClose","","VariantClear","","OleInitialize","","CallNextHookEx",""
"","","","","","","","","","","","","","","","","","","","","","","","","","Pie","","TlsGetValue","","SysReAllocStringLen","","CoLockObjectExternal","","IsClipboardFormatAvailable",""
"","","","","","","","","","","","","","","","","","","","","","","","","","SetWindowExtEx","","MoveFileW","","VarDateFromStr","","OleCreateStaticFromData","","GetClientRect",""
"","","","","","","","","","","","","","","","","","","","","","","","","","Arc","","SetFileAttributesW","","SafeArrayGetDim","","GetClassFile","","GetTopWindow",""
"","","","","","","","","","","","","","","","","","","","","","","","","","SetBitmapDimensionEx","","OutputDebugStringA","","SafeArrayPutElement","","CoCreateInstance","","CopyAcceleratorTableW",""
"","","","","","","","","","","","","","","","","","","","","","","","","","WidenPath","","GetCurrentThread","","","","OleRegEnumVerbs","","GetUpdateRgn",""
"","","","","","","","","","","","","","","","","","","","","","","","","","ExtCreatePen","","SetLastError","","","","StgOpenStorage","","GetWindowTextW",""
"","","","","","","","","","","","","","","","","","","","","","","","","","GetFontData","","CopyFileW","","","","OleGetIconOfClass","","RegisterClipboardFormatW",""
"","","","","","","","","","","","","","","","","","","","","","","","","","ResetDCW","","LoadResource","","","","OleRun","","ExcludeUpdateRgn",""
"","","","","","","","","","","","","","","","","","","","","","","","","","GetBkColor","","GetModuleFileNameW","","","","OleQueryCreateFromData","","GetWindowTextLengthW",""
"","","","","","","","","","","","","","","","","","","","","","","","","","SetRectRgn","","IsDebuggerPresent","","","","CoTaskMemAlloc","","GetMenuBarInfo",""
"","","","","","","","","","","","","","","","","","","","","","","","","","MoveToEx","","HeapAlloc","","","","CoUnmarshalInterface","","LoadAcceleratorsW",""
"","","","","","","","","","","","","","","","","","","","","","","","","","PathToRegion","","GetVersionExA","","","","CoInitializeEx","","LoadMenuIndirectW",""
"","","","","","","","","","","","","","","","","","","","","","","","","","TextOutW","","GetModuleFileNameA","","","","OleQueryLinkFromData","","InvalidateRgn",""
"","","","","","","","","","","","","","","","","","","","","","","","","","CreateFontIndirectW","","GlobalHandle","","","","CoTaskMemFree","","GetMenuContextHelpId",""
"","","","","","","","","","","","","","","","","","","","","","","","","","OffsetRgn","","LoadLibraryA","","","","CreateDataAdviseHolder","","PtInRect",""
"","","","","","","","","","","","","","","","","","","","","","","","","","GetCurrentPositionEx","","EnumSystemLocalesA","","","","StgIsStorageFile","","DrawEdge",""
"","","","","","","","","","","","","","","","","","","","","","","","","","CreateEnhMetaFileW","","EnumResourceLanguagesW","","","","WriteClassStm","","IsWindowUnicode",""
"","","","","","","","","","","","","","","","","","","","","","","","","","CreateRectRgnIndirect","","SetConsoleCtrlHandler","","","","CoUninitialize","","GetClassInfoExW",""
"","","","","","","","","","","","","","","","","","","","","","","","","","LPtoDP","","UnhandledExceptionFilter","","","","OleSaveToStream","","MapDialogRect",""
"","","","","","","","","","","","","","","","","","","","","","","","","","PtVisible","","InterlockedDecrement","","","","OleCreateMenuDescriptor","","UpdateWindow",""
"","","","","","","","","","","","","","","","","","","","","","","","","","UpdateColors","","MultiByteToWideChar","","","","WriteClassStg","","GetWindow",""
"","","","","","","","","","","","","","","","","","","","","","","","","","GetPixel","","FatalAppExitA","","","","CoRevokeClassObject","","GetPropW",""
"","","","","","","","","","","","","","","","","","","","","","","","","","PolyDraw","","GetPrivateProfileStringW","","","","CoFreeUnusedLibraries","","DlgDirListComboBoxW",""
"","","","","","","","","","","","","","","","","","","","","","","","","","ExcludeClipRect","","GetModuleHandleA","","","","OleFlushClipboard","","CheckRadioButton",""
"","","","","","","","","","","","","","","","","","","","","","","","","","OffsetViewportOrgEx","","GetFullPathNameW","","","","ReleaseStgMedium","","CreateCaret",""
"","","","","","","","","","","","","","","","","","","","","","","","","","SetBkMode","","GlobalAddAtomW","","","","CoDisconnectObject","","GetMessageW",""
"","","","","","","","","","","","","","","","","","","","","","","","","","GetCharacterPlacementW","","CreateThread","","","","OleSetMenuDescriptor","","ShowWindow",""
"","","","","","","","","","","","","","","","","","","","","","","","","","CreateDiscardableBitmap","","SetUnhandledExceptionFilter","","","","CoGetMalloc","","GetCaretPos",""
"","","","","","","","","","","","","","","","","","","","","","","","","","RectInRegion","","ConvertDefaultLocale","","","","CoTreatAsClass","","DrawFrameControl",""
"","","","","","","","","","","","","","","","","","","","","","","","","","FrameRgn","","MulDiv","","","","GetRunningObjectTable","","GetNextDlgGroupItem",""
"","","","","","","","","","","","","","","","","","","","","","","","","","PtInRegion","","UnlockFile","","","","OleIsCurrentClipboard","","SetPropW",""
"","","","","","","","","","","","","","","","","","","","","","","","","","OffsetClipRgn","","ExitThread","","","","CreateFileMoniker","","GetMenuState",""
"","","","","","","","","","","","","","","","","","","","","","","","","","BitBlt","","SetEnvironmentVariableA","","","","OleSetClipboard","","GetClipboardFormatNameA",""
"","","","","","","","","","","","","","","","","","","","","","","","","","CreateSolidBrush","","TerminateProcess","","","","OleSave","","PeekMessageW",""
"","","","","","","","","","","","","","","","","","","","","","","","","","SelectObject","","WriteConsoleA","","","","CreateGenericComposite","","SetWindowsHookExW",""
"","","","","","","","","","","","","","","","","","","","","","","","","","FillRgn","","VirtualQuery","","","","CreateBindCtx","","GetTabbedTextExtentA",""
"","","","","","","","","","","","","","","","","","","","","","","","","","SetAbortProc","","LocalFileTimeToFileTime","","","","","","InsertMenuItemW",""
"","","","","","","","","","","","","","","","","","","","","","","","","","GetArcDirection","","CreateEventW","","","","","","SetWindowPlacement",""
"","","","","","","","","","","","","","","","","","","","","","","","","","PolyBezierTo","","SetEndOfFile","","","","","","CharUpperW",""
"","","","","","","","","","","","","","","","","","","","","","","","","","CreateBrushIndirect","","GetCurrentThreadId","","","","","","GetMessagePos",""
"","","","","","","","","","","","","","","","","","","","","","","","","","EnumFontFamiliesExW","","InterlockedIncrement","","","","","","GetClipboardFormatNameW",""
"","","","","","","","","","","","","","","","","","","","","","","","","","SelectPalette","","WriteConsoleW","","","","","","LoadIconW",""
"","","","","","","","","","","","","","","","","","","","","","","","","","SetBkColor","","InitializeCriticalSectionAndSpinCount","","","","","","ScrollDC",""
"","","","","","","","","","","","","","","","","","","","","","","","","","GetAspectRatioFilterEx","","HeapFree","","","","","","ArrangeIconicWindows",""
"","","","","","","","","","","","","","","","","","","","","","","","","","GetOutlineTextMetricsW","","EnterCriticalSection","","","","","","TranslateMessage",""
"","","","","","","","","","","","","","","","","","","","","","","","","","ExtSelectClipRgn","","SetHandleCount","","","","","","IsWindowEnabled",""
"","","","","","","","","","","","","","","","","","","","","","","","","","SetBoundsRect","","LoadLibraryW","","","","","","GetDlgItemTextW",""
"","","","","","","","","","","","","","","","","","","","","","","","","","ScaleWindowExtEx","","GetLastError","","","","","","GetMenuDefaultItem",""
"","","","","","","","","","","","","","","","","","","","","","","","","","CloseEnhMetaFile","","GetVersionExW","","","","","","GetDlgItemInt",""
"","","","","","","","","","","","","","","","","","","","","","","","","","SetROP2","","GetOEMCP","","","","","","GetTabbedTextExtentW",""
"","","","","","","","","","","","","","","","","","","","","","","","","","ExtEscape","","QueryPerformanceCounter","","","","","","SystemParametersInfoA",""
"","","","","","","","","","","","","","","","","","","","","","","","","","GetNearestPaletteIndex","","GetTickCount","","","","","","MsgWaitForMultipleObjects",""
"","","","","","","","","","","","","","","","","","","","","","","","","","GetRegionData","","TlsAlloc","","","","","","SetParent",""
"","","","","","","","","","","","","","","","","","","","","","","","","","GetTextColor","","VirtualProtect","","","","","","RegisterClassW",""
"","","","","","","","","","","","","","","","","","","","","","","","","","StrokePath","","FlushFileBuffers","","","","","","ScrollWindow",""
"","","","","","","","","","","","","","","","","","","","","","","","","","CreatePolyPolygonRgn","","lstrcmpiW","","","","","","FindWindowExW",""
"","","","","","","","","","","","","","","","","","","","","","","","","","SetPixelV","","RtlUnwind","","","","","","IsZoomed",""
"","","","","","","","","","","","","","","","","","","","","","","","","","BeginPath","","FreeLibrary","","","","","","GetWindowPlacement",""
"","","","","","","","","","","","","","","","","","","","","","","","","","SetViewportExtEx","","GlobalFindAtomW","","","","","","DestroyWindow",""
"","","","","","","","","","","","","","","","","","","","","","","","","","CreatePenIndirect","","GlobalSize","","","","","","CloseWindow",""
"","","","","","","","","","","","","","","","","","","","","","","","","","SetGraphicsMode","","GetStartupInfoA","","","","","","DrawMenuBar",""
"","","","","","","","","","","","","","","","","","","","","","","","","","PlayMetaFileRecord","","GetDateFormatA","","","","","","GetKeyNameTextW",""
"","","","","","","","","","","","","","","","","","","","","","","","","","GetWindowExtEx","","GetFileSize","","","","","","EnableMenuItem",""
"","","","","","","","","","","","","","","","","","","","","","","","","","SetBitmapBits","","GlobalDeleteAtom","","","","","","InvertRect",""
"","","","","","","","","","","","","","","","","","","","","","","","","","PatBlt","","GetStartupInfoW","","","","","","WindowFromDC",""
"","","","","","","","","","","","","","","","","","","","","","","","","","CreatePen","","CreateDirectoryW","","","","","","GetScrollPos",""
"","","","","","","","","","","","","","","","","","","","","","","","","","FloodFill","","DeleteFileW","","","","","","DrawFocusRect",""
"","","","","","","","","","","","","","","","","","","","","","","","","","AnimatePalette","","GetUserDefaultLCID","","","","","","CreateMenu",""
"","","","","","","","","","","","","","","","","","","","","","","","","","EnumMetaFile","","GetPrivateProfileIntW","","","","","","GetActiveWindow",""
"","","","","","","","","","","","","","","","","","","","","","","","","","SetStretchBltMode","","GetProcessHeap","","","","","","IsDialogMessageW",""
"","","","","","","","","","","","","","","","","","","","","","","","","","Rectangle","","GetTempFileNameW","","","","","","FillRect",""
"","","","","","","","","","","","","","","","","","","","","","","","","","PolylineTo","","CompareStringW","","","","","","CopyRect",""
"","","","","","","","","","","","","","","","","","","","","","","","","","GetDeviceCaps","","WriteFile","","","","","","GetSysColorBrush",""
"","","","","","","","","","","","","","","","","","","","","","","","","","PaintRgn","","GetFileSizeEx","","","","","","GetDialogBaseUnits",""
"","","","","","","","","","","","","","","","","","","","","","","","","","LineTo","","GlobalReAlloc","","","","","","EqualRect",""
"","","","","","","","","","","","","","","","","","","","","","","","","","DeleteDC","","lstrcmpA","","","","","","CreateWindowExW",""
"","","","","","","","","","","","","","","","","","","","","","","","","","SetWorldTransform","","HeapValidate","","","","","","TabbedTextOutW",""
"","","","","","","","","","","","","","","","","","","","","","","","","","InvertRgn","","GetTimeFormatA","","","","","","GetWindowLongW",""
"","","","","","","","","","","","","","","","","","","","","","","","","","GetMapMode","","CreateFileMappingA","","","","","","GetUpdateRect",""
"","","","","","","","","","","","","","","","","","","","","","","","","","GetWorldTransform","","FindFirstFileW","","","","","","OpenClipboard",""
"","","","","","","","","","","","","","","","","","","","","","","","","","GetCharWidthW","","IsValidLocale","","","","","","DragDetect",""
"","","","","","","","","","","","","","","","","","","","","","","","","","StartPage","","DuplicateHandle","","","","","","MapWindowPoints",""
"","","","","","","","","","","","","","","","","","","","","","","","","","GetObjectW","","GlobalLock","","","","","","RegisterWindowMessageW",""
"","","","","","","","","","","","","","","","","","","","","","","","","","CreateDCW","","GlobalAlloc","","","","","","DrawAnimatedRects",""
"","","","","","","","","","","","","","","","","","","","","","","","","","GdiComment","","GetTimeZoneInformation","","","","","","GetOpenClipboardWindow",""
"","","","","","","","","","","","","","","","","","","","","","","","","","RealizePalette","","CreateFileW","","","","","","LockWindowUpdate",""
"","","","","","","","","","","","","","","","","","","","","","","","","","CreateHatchBrush","","GetFileType","","","","","","GetMessageA",""
"","","","","","","","","","","","","","","","","","","","","","","","","","CreateDIBPatternBrushPt","","TlsSetValue","","","","","","BeginPaint",""
"","","","","","","","","","","","","","","","","","","","","","","","","","ExtTextOutW","","CreateFileA","","","","","","OffsetRect",""
"","","","","","","","","","","","","","","","","","","","","","","","","","SetPaletteEntries","","ExitProcess","","","","","","SetCaretPos",""
"","","","","","","","","","","","","","","","","","","","","","","","","","SelectClipPath","","GetLocaleInfoW","","","","","","DrawIcon",""
"","","","","","","","","","","","","","","","","","","","","","","","","","RectVisible","","LeaveCriticalSection","","","","","","KillTimer",""
"","","","","","","","","","","","","","","","","","","","","","","","","","GetStockObject","","GlobalGetAtomNameW","","","","","","MapVirtualKeyW",""
"","","","","","","","","","","","","","","","","","","","","","","","","","GetPath","","LocalReAlloc","","","","","","GetClipboardOwner",""
"","","","","","","","","","","","","","","","","","","","","","","","","","PlayEnhMetaFile","","SystemTimeToFileTime","","","","","","SendNotifyMessageW",""
"","","","","","","","","","","","","","","","","","","","","","","","","","UnrealizeObject","","LCMapStringW","","","","","","SetMenuContextHelpId",""
"","","","","","","","","","","","","","","","","","","","","","","","","","SetBrushOrgEx","","GetShortPathNameW","","","","","","CheckMenuRadioItem",""
"","","","","","","","","","","","","","","","","","","","","","","","","","SelectClipRgn","","UnmapViewOfFile","","","","","","SetClipboardViewer",""
"","","","","","","","","","","","","","","","","","","","","","","","","","RoundRect","","GetSystemInfo","","","","","","GetParent",""
"","","","","","","","","","","","","","","","","","","","","","","","","","GetTextAlign","","lstrlenA","","","","","","LoadBitmapW",""
"","","","","","","","","","","","","","","","","","","","","","","","","","EndPage","","GlobalFree","","","","","","SendDlgItemMessageA",""
"","","","","","","","","","","","","","","","","","","","","","","","","","CreateBitmapIndirect","","GetConsoleCP","","","","","","GetSystemMetrics",""
"","","","","","","","","","","","","","","","","","","","","","","","","","SetWindowOrgEx","","LCMapStringA","","","","","","IsIconic",""
"","","","","","","","","","","","","","","","","","","","","","","","","","PolyPolygon","","GetThreadLocale","","","","","","SetScrollRange",""
"","","","","","","","","","","","","","","","","","","","","","","","","","GetViewportExtEx","","GetEnvironmentStringsW","","","","","","GetWindowRect",""
"","","","","","","","","","","","","","","","","","","","","","","","","","SetTextCharacterExtra","","GlobalUnlock","","","","","","InflateRect",""
"","","","","","","","","","","","","","","","","","","","","","","","","","GetTextExtentPoint32W","","LockFile","","","","","","SetCapture",""
"","","","","","","","","","","","","","","","","","","","","","","","","","EndPath","","lstrlenW","","","","","","ReleaseCapture",""
"","","","","","","","","","","","","","","","","","","","","","","","","","CreatePatternBrush","","FileTimeToLocalFileTime","","","","","","GetScrollRange",""
"","","","","","","","","","","","","","","","","","","","","","","","","","CreatePolygonRgn","","SizeofResource","","","","","","RemovePropW",""
"","","","","","","","","","","","","","","","","","","","","","","","","","GetCharABCWidthsFloatW","","GetCurrentDirectoryW","","","","","","SendDlgItemMessageW",""
"","","","","","","","","","","","","","","","","","","","","","","","","","Polygon","","GetCurrentProcessId","","","","","","PostMessageW",""
"","","","","","","","","","","","","","","","","","","","","","","","","","CreateHalftonePalette","","LockResource","","","","","","TrackPopupMenuEx",""
"","","","","","","","","","","","","","","","","","","","","","","","","","GetGlyphOutlineW","","SetFileTime","","","","","","IntersectRect",""
"","","","","","","","","","","","","","","","","","","","","","","","","","GetBkMode","","GetCommandLineW","","","","","","CheckDlgButton",""
"","","","","","","","","","","","","","","","","","","","","","","","","","SaveDC","","WideCharToMultiByte","","","","","","DrawCaption",""
"","","","","","","","","","","","","","","","","","","","","","","","","","CreateICW","","HeapSize","","","","","","WaitMessage",""
"","","","","","","","","","","","","","","","","","","","","","","","","","MaskBlt","","WritePrivateProfileStringW","","","","","","CreatePopupMenu",""
"","","","","","","","","","","","","","","","","","","","","","","","","","GetRgnBox","","SuspendThread","","","","","","ShowCaret",""
"","","","","","","","","","","","","","","","","","","","","","","","","","ModifyWorldTransform","","RaiseException","","","","","","GetSubMenu",""
"","","","","","","","","","","","","","","","","","","","","","","","","","PlgBlt","","MapViewOfFile","","","","","","GetClassLongW",""
"","","","","","","","","","","","","","","","","","","","","","","","","","GetColorAdjustment","","TlsFree","","","","","","GetLastActivePopup",""
"","","","","","","","","","","","","","","","","","","","","","","","","","RestoreDC","","SetFilePointer","","","","","","SetWindowTextW",""
"","","","","","","","","","","","","","","","","","","","","","","","","","GetBitmapBits","","ReadFile","","","","","","SetTimer",""
"","","","","","","","","","","","","","","","","","","","","","","","","","SetMapperFlags","","GlobalFlags","","","","","","GetDlgItem",""
"","","","","","","","","","","","","","","","","","","","","","","","","","GetBitmapDimensionEx","","CloseHandle","","","","","","GetMenuCheckMarkDimensions",""
"","","","","","","","","","","","","","","","","","","","","","","","","","GetCharWidthFloatW","","GetACP","","","","","","SystemParametersInfoW",""
"","","","","","","","","","","","","","","","","","","","","","","","","","FillPath","","GetModuleHandleW","","","","","","BringWindowToTop",""
"","","","","","","","","","","","","","","","","","","","","","","","","","CreateBitmap","","FreeResource","","","","","","ClientToScreen",""
"","","","","","","","","","","","","","","","","","","","","","","","","","GetClipBox","","IsValidCodePage","","","","","","TrackPopupMenu",""
"","","","","","","","","","","","","","","","","","","","","","","","","","CreateCompatibleBitmap","","HeapCreate","","","","","","PostThreadMessageW",""
"","","","","","","","","","","","","","","","","","","","","","","","","","SetTextColor","","FindResourceW","","","","","","GetMenuItemCount",""
"","","","","","","","","","","","","","","","","","","","","","","","","","ExtFloodFill","","VirtualFree","","","","","","IsDlgButtonChecked",""
"","","","","","","","","","","","","","","","","","","","","","","","","","GetBrushOrgEx","","Sleep","","","","","","BeginDeferWindowPos",""
"","","","","","","","","","","","","","","","","","","","","","","","","","GetCurrentObject","","IsBadReadPtr","","","","","","SetDlgItemInt",""
"","","","","","","","","","","","","","","","","","","","","","","","","","SetMiterLimit","","SetThreadPriority","","","","","","ShowOwnedPopups",""
"","","","","","","","","","","","","","","","","","","","","","","","","","EnumObjects","","OpenEventA","","","","","","LoadCursorW",""
"","","","","","","","","","","","","","","","","","","","","","","","","","Escape","","VirtualAlloc","","","","","","GetSystemMenu",""
"","","","","","","","","","","","","","","","","","","","","","","","","","DrawEscape","","CompareStringA","","","","","","ReuseDDElParam",""
"","","","","","","","","","","","","","","","","","","","","","","","","","SetViewportOrgEx","","","","","","","","GetDC",""
"","","","","","","","","","","","","","","","","","","","","","","","","","AbortPath","","","","","","","","InsertMenuW",""
"","","","","","","","","","","","","","","","","","","","","","","","","","SetArcDirection","","","","","","","","FlashWindow",""
"","","","","","","","","","","","","","","","","","","","","","","","","","GetGraphicsMode","","","","","","","","SetForegroundWindow",""
"","","","","","","","","","","","","","","","","","","","","","","","","","CreateRoundRectRgn","","","","","","","","SetFocus",""
"","","","","","","","","","","","","","","","","","","","","","","","","","CreateCompatibleDC","","","","","","","","GetMenuStringW",""
"","","","","","","","","","","","","","","","","","","","","","","","","","StrokeAndFillPath","","","","","","","","GetCursorPos",""
"","","","","","","","","","","","","","","","","","","","","","","","","","CreateFontW","","","","","","","","CreateDialogIndirectParamW",""
"","","","","","","","","","","","","","","","","","","","","","","","","","PolyBezier","","","","","","","","ReleaseDC",""
"","","","","","","","","","","","","","","","","","","","","","","","","","Chord","","","","","","","","DrawTextExW",""
"","","","","","","","","","","","","","","","","","","","","","","","","","FlattenPath","","","","","","","","GetScrollInfo",""
"","","","","","","","","","","","","","","","","","","","","","","","","","CreateRectRgn","","","","","","","","HideCaret",""
"","","","","","","","","","","","","","","","","","","","","","","","","","StartDocW","","","","","","","","DeferWindowPos",""
"","","","","","","","","","","","","","","","","","","","","","","","","","SetPolyFillMode","","","","","","","","FindWindowW",""
"","","","","","","","","","","","","","","","","","","","","","","","","","CopyMetaFileW","","","","","","","","GetCapture",""
"","","","","","","","","","","","","","","","","","","","","","","","","","Ellipse","","","","","","","","ScreenToClient",""
"","","","","","","","","","","","","","","","","","","","","","","","","","SetTextJustification","","","","","","","","SetWindowLongW",""
"","","","","","","","","","","","","","","","","","","","","","","","","","GetStretchBltMode","","","","","","","","MessageBeep",""
"","","","","","","","","","","","","","","","","","","","","","","","","","Polyline","","","","","","","","LoadMenuW",""
"","","","","","","","","","","","","","","","","","","","","","","","","","DPtoLP","","","","","","","","RemoveMenu",""
"","","","","","","","","","","","","","","","","","","","","","","","","","AbortDoc","","","","","","","","GetWindowThreadProcessId",""
"","","","","","","","","","","","","","","","","","","","","","","","","","GetTextCharacterExtra","","","","","","","","DlgDirListW",""
"","","","","","","","","","","","","","","","","","","","","","","","","","DeleteMetaFile","","","","","","","","ShowScrollBar",""
"","","","","","","","","","","","","","","","","","","","","","","","","","","","","","","","","","HiliteMenuItem",""
"","","","","","","","","","","","","","","","","","","","","","","","","","","","","","","","","","MessageBoxW",""
"","","","","","","","","","","","","","","","","","","","","","","","","","","","","","","","","","GetMenu",""
"","","","","","","","","","","","","","","","","","","","","","","","","","","","","","","","","","SetMenu",""
"","","","","","","","","","","","","","","","","","","","","","","","","","","","","","","","","","MoveWindow",""
"","","","","","","","","","","","","","","","","","","","","","","","","","","","","","","","","","AppendMenuW",""
"","","","","","","","","","","","","","","","","","","","","","","","","","","","","","","","","","GetWindowDC",""
"","","","","","","","","","","","","","","","","","","","","","","","","","","","","","","","","","ChangeClipboardChain",""
"","","","","","","","","","","","","","","","","","","","","","","","","","","","","","","","","","AdjustWindowRectEx",""
"","","","","","","","","","","","","","","","","","","","","","","","","","","","","","","","","","GetSysColor",""
"","","","","","","","","","","","","","","","","","","","","","","","","","","","","","","","","","SetDlgItemTextW",""
"","","","","","","","","","","","","","","","","","","","","","","","","","","","","","","","","","SetScrollInfo",""
"","","","","","","","","","","","","","","","","","","","","","","","","","","","","","","","","","GetKeyState",""
"","","","","","","","","","","","","","","","","","","","","","","","","","","","","","","","","","EndDeferWindowPos",""
"","","","","","","","","","","","","","","","","","","","","","","","","","","","","","","","","","GetWindowRgn",""
"","","","","","","","","","","","","","","","","","","","","","","","","","","","","","","","","","DestroyIcon",""
"","","","","","","","","","","","","","","","","","","","","","","","","","","","","","","","","","IsWindowVisible",""
"","","","","","","","","","","","","","","","","","","","","","","","","","","","","","","","","","WinHelpW",""
"","","","","","","","","","","","","","","","","","","","","","","","","","","","","","","","","","GetDesktopWindow",""
"","","","","","","","","","","","","","","","","","","","","","","","","","","","","","","","","","SubtractRect",""
"","","","","","","","","","","","","","","","","","","","","","","","","","","","","","","","","","UnpackDDElParam",""
"","","","","","","","","","","","","","","","","","","","","","","","","","","","","","","","","","SetWindowContextHelpId",""
"","","","","","","","","","","","","","","","","","","","","","","","","","","","","","","","","","GetDCEx",""
"","","","","","","","","","","","","","","","","","","","","","","","","","","","","","","","","","ValidateRgn",""
"","","","","","","","","","","","","","","","","","","","","","","","","","","","","","","","","","UnionRect",""
"","","","","","","","","","","","","","","","","","","","","","","","","","","","","","","","","","DispatchMessageW",""
"","","","","","","","","","","","","","","","","","","","","","","","","","","","","","","","","","FrameRect",""
"","","","","","","","","","","","","","","","","","","","","","","","","","","","","","","","","","SetRect",""
"","","","","","","","","","","","","","","","","","","","","","","","","","","","","","","","","","DeleteMenu",""
"","","","","","","","","","","","","","","","","","","","","","","","","","","","","","","","","","InvalidateRect",""
"","","","","","","","","","","","","","","","","","","","","","","","","","","","","","","","","","CharNextW",""
"","","","","","","","","","","","","","","","","","","","","","","","","","","","","","","","","","CallWindowProcW",""
"","","","","","","","","","","","","","","","","","","","","","","","","","","","","","","","","","GetClassNameW",""
"","","","","","","","","","","","","","","","","","","","","","","","","","","","","","","","","","UnregisterClassW",""
"","","","","","","","","","","","","","","","","","","","","","","","","","","","","","","","","","ModifyMenuW",""
"","","","","","","","","","","","","","","","","","","","","","","","","","","","","","","","","","IsChild",""
"","","","","","","","","","","","","","","","","","","","","","","","","","","","","","","","","","ValidateRect",""
"","","","","","","","","","","","","","","","","","","","","","","","","","","","","","","","","","IsRectEmpty",""
"","","","","","","","","","","","","","","","","","","","","","","","","","","","","","","","","","IsMenu",""
"","","","","","","","","","","","","","","","","","","","","","","","","","","","","","","","","","GetFocus",""
"","","","","","","","","","","","","","","","","","","","","","","","","","","","","","","","","","EnableWindow",""
"","","","","","","","","","","","","","","","","","","","","","","","","","","","","","","","","","CheckMenuItem",""
"","","","","","","","","","","","","","","","","","","","","","","","","","","","","","","","","","SetCursor",""
"","","","","","","","","","","","","","","","","","","","","","","","","","","","","","","","","","UnhookWindowsHookEx",""
"","","","","","","","","","","","","","","","","","","","","","","","","","","","","","","","","","TranslateAcceleratorW",""
