"Imports","Runtime_DLL","Reg_Set","Reg_Set_Val","Reg_Set_Type","Reg_Del","Service_Opened","Service_Controlled","Service_Created","Service_Started","Proc_Terminated","Proc_Created","Proc_Injected","Proc_Shellcmds","File_Read","File_Opened","File_Written","File_Replaced","File_Moved_src","File_Moved_dst","File_Copied_src","File_Copied_dst","File_Deleted","dbghelp.dll","MPR.dll","KERNEL32.dll","Secur32.dll","NETAPI32.dll","ADVAPI32.dll","PSAPI.DLL","SHLWAPI.dll","WS2_32.dll","USER32.dll"
"dbghelp.dll","","","","","","","","","","","","","","","SRV*c:\sym*http://msdl.microsoft.com/download/symbols\symbols\exe\365f93c61f08133cf3d6f5ca2924bab28b600797119bfa169f437d9031881af6.pdb","c:\pdbs","","","","","","","SymUnloadModule64","WNetAddConnection2A","GetLastError","InitializeSecurityContextA","DsGetDcNameA","CloseServiceHandle","GetModuleFileNameExA","PathRemoveFileSpecA","getsockopt","SetFocus"
"MPR.dll","","","","","","","","","","","","","","","SRV*c:\sym*http://msdl.microsoft.com/download/symbols\exe\365f93c61f08133cf3d6f5ca2924bab28b600797119bfa169f437d9031881af6.pdb","","","","","","","","SymGetModuleInfo64","","InitializeCriticalSection","AcquireCredentialsHandleA","NetWkstaGetInfo","RevertToSelf","EnumProcessModules","PathFileExistsA","setsockopt","GetMessageA"
"KERNEL32.dll","","","","","","","","","","","","","","","SRV*c:\sym*http://msdl.microsoft.com/download/symbols\365f93c61f08133cf3d6f5ca2924bab28b600797119bfa169f437d9031881af6.pdb","","","","","","","","SymEnumSymbols","","HeapFree","DeleteSecurityContext","NetServerEnum","CreateProcessAsUserA","","","getsockname","DispatchMessageA"
"Secur32.dll","","","","","","","","","","","","","","","365f93c61f08133cf3d6f5ca2924bab28b600797119bfa169f437d9031881af6.pdb","","","","","","","","SymLoadModuleEx","","GetStdHandle","QuerySecurityPackageInfoA","NetApiBufferFree","GetUserNameA","","","WSAStartup","MessageBoxA"
"NETAPI32.dll","","","","","","","","","","","","","","","SRV*c:\sym*http://msdl.microsoft.com/download/symbols\symbols\365f93c61f08133cf3d6f5ca2924bab28b600797119bfa169f437d9031881af6.dbg","","","","","","","","SymInitialize","","EnterCriticalSection","FreeContextBuffer","","ImpersonateLoggedOnUser","","","WSACloseEvent","GetFocus"
"ADVAPI32.dll","","","","","","","","","","","","","","","SRV*c:\sym*http://msdl.microsoft.com/download/symbols\365f93c61f08133cf3d6f5ca2924bab28b600797119bfa169f437d9031881af6.dbg","","","","","","","","","","LCMapStringW","FreeCredentialsHandle","","RegOpenKeyExA","","","send","TranslateMessage"
"PSAPI.DLL","","","","","","","","","","","","","","","365f93c61f08133cf3d6f5ca2924bab28b600797119bfa169f437d9031881af6.dbg","","","","","","","","","","SetHandleCount","","","RegEnumValueA","","","WSARecv","GetKeyState"
"SHLWAPI.dll","","","","","","","","","","","","","","",".\ntdll.pdb","","","","","","","","","","GlobalFree","","","OpenSCManagerA","","","WSAWaitForMultipleEvents",""
"WS2_32.dll","","","","","","","","","","","","","","","SRV*c:\sym*http://msdl.microsoft.com/download/symbols\symbols\dll\ntdll.pdb","","","","","","","","","","WaitForSingleObject","","","RegEnumKeyExA","","","WSACreateEvent",""
"USER32.dll","","","","","","","","","","","","","","","SRV*c:\sym*http://msdl.microsoft.com/download/symbols\dll\ntdll.pdb","","","","","","","","","","IsBadCodePtr","","","","","","WSAGetOverlappedResult",""
"","","","","","","","","","","","","","","","SRV*c:\sym*http://msdl.microsoft.com/download/symbols\ntdll.pdb","","","","","","","","","","GetOEMCP","","","","","","gethostbyname",""
"","","","","","","","","","","","","","","","ntdll.pdb","","","","","","","","","","LCMapStringA","","","","","","connect",""
"","","","","","","","","","","","","","","","SRV*c:\sym*http://msdl.microsoft.com/download/symbols\symbols\dll\ntdll.dbg","","","","","","","","","","HeapDestroy","","","","","","shutdown",""
"","","","","","","","","","","","","","","","SRV*c:\sym*http://msdl.microsoft.com/download/symbols\dll\ntdll.dbg","","","","","","","","","","HeapAlloc","","","","","","WSAResetEvent",""
"","","","","","","","","","","","","","","","SRV*c:\sym*http://msdl.microsoft.com/download/symbols\ntdll.dbg","","","","","","","","","","IsBadWritePtr","","","","","","htons",""
"","","","","","","","","","","","","","","","ntdll.dbg","","","","","","","","","","TlsAlloc","","","","","","closesocket",""
"","","","","","","","","","","","","","","",".\kernel32.pdb","","","","","","","","","","FlushFileBuffers","","","","","","gethostbyaddr",""
"","","","","","","","","","","","","","","","SRV*c:\sym*http://msdl.microsoft.com/download/symbols\symbols\dll\kernel32.pdb","","","","","","","","","","GetEnvironmentStringsW","","","","","","WSAGetLastError",""
"","","","","","","","","","","","","","","","SRV*c:\sym*http://msdl.microsoft.com/download/symbols\dll\kernel32.pdb","","","","","","","","","","GetVersionExA","","","","","","socket",""
"","","","","","","","","","","","","","","","SRV*c:\sym*http://msdl.microsoft.com/download/symbols\kernel32.pdb","","","","","","","","","","GetModuleFileNameA","","","","","","",""
"","","","","","","","","","","","","","","","kernel32.pdb","","","","","","","","","","RtlUnwind","","","","","","",""
"","","","","","","","","","","","","","","","SRV*c:\sym*http://msdl.microsoft.com/download/symbols\symbols\dll\kernel32.dbg","","","","","","","","","","LoadLibraryA","","","","","","",""
"","","","","","","","","","","","","","","","SRV*c:\sym*http://msdl.microsoft.com/download/symbols\dll\kernel32.dbg","","","","","","","","","","GetLocalTime","","","","","","",""
"","","","","","","","","","","","","","","","SRV*c:\sym*http://msdl.microsoft.com/download/symbols\kernel32.dbg","","","","","","","","","","RaiseException","","","","","","",""
"","","","","","","","","","","","","","","","kernel32.dbg","","","","","","","","","","FreeEnvironmentStringsA","","","","","","",""
"","","","","","","","","","","","","","","",".\dbghelp.pdb","","","","","","","","","","DeleteCriticalSection","","","","","","",""
"","","","","","","","","","","","","","","","SRV*c:\sym*http://msdl.microsoft.com/download/symbols\symbols\dll\dbghelp.pdb","","","","","","","","","","GetCurrentProcess","","","","","","",""
"","","","","","","","","","","","","","","","SRV*c:\sym*http://msdl.microsoft.com/download/symbols\dll\dbghelp.pdb","","","","","","","","","","GetEnvironmentStrings","","","","","","",""
"","","","","","","","","","","","","","","","SRV*c:\sym*http://msdl.microsoft.com/download/symbols\dbghelp.pdb","","","","","","","","","","LocalAlloc","","","","","","",""
"","","","","","","","","","","","","","","","dbghelp.pdb","","","","","","","","","","OpenProcess","","","","","","",""
"","","","","","","","","","","","","","","","SRV*c:\sym*http://msdl.microsoft.com/download/symbols\symbols\dll\dbghelp.dbg","","","","","","","","","","DeleteFileA","","","","","","",""
"","","","","","","","","","","","","","","","SRV*c:\sym*http://msdl.microsoft.com/download/symbols\dll\dbghelp.dbg","","","","","","","","","","GetCPInfo","","","","","","",""
"","","","","","","","","","","","","","","","SRV*c:\sym*http://msdl.microsoft.com/download/symbols\dbghelp.dbg","","","","","","","","","","UnhandledExceptionFilter","","","","","","",""
"","","","","","","","","","","","","","","","dbghelp.dbg","","","","","","","","","","InterlockedDecrement","","","","","","",""
"","","","","","","","","","","","","","","",".\msvcrt.pdb","","","","","","","","","","MultiByteToWideChar","","","","","","",""
"","","","","","","","","","","","","","","","SRV*c:\sym*http://msdl.microsoft.com/download/symbols\symbols\dll\msvcrt.pdb","","","","","","","","","","HeapSize","","","","","","",""
"","","","","","","","","","","","","","","","SRV*c:\sym*http://msdl.microsoft.com/download/symbols\dll\msvcrt.pdb","","","","","","","","","","GetTickCount","","","","","","",""
"","","","","","","","","","","","","","","","SRV*c:\sym*http://msdl.microsoft.com/download/symbols\msvcrt.pdb","","","","","","","","","","FreeEnvironmentStringsW","","","","","","",""
"","","","","","","","","","","","","","","","msvcrt.pdb","","","","","","","","","","GetCommandLineA","","","","","","",""
"","","","","","","","","","","","","","","","SRV*c:\sym*http://msdl.microsoft.com/download/symbols\symbols\dll\msvcrt.dbg","","","","","","","","","","GetProcAddress","","","","","","",""
"","","","","","","","","","","","","","","","SRV*c:\sym*http://msdl.microsoft.com/download/symbols\dll\msvcrt.dbg","","","","","","","","","","GetProcessHeap","","","","","","",""
"","","","","","","","","","","","","","","","SRV*c:\sym*http://msdl.microsoft.com/download/symbols\msvcrt.dbg","","","","","","","","","","SetStdHandle","","","","","","",""
"","","","","","","","","","","","","","","","msvcrt.dbg","","","","","","","","","","SetFilePointer","","","","","","",""
"","","","","","","","","","","","","","","",".\version.pdb","","","","","","","","","","GetTempPathA","","","","","","",""
"","","","","","","","","","","","","","","","SRV*c:\sym*http://msdl.microsoft.com/download/symbols\symbols\dll\version.pdb","","","","","","","","","","IsBadReadPtr","","","","","","",""
"","","","","","","","","","","","","","","","SRV*c:\sym*http://msdl.microsoft.com/download/symbols\dll\version.pdb","","","","","","","","","","CompareStringA","","","","","","",""
"","","","","","","","","","","","","","","","SRV*c:\sym*http://msdl.microsoft.com/download/symbols\version.pdb","","","","","","","","","","WideCharToMultiByte","","","","","","",""
"","","","","","","","","","","","","","","","version.pdb","","","","","","","","","","GetStringTypeA","","","","","","",""
"","","","","","","","","","","","","","","","SRV*c:\sym*http://msdl.microsoft.com/download/symbols\symbols\dll\VERSION.dbg","","","","","","","","","","GetModuleHandleA","","","","","","",""
"","","","","","","","","","","","","","","","SRV*c:\sym*http://msdl.microsoft.com/download/symbols\dll\VERSION.dbg","","","","","","","","","","ReadFile","","","","","","",""
"","","","","","","","","","","","","","","","SRV*c:\sym*http://msdl.microsoft.com/download/symbols\VERSION.dbg","","","","","","","","","","InterlockedExchange","","","","","","",""
"","","","","","","","","","","","","","","","VERSION.dbg","","","","","","","","","","SetUnhandledExceptionFilter","","","","","","",""
"","","","","","","","","","","","","","","",".\advapi32.pdb","","","","","","","","","","WriteFile","","","","","","",""
"","","","","","","","","","","","","","","","SRV*c:\sym*http://msdl.microsoft.com/download/symbols\symbols\dll\advapi32.pdb","","","","","","","","","","GetStartupInfoA","","","","","","",""
"","","","","","","","","","","","","","","","SRV*c:\sym*http://msdl.microsoft.com/download/symbols\dll\advapi32.pdb","","","","","","","","","","CloseHandle","","","","","","",""
"","","","","","","","","","","","","","","","SRV*c:\sym*http://msdl.microsoft.com/download/symbols\advapi32.pdb","","","","","","","","","","GetACP","","","","","","",""
"","","","","","","","","","","","","","","","advapi32.pdb","","","","","","","","","","HeapReAlloc","","","","","","",""
"","","","","","","","","","","","","","","","SRV*c:\sym*http://msdl.microsoft.com/download/symbols\symbols\dll\ADVAPI32.dbg","","","","","","","","","","GetStringTypeW","","","","","","",""
"","","","","","","","","","","","","","","","SRV*c:\sym*http://msdl.microsoft.com/download/symbols\dll\ADVAPI32.dbg","","","","","","","","","","GetVersion","","","","","","",""
"","","","","","","","","","","","","","","","SRV*c:\sym*http://msdl.microsoft.com/download/symbols\ADVAPI32.dbg","","","","","","","","","","SetEnvironmentVariableA","","","","","","",""
"","","","","","","","","","","","","","","","ADVAPI32.dbg","","","","","","","","","","CompareStringW","","","","","","",""
"","","","","","","","","","","","","","","",".\rpcrt4.pdb","","","","","","","","","","LocalFree","","","","","","",""
"","","","","","","","","","","","","","","","SRV*c:\sym*http://msdl.microsoft.com/download/symbols\symbols\dll\rpcrt4.pdb","","","","","","","","","","TerminateProcess","","","","","","",""
"","","","","","","","","","","","","","","","SRV*c:\sym*http://msdl.microsoft.com/download/symbols\dll\rpcrt4.pdb","","","","","","","","","","CreateProcessA","","","","","","",""
"","","","","","","","","","","","","","","","SRV*c:\sym*http://msdl.microsoft.com/download/symbols\rpcrt4.pdb","","","","","","","","","","GetTimeZoneInformation","","","","","","",""
"","","","","","","","","","","","","","","","rpcrt4.pdb","","","","","","","","","","GetEnvironmentVariableA","","","","","","",""
"","","","","","","","","","","","","","","","SRV*c:\sym*http://msdl.microsoft.com/download/symbols\symbols\dll\RPCRT4.dbg","","","","","","","","","","HeapCreate","","","","","","",""
"","","","","","","","","","","","","","","","SRV*c:\sym*http://msdl.microsoft.com/download/symbols\dll\RPCRT4.dbg","","","","","","","","","","VirtualFree","","","","","","",""
"","","","","","","","","","","","","","","","SRV*c:\sym*http://msdl.microsoft.com/download/symbols\RPCRT4.dbg","","","","","","","","","","TlsGetValue","","","","","","",""
"","","","","","","","","","","","","","","","RPCRT4.dbg","","","","","","","","","","Sleep","","","","","","",""
"","","","","","","","","","","","","","","",".\secur32.pdb","","","","","","","","","","GetFileType","","","","","","",""
"","","","","","","","","","","","","","","","SRV*c:\sym*http://msdl.microsoft.com/download/symbols\symbols\dll\secur32.pdb","","","","","","","","","","SetEndOfFile","","","","","","",""
"","","","","","","","","","","","","","","","SRV*c:\sym*http://msdl.microsoft.com/download/symbols\dll\secur32.pdb","","","","","","","","","","TlsSetValue","","","","","","",""
"","","","","","","","","","","","","","","","SRV*c:\sym*http://msdl.microsoft.com/download/symbols\secur32.pdb","","","","","","","","","","CreateFileA","","","","","","",""
"","","","","","","","","","","","","","","","secur32.pdb","","","","","","","","","","ExitProcess","","","","","","",""
"","","","","","","","","","","","","","","","SRV*c:\sym*http://msdl.microsoft.com/download/symbols\symbols\dll\Secur32.dbg","","","","","","","","","","GetCurrentThreadId","","","","","","",""
"","","","","","","","","","","","","","","","SRV*c:\sym*http://msdl.microsoft.com/download/symbols\dll\Secur32.dbg","","","","","","","","","","InterlockedIncrement","","","","","","",""
"","","","","","","","","","","","","","","","SRV*c:\sym*http://msdl.microsoft.com/download/symbols\Secur32.dbg","","","","","","","","","","VirtualAlloc","","","","","","",""
"","","","","","","","","","","","","","","","Secur32.dbg","","","","","","","","","","GetFileSize","","","","","","",""
"","","","","","","","","","","","","","","",".\psapi.pdb","","","","","","","","","","SetLastError","","","","","","",""
"","","","","","","","","","","","","","","","SRV*c:\sym*http://msdl.microsoft.com/download/symbols\symbols\DLL\psapi.pdb","","","","","","","","","","LeaveCriticalSection","","","","","","",""
"","","","","","","","","","","","","","","","SRV*c:\sym*http://msdl.microsoft.com/download/symbols\DLL\psapi.pdb","","","","","","","","","","","","","","","","",""
"","","","","","","","","","","","","","","","SRV*c:\sym*http://msdl.microsoft.com/download/symbols\psapi.pdb","","","","","","","","","","","","","","","","",""
"","","","","","","","","","","","","","","","psapi.pdb","","","","","","","","","","","","","","","","",""
"","","","","","","","","","","","","","","","SRV*c:\sym*http://msdl.microsoft.com/download/symbols\symbols\DLL\PSAPI.dbg","","","","","","","","","","","","","","","","",""
"","","","","","","","","","","","","","","","SRV*c:\sym*http://msdl.microsoft.com/download/symbols\DLL\PSAPI.dbg","","","","","","","","","","","","","","","","",""
"","","","","","","","","","","","","","","","SRV*c:\sym*http://msdl.microsoft.com/download/symbols\PSAPI.dbg","","","","","","","","","","","","","","","","",""
"","","","","","","","","","","","","","","","PSAPI.dbg","","","","","","","","","","","","","","","","",""
"","","","","","","","","","","","","","","",".\mpr.pdb","","","","","","","","","","","","","","","","",""
"","","","","","","","","","","","","","","","SRV*c:\sym*http://msdl.microsoft.com/download/symbols\symbols\dll\mpr.pdb","","","","","","","","","","","","","","","","",""
"","","","","","","","","","","","","","","","SRV*c:\sym*http://msdl.microsoft.com/download/symbols\dll\mpr.pdb","","","","","","","","","","","","","","","","",""
"","","","","","","","","","","","","","","","SRV*c:\sym*http://msdl.microsoft.com/download/symbols\mpr.pdb","","","","","","","","","","","","","","","","",""
"","","","","","","","","","","","","","","","mpr.pdb","","","","","","","","","","","","","","","","",""
"","","","","","","","","","","","","","","","SRV*c:\sym*http://msdl.microsoft.com/download/symbols\symbols\dll\MPR.dbg","","","","","","","","","","","","","","","","",""
"","","","","","","","","","","","","","","","SRV*c:\sym*http://msdl.microsoft.com/download/symbols\dll\MPR.dbg","","","","","","","","","","","","","","","","",""
"","","","","","","","","","","","","","","","SRV*c:\sym*http://msdl.microsoft.com/download/symbols\MPR.dbg","","","","","","","","","","","","","","","","",""
"","","","","","","","","","","","","","","","MPR.dbg","","","","","","","","","","","","","","","","",""
"","","","","","","","","","","","","","","",".\user32.pdb","","","","","","","","","","","","","","","","",""
"","","","","","","","","","","","","","","","SRV*c:\sym*http://msdl.microsoft.com/download/symbols\symbols\dll\user32.pdb","","","","","","","","","","","","","","","","",""
"","","","","","","","","","","","","","","","SRV*c:\sym*http://msdl.microsoft.com/download/symbols\dll\user32.pdb","","","","","","","","","","","","","","","","",""
"","","","","","","","","","","","","","","","SRV*c:\sym*http://msdl.microsoft.com/download/symbols\user32.pdb","","","","","","","","","","","","","","","","",""
"","","","","","","","","","","","","","","","user32.pdb","","","","","","","","","","","","","","","","",""
"","","","","","","","","","","","","","","","SRV*c:\sym*http://msdl.microsoft.com/download/symbols\symbols\dll\USER32.dbg","","","","","","","","","","","","","","","","",""
"","","","","","","","","","","","","","","","SRV*c:\sym*http://msdl.microsoft.com/download/symbols\dll\USER32.dbg","","","","","","","","","","","","","","","","",""
"","","","","","","","","","","","","","","","SRV*c:\sym*http://msdl.microsoft.com/download/symbols\USER32.dbg","","","","","","","","","","","","","","","","",""
"","","","","","","","","","","","","","","","USER32.dbg","","","","","","","","","","","","","","","","",""
"","","","","","","","","","","","","","","",".\gdi32.pdb","","","","","","","","","","","","","","","","",""
"","","","","","","","","","","","","","","","SRV*c:\sym*http://msdl.microsoft.com/download/symbols\symbols\dll\gdi32.pdb","","","","","","","","","","","","","","","","",""
"","","","","","","","","","","","","","","","SRV*c:\sym*http://msdl.microsoft.com/download/symbols\dll\gdi32.pdb","","","","","","","","","","","","","","","","",""
"","","","","","","","","","","","","","","","SRV*c:\sym*http://msdl.microsoft.com/download/symbols\gdi32.pdb","","","","","","","","","","","","","","","","",""
"","","","","","","","","","","","","","","","gdi32.pdb","","","","","","","","","","","","","","","","",""
"","","","","","","","","","","","","","","","SRV*c:\sym*http://msdl.microsoft.com/download/symbols\symbols\dll\GDI32.dbg","","","","","","","","","","","","","","","","",""
"","","","","","","","","","","","","","","","SRV*c:\sym*http://msdl.microsoft.com/download/symbols\dll\GDI32.dbg","","","","","","","","","","","","","","","","",""
"","","","","","","","","","","","","","","","SRV*c:\sym*http://msdl.microsoft.com/download/symbols\GDI32.dbg","","","","","","","","","","","","","","","","",""
"","","","","","","","","","","","","","","","GDI32.dbg","","","","","","","","","","","","","","","","",""
"","","","","","","","","","","","","","","",".\shlwapi.pdb","","","","","","","","","","","","","","","","",""
"","","","","","","","","","","","","","","","SRV*c:\sym*http://msdl.microsoft.com/download/symbols\symbols\dll\shlwapi.pdb","","","","","","","","","","","","","","","","",""
"","","","","","","","","","","","","","","","SRV*c:\sym*http://msdl.microsoft.com/download/symbols\dll\shlwapi.pdb","","","","","","","","","","","","","","","","",""
"","","","","","","","","","","","","","","","SRV*c:\sym*http://msdl.microsoft.com/download/symbols\shlwapi.pdb","","","","","","","","","","","","","","","","",""
"","","","","","","","","","","","","","","","shlwapi.pdb","","","","","","","","","","","","","","","","",""
"","","","","","","","","","","","","","","","SRV*c:\sym*http://msdl.microsoft.com/download/symbols\symbols\dll\SHLWAPI.dbg","","","","","","","","","","","","","","","","",""
"","","","","","","","","","","","","","","","SRV*c:\sym*http://msdl.microsoft.com/download/symbols\dll\SHLWAPI.dbg","","","","","","","","","","","","","","","","",""
"","","","","","","","","","","","","","","","SRV*c:\sym*http://msdl.microsoft.com/download/symbols\SHLWAPI.dbg","","","","","","","","","","","","","","","","",""
"","","","","","","","","","","","","","","","SHLWAPI.dbg","","","","","","","","","","","","","","","","",""
"","","","","","","","","","","","","","","",".\ws2_32.pdb","","","","","","","","","","","","","","","","",""
"","","","","","","","","","","","","","","","SRV*c:\sym*http://msdl.microsoft.com/download/symbols\symbols\dll\ws2_32.pdb","","","","","","","","","","","","","","","","",""
"","","","","","","","","","","","","","","","SRV*c:\sym*http://msdl.microsoft.com/download/symbols\dll\ws2_32.pdb","","","","","","","","","","","","","","","","",""
"","","","","","","","","","","","","","","","SRV*c:\sym*http://msdl.microsoft.com/download/symbols\ws2_32.pdb","","","","","","","","","","","","","","","","",""
"","","","","","","","","","","","","","","","ws2_32.pdb","","","","","","","","","","","","","","","","",""
"","","","","","","","","","","","","","","","SRV*c:\sym*http://msdl.microsoft.com/download/symbols\symbols\dll\WS2_32.dbg","","","","","","","","","","","","","","","","",""
"","","","","","","","","","","","","","","","SRV*c:\sym*http://msdl.microsoft.com/download/symbols\dll\WS2_32.dbg","","","","","","","","","","","","","","","","",""
"","","","","","","","","","","","","","","","SRV*c:\sym*http://msdl.microsoft.com/download/symbols\WS2_32.dbg","","","","","","","","","","","","","","","","",""
"","","","","","","","","","","","","","","","WS2_32.dbg","","","","","","","","","","","","","","","","",""
"","","","","","","","","","","","","","","",".\ws2help.pdb","","","","","","","","","","","","","","","","",""
"","","","","","","","","","","","","","","","SRV*c:\sym*http://msdl.microsoft.com/download/symbols\symbols\dll\ws2help.pdb","","","","","","","","","","","","","","","","",""
"","","","","","","","","","","","","","","","SRV*c:\sym*http://msdl.microsoft.com/download/symbols\dll\ws2help.pdb","","","","","","","","","","","","","","","","",""
"","","","","","","","","","","","","","","","SRV*c:\sym*http://msdl.microsoft.com/download/symbols\ws2help.pdb","","","","","","","","","","","","","","","","",""
"","","","","","","","","","","","","","","","ws2help.pdb","","","","","","","","","","","","","","","","",""
"","","","","","","","","","","","","","","","SRV*c:\sym*http://msdl.microsoft.com/download/symbols\symbols\dll\WS2HELP.dbg","","","","","","","","","","","","","","","","",""
"","","","","","","","","","","","","","","","SRV*c:\sym*http://msdl.microsoft.com/download/symbols\dll\WS2HELP.dbg","","","","","","","","","","","","","","","","",""
"","","","","","","","","","","","","","","","SRV*c:\sym*http://msdl.microsoft.com/download/symbols\WS2HELP.dbg","","","","","","","","","","","","","","","","",""
"","","","","","","","","","","","","","","","WS2HELP.dbg","","","","","","","","","","","","","","","","",""
"","","","","","","","","","","","","","","",".\netapi32.pdb","","","","","","","","","","","","","","","","",""
"","","","","","","","","","","","","","","","SRV*c:\sym*http://msdl.microsoft.com/download/symbols\symbols\dll\netapi32.pdb","","","","","","","","","","","","","","","","",""
"","","","","","","","","","","","","","","","SRV*c:\sym*http://msdl.microsoft.com/download/symbols\dll\netapi32.pdb","","","","","","","","","","","","","","","","",""
"","","","","","","","","","","","","","","","SRV*c:\sym*http://msdl.microsoft.com/download/symbols\netapi32.pdb","","","","","","","","","","","","","","","","",""
"","","","","","","","","","","","","","","","netapi32.pdb","","","","","","","","","","","","","","","","",""
"","","","","","","","","","","","","","","","SRV*c:\sym*http://msdl.microsoft.com/download/symbols\symbols\dll\NETAPI32.dbg","","","","","","","","","","","","","","","","",""
"","","","","","","","","","","","","","","","SRV*c:\sym*http://msdl.microsoft.com/download/symbols\dll\NETAPI32.dbg","","","","","","","","","","","","","","","","",""
"","","","","","","","","","","","","","","","SRV*c:\sym*http://msdl.microsoft.com/download/symbols\NETAPI32.dbg","","","","","","","","","","","","","","","","",""
"","","","","","","","","","","","","","","","NETAPI32.dbg","","","","","","","","","","","","","","","","",""
"","","","","","","","","","","","","","","",".\cmonitor.pdb","","","","","","","","","","","","","","","","",""
"","","","","","","","","","","","","","","","SRV*c:\sym*http://msdl.microsoft.com/download/symbols\symbols\dll\cmonitor.pdb","","","","","","","","","","","","","","","","",""
"","","","","","","","","","","","","","","","SRV*c:\sym*http://msdl.microsoft.com/download/symbols\dll\cmonitor.pdb","","","","","","","","","","","","","","","","",""
"","","","","","","","","","","","","","","","SRV*c:\sym*http://msdl.microsoft.com/download/symbols\cmonitor.pdb","","","","","","","","","","","","","","","","",""
"","","","","","","","","","","","","","","","C:\Documents and Settings\emartinez\Escritorio\cmonitor\Release\cmonitor.pdb","","","","","","","","","","","","","","","","",""
"","","","","","","","","","","","","","","","SRV*c:\sym*http://msdl.microsoft.com/download/symbols\symbols\dll\oZSCGE.dbg","","","","","","","","","","","","","","","","",""
"","","","","","","","","","","","","","","","SRV*c:\sym*http://msdl.microsoft.com/download/symbols\dll\oZSCGE.dbg","","","","","","","","","","","","","","","","",""
"","","","","","","","","","","","","","","","SRV*c:\sym*http://msdl.microsoft.com/download/symbols\oZSCGE.dbg","","","","","","","","","","","","","","","","",""
"","","","","","","","","","","","","","","","oZSCGE.dbg","","","","","","","","","","","","","","","","",""
"","","","","","","","","","","","","","","",".\shell32.pdb","","","","","","","","","","","","","","","","",""
"","","","","","","","","","","","","","","","SRV*c:\sym*http://msdl.microsoft.com/download/symbols\symbols\dll\shell32.pdb","","","","","","","","","","","","","","","","",""
"","","","","","","","","","","","","","","","SRV*c:\sym*http://msdl.microsoft.com/download/symbols\dll\shell32.pdb","","","","","","","","","","","","","","","","",""
"","","","","","","","","","","","","","","","SRV*c:\sym*http://msdl.microsoft.com/download/symbols\shell32.pdb","","","","","","","","","","","","","","","","",""
"","","","","","","","","","","","","","","","shell32.pdb","","","","","","","","","","","","","","","","",""
"","","","","","","","","","","","","","","","SRV*c:\sym*http://msdl.microsoft.com/download/symbols\symbols\dll\SHELL32.dbg","","","","","","","","","","","","","","","","",""
"","","","","","","","","","","","","","","","SRV*c:\sym*http://msdl.microsoft.com/download/symbols\dll\SHELL32.dbg","","","","","","","","","","","","","","","","",""
"","","","","","","","","","","","","","","","SRV*c:\sym*http://msdl.microsoft.com/download/symbols\SHELL32.dbg","","","","","","","","","","","","","","","","",""
"","","","","","","","","","","","","","","","SHELL32.dbg","","","","","","","","","","","","","","","","",""
"","","","","","","","","","","","","","","",".\wininet.pdb","","","","","","","","","","","","","","","","",""
"","","","","","","","","","","","","","","","SRV*c:\sym*http://msdl.microsoft.com/download/symbols\symbols\dll\wininet.pdb","","","","","","","","","","","","","","","","",""
"","","","","","","","","","","","","","","","SRV*c:\sym*http://msdl.microsoft.com/download/symbols\dll\wininet.pdb","","","","","","","","","","","","","","","","",""
"","","","","","","","","","","","","","","","SRV*c:\sym*http://msdl.microsoft.com/download/symbols\wininet.pdb","","","","","","","","","","","","","","","","",""
"","","","","","","","","","","","","","","","wininet.pdb","","","","","","","","","","","","","","","","",""
"","","","","","","","","","","","","","","","SRV*c:\sym*http://msdl.microsoft.com/download/symbols\symbols\dll\WININET.dbg","","","","","","","","","","","","","","","","",""
"","","","","","","","","","","","","","","","SRV*c:\sym*http://msdl.microsoft.com/download/symbols\dll\WININET.dbg","","","","","","","","","","","","","","","","",""
"","","","","","","","","","","","","","","","SRV*c:\sym*http://msdl.microsoft.com/download/symbols\WININET.dbg","","","","","","","","","","","","","","","","",""
"","","","","","","","","","","","","","","","WININET.dbg","","","","","","","","","","","","","","","","",""
"","","","","","","","","","","","","","","",".\crypt32.pdb","","","","","","","","","","","","","","","","",""
"","","","","","","","","","","","","","","","SRV*c:\sym*http://msdl.microsoft.com/download/symbols\symbols\dll\crypt32.pdb","","","","","","","","","","","","","","","","",""
"","","","","","","","","","","","","","","","SRV*c:\sym*http://msdl.microsoft.com/download/symbols\dll\crypt32.pdb","","","","","","","","","","","","","","","","",""
"","","","","","","","","","","","","","","","SRV*c:\sym*http://msdl.microsoft.com/download/symbols\crypt32.pdb","","","","","","","","","","","","","","","","",""
"","","","","","","","","","","","","","","","crypt32.pdb","","","","","","","","","","","","","","","","",""
"","","","","","","","","","","","","","","","SRV*c:\sym*http://msdl.microsoft.com/download/symbols\symbols\dll\CRYPT32.dbg","","","","","","","","","","","","","","","","",""
"","","","","","","","","","","","","","","","SRV*c:\sym*http://msdl.microsoft.com/download/symbols\dll\CRYPT32.dbg","","","","","","","","","","","","","","","","",""
"","","","","","","","","","","","","","","","SRV*c:\sym*http://msdl.microsoft.com/download/symbols\CRYPT32.dbg","","","","","","","","","","","","","","","","",""
"","","","","","","","","","","","","","","","CRYPT32.dbg","","","","","","","","","","","","","","","","",""
"","","","","","","","","","","","","","","",".\msasn1.pdb","","","","","","","","","","","","","","","","",""
"","","","","","","","","","","","","","","","SRV*c:\sym*http://msdl.microsoft.com/download/symbols\symbols\dll\msasn1.pdb","","","","","","","","","","","","","","","","",""
"","","","","","","","","","","","","","","","SRV*c:\sym*http://msdl.microsoft.com/download/symbols\dll\msasn1.pdb","","","","","","","","","","","","","","","","",""
"","","","","","","","","","","","","","","","SRV*c:\sym*http://msdl.microsoft.com/download/symbols\msasn1.pdb","","","","","","","","","","","","","","","","",""
"","","","","","","","","","","","","","","","msasn1.pdb","","","","","","","","","","","","","","","","",""
"","","","","","","","","","","","","","","","SRV*c:\sym*http://msdl.microsoft.com/download/symbols\symbols\dll\MSASN1.dbg","","","","","","","","","","","","","","","","",""
"","","","","","","","","","","","","","","","SRV*c:\sym*http://msdl.microsoft.com/download/symbols\dll\MSASN1.dbg","","","","","","","","","","","","","","","","",""
"","","","","","","","","","","","","","","","SRV*c:\sym*http://msdl.microsoft.com/download/symbols\MSASN1.dbg","","","","","","","","","","","","","","","","",""
"","","","","","","","","","","","","","","","MSASN1.dbg","","","","","","","","","","","","","","","","",""
"","","","","","","","","","","","","","","",".\oleaut32.pdb","","","","","","","","","","","","","","","","",""
"","","","","","","","","","","","","","","","SRV*c:\sym*http://msdl.microsoft.com/download/symbols\symbols\dll\oleaut32.pdb","","","","","","","","","","","","","","","","",""
"","","","","","","","","","","","","","","","SRV*c:\sym*http://msdl.microsoft.com/download/symbols\dll\oleaut32.pdb","","","","","","","","","","","","","","","","",""
"","","","","","","","","","","","","","","","SRV*c:\sym*http://msdl.microsoft.com/download/symbols\oleaut32.pdb","","","","","","","","","","","","","","","","",""
"","","","","","","","","","","","","","","","oleaut32.pdb","","","","","","","","","","","","","","","","",""
"","","","","","","","","","","","","","","","SRV*c:\sym*http://msdl.microsoft.com/download/symbols\symbols\dll\OLEAUT32.dbg","","","","","","","","","","","","","","","","",""
"","","","","","","","","","","","","","","","SRV*c:\sym*http://msdl.microsoft.com/download/symbols\dll\OLEAUT32.dbg","","","","","","","","","","","","","","","","",""
"","","","","","","","","","","","","","","","SRV*c:\sym*http://msdl.microsoft.com/download/symbols\OLEAUT32.dbg","","","","","","","","","","","","","","","","",""
"","","","","","","","","","","","","","","","OLEAUT32.dbg","","","","","","","","","","","","","","","","",""
"","","","","","","","","","","","","","","",".\ole32.pdb","","","","","","","","","","","","","","","","",""
"","","","","","","","","","","","","","","","SRV*c:\sym*http://msdl.microsoft.com/download/symbols\symbols\dll\ole32.pdb","","","","","","","","","","","","","","","","",""
"","","","","","","","","","","","","","","","SRV*c:\sym*http://msdl.microsoft.com/download/symbols\dll\ole32.pdb","","","","","","","","","","","","","","","","",""
"","","","","","","","","","","","","","","","SRV*c:\sym*http://msdl.microsoft.com/download/symbols\ole32.pdb","","","","","","","","","","","","","","","","",""
"","","","","","","","","","","","","","","","ole32.pdb","","","","","","","","","","","","","","","","",""
"","","","","","","","","","","","","","","","SRV*c:\sym*http://msdl.microsoft.com/download/symbols\symbols\dll\ole32.dbg","","","","","","","","","","","","","","","","",""
"","","","","","","","","","","","","","","","SRV*c:\sym*http://msdl.microsoft.com/download/symbols\dll\ole32.dbg","","","","","","","","","","","","","","","","",""
"","","","","","","","","","","","","","","","SRV*c:\sym*http://msdl.microsoft.com/download/symbols\ole32.dbg","","","","","","","","","","","","","","","","",""
"","","","","","","","","","","","","","","","ole32.dbg","","","","","","","","","","","","","","","","",""
"","","","","","","","","","","","","","","",".\urlmon.pdb","","","","","","","","","","","","","","","","",""
"","","","","","","","","","","","","","","","SRV*c:\sym*http://msdl.microsoft.com/download/symbols\symbols\dll\urlmon.pdb","","","","","","","","","","","","","","","","",""
"","","","","","","","","","","","","","","","SRV*c:\sym*http://msdl.microsoft.com/download/symbols\dll\urlmon.pdb","","","","","","","","","","","","","","","","",""
"","","","","","","","","","","","","","","","SRV*c:\sym*http://msdl.microsoft.com/download/symbols\urlmon.pdb","","","","","","","","","","","","","","","","",""
"","","","","","","","","","","","","","","","urlmon.pdb","","","","","","","","","","","","","","","","",""
"","","","","","","","","","","","","","","","SRV*c:\sym*http://msdl.microsoft.com/download/symbols\symbols\dll\urlmon.dbg","","","","","","","","","","","","","","","","",""
"","","","","","","","","","","","","","","","SRV*c:\sym*http://msdl.microsoft.com/download/symbols\dll\urlmon.dbg","","","","","","","","","","","","","","","","",""
"","","","","","","","","","","","","","","","SRV*c:\sym*http://msdl.microsoft.com/download/symbols\urlmon.dbg","","","","","","","","","","","","","","","","",""
"","","","","","","","","","","","","","","","urlmon.dbg","","","","","","","","","","","","","","","","",""
"","","","","","","","","","","","","","","",".\MicrosoftWindowsCommonControls6.0.2600.5512comctl32.pdb","","","","","","","","","","","","","","","","",""
"","","","","","","","","","","","","","","","SRV*c:\sym*http://msdl.microsoft.com/download/symbols\symbols\dll\MicrosoftWindowsCommonControls6.0.2600.5512comctl32.pdb","","","","","","","","","","","","","","","","",""
"","","","","","","","","","","","","","","","SRV*c:\sym*http://msdl.microsoft.com/download/symbols\dll\MicrosoftWindowsCommonControls6.0.2600.5512comctl32.pdb","","","","","","","","","","","","","","","","",""
"","","","","","","","","","","","","","","","SRV*c:\sym*http://msdl.microsoft.com/download/symbols\MicrosoftWindowsCommonControls6.0.2600.5512comctl32.pdb","","","","","","","","","","","","","","","","",""
"","","","","","","","","","","","","","","","MicrosoftWindowsCommonControls6.0.2600.5512comctl32.pdb","","","","","","","","","","","","","","","","",""
"","","","","","","","","","","","","","","","SRV*c:\sym*http://msdl.microsoft.com/download/symbols\symbols\dll\comctl32.dbg","","","","","","","","","","","","","","","","",""
"","","","","","","","","","","","","","","","SRV*c:\sym*http://msdl.microsoft.com/download/symbols\dll\comctl32.dbg","","","","","","","","","","","","","","","","",""
"","","","","","","","","","","","","","","","SRV*c:\sym*http://msdl.microsoft.com/download/symbols\comctl32.dbg","","","","","","","","","","","","","","","","",""
"","","","","","","","","","","","","","","","comctl32.dbg","","","","","","","","","","","","","","","","",""
"","","","","","","","","","","","","","","",".\comctl32.pdb","","","","","","","","","","","","","","","","",""
"","","","","","","","","","","","","","","","SRV*c:\sym*http://msdl.microsoft.com/download/symbols\symbols\dll\comctl32.pdb","","","","","","","","","","","","","","","","",""
"","","","","","","","","","","","","","","","SRV*c:\sym*http://msdl.microsoft.com/download/symbols\dll\comctl32.pdb","","","","","","","","","","","","","","","","",""
"","","","","","","","","","","","","","","","SRV*c:\sym*http://msdl.microsoft.com/download/symbols\comctl32.pdb","","","","","","","","","","","","","","","","",""
"","","","","","","","","","","","","","","","comctl32.pdb","","","","","","","","","","","","","","","","",""
"","","","","","","","","","","","","","","","C:\documents\user\local\Temp\lsasrv.dll","","","","","","","","","","","","","","","","",""
"","","","","","","","","","","","","","","","C:\WINDOWS\system32\lsasrv.dll","","","","","","","","","","","","","","","","",""
"","","","","","","","","","","","","","","","C:\WINDOWS\system32\lsasrv.pdb","","","","","","","","","","","","","","","","",""
"","","","","","","","","","","","","","","","SRV*c:\sym*http://msdl.microsoft.com/download/symbols\symbols\dll\lsasrv.pdb","","","","","","","","","","","","","","","","",""
"","","","","","","","","","","","","","","","SRV*c:\sym*http://msdl.microsoft.com/download/symbols\dll\lsasrv.pdb","","","","","","","","","","","","","","","","",""
"","","","","","","","","","","","","","","","SRV*c:\sym*http://msdl.microsoft.com/download/symbols\lsasrv.pdb","","","","","","","","","","","","","","","","",""
"","","","","","","","","","","","","","","","lsasrv.pdb","","","","","","","","","","","","","","","","",""
"","","","","","","","","","","","","","","","SRV*c:\sym*http://msdl.microsoft.com/download/symbols\symbols\dll\lsasrv.dbg","","","","","","","","","","","","","","","","",""
"","","","","","","","","","","","","","","","SRV*c:\sym*http://msdl.microsoft.com/download/symbols\dll\lsasrv.dbg","","","","","","","","","","","","","","","","",""
"","","","","","","","","","","","","","","","SRV*c:\sym*http://msdl.microsoft.com/download/symbols\lsasrv.dbg","","","","","","","","","","","","","","","","",""
"","","","","","","","","","","","","","","","C:\\documents\user\local\Temp\lsasrv.dbg","","","","","","","","","","","","","","","","",""
"","","","","","","","","","","","","","","","c:\pdbs","","","","","","","","","","","","","","","","",""
