"Imports","Runtime_DLL","Reg_Set","Reg_Set_Val","Reg_Set_Type","Reg_Del","Service_Opened","Service_Controlled","Service_Created","Service_Started","Proc_Terminated","Proc_Created","Proc_Injected","Proc_Shellcmds","File_Read","File_Opened","File_Written","File_Replaced","File_Moved_src","File_Moved_dst","File_Copied_src","File_Copied_dst","File_Deleted","KERNEL32.dll"
"KERNEL32.dll","kernel32.dll","","","","","RASMAN","","","","","C:\WINDOWS\system32\cmd.exe C:\WINDOWS\system32\cmd.exe"" /c dir C:\documents\user\Desktop\  C:\documents\user\APPLIC1\MICROS1\HNC\1.hwp""","","(Open) C:\WINDOWS\system32\cmd.exe/c dir C:\documents\user\Desktop\  C:\documents\user\APPLIC1\MICROS1\HNC\1.hwp [(null)]","C:\WINDOWS\Registration\R000000000007.clb","\\.\PIPE\lsarpc","C:\documents\user\APPLIC1\MICROS1\HNC\hupdate.ex","","","","C:\documents\user\APPLIC1\MICROS1\HNC\hupdate.ex","C:\Documents and Settings\USER\Application Data\Action Center\pro\pcacli.dll","","GetLastError"
"","advapi32.dll","","","","","RemoteAccess","","","","","C:\WINDOWS\system32\cmd.exe C:\WINDOWS\system32\cmd.exe"" /c dir C:\documents\user\Recent\  C:\documents\user\APPLIC1\MICROS1\HNC\1.hwp""","","(Open) C:\WINDOWS\system32\cmd.exe/c dir C:\documents\user\Recent\  C:\documents\user\APPLIC1\MICROS1\HNC\1.hwp [(null)]","C:\WINDOWS\system32\cmd.exe","\\.\PIPE\wkssvc","C:\Documents and Settings\USER\Application Data\Action Center\pre\PI_003.dat","","","","","","","HeapFree"
"","wininet.dll","","","","","Router","","","","","C:\WINDOWS\system32\cmd.exe C:\WINDOWS\system32\cmd.exe"" /c dir C:\PROGRA1\  C:\documents\user\APPLIC1\MICROS1\HNC\1.hwp""","","(Open) C:\WINDOWS\system32\cmd.exe/c dir C:\PROGRA1\  C:\documents\user\APPLIC1\MICROS1\HNC\1.hwp [(null)]","C:\documents\user\APPLIC1\MICROS1\HNC\1.hwp","\\.\MountPointManager","C:\Documents and Settings\USER\Application Data\Action Center\fin\mg_6334","","","","","","","GetStdHandle"
"","shell32.dll","","","","","","","","","","C:\WINDOWS\system32\cmd.exe C:\WINDOWS\system32\cmd.exe"" /c systeminfo  C:\documents\user\APPLIC1\MICROS1\HNC\1.hwp""","","(Open) C:\WINDOWS\system32\cmd.exe/c systeminfo  C:\documents\user\APPLIC1\MICROS1\HNC\1.hwp [(null)]","c:\autoexec.bat","C:\WINDOWS\Registration\R000000000007.clb","C:\Documents and Settings\USER\Application Data\Action Center\pro\Cache9358.dat","","","","","","","EnterCriticalSection"
"","user32.dll","","","","","","","","","","C:\documents\user\APPLIC1\MICROS1\HNC\hupdate.ex","","","C:\documents\user\APPLIC1\MICROS1\HNC\hupdate.ex","C:\WINDOWS\system32\cmd.exe","C:\Documents and Settings\USER\Application Data\Action Center\fin\mg_4464","","","","","","","LCMapStringW"
"","shlwapi.dll","","","","","","","","","","rundll32.exe C:\documents\user\APPLIC1\MICROS1\HNC\hupdate.ex"" Run""","","","C:\Documents and Settings\USER\Recent\32Bit.lnk","C:\documents\user\APPLIC1\MICROS1\HNC\1.hwp","C:\Documents and Settings\USER\Application Data\Action Center\pro\Cache4084.dat","","","","","","","SetHandleCount"
"","rpcrt4.dll","","","","","","","","","","cmd.exe /c taskkill /f /im daumcleaner.exe","","","C:\Documents and Settings\USER\Application Data\Action Center\pre\PI_000.dat","c:\autoexec.bat","C:\Documents and Settings\USER\Application Data\Action Center\pro\Cache6418.dat","","","","","","","GetOEMCP"
"","userenv.dll","","","","","","","","","","cmd.exe /c dir c:\Documents and Settings"" /s /a ""C:\Documents and Settings\USER\Application Data\Action Center\pre\PI_000.dat""""","","","C:\Documents and Settings\USER\Application Data\Action Center\pre\PI_003.dat","C:\documents\user\APPLIC1\MICROS1\HNC\hupdate.ex","C:\Documents and Settings\USER\Application Data\Action Center\pre\PI_001.dat","","","","","","","LCMapStringA"
"","ole32.dll","","","","","","","","","","cmd.exe /c dir c:\users"" /s /a ""C:\Documents and Settings\USER\Application Data\Action Center\pre\PI_000.dat""""","","","C:\Documents and Settings\USER\Application Data\Action Center\fin\mg_6334","C:\WINDOWS\system32\rundll32.exe","","","","","","","","HeapDestroy"
"","netapi32","","","","","","","","","","cmd.exe /c dir c:\Program Files"" /s /a ""C:\Documents and Settings\USER\Application Data\Action Center\pre\PI_000.dat""""","","","C:\documents\user\local\Temp\DA1.tmp","C:\Documents and Settings\USER\Application Data\Action Center\pre\PI_003.dat","","","","","","","","ExitProcess"
"","setupapi.dll","","","","","","","","","","cmd.exe /c dir C:\Documents and Settings\USER\Application Data"" /s /a ""C:\Documents and Settings\USER\Application Data\Action Center\pre\PI_000.dat""""","","","C:\Documents and Settings\USER\Application Data\Action Center\pro\Cache9358.dat","C:\Documents and Settings\USER\Recent\32Bit.lnk","","","","","","","","TlsAlloc"
"","clbcatq.dll","","","","","","","","","","cmd.exe /c ipconfig/all C:\Documents and Settings\USER\Application Data\Action Center\pre\PI_001.dat"" & arp a ""C:\Documents and Settings\USER\Application Data\Action Center\pre\PI_001.dat""""","","","C:\Documents and Settings\USER\Application Data\Action Center\pre\PI_001.dat","C:\Documents and Settings\USER\Recent\AUTORUN.lnk","","","","","","","","GetEnvironmentStringsW"
"","secur32.dll","","","","","","","","","","cmd.exe /c systeminfo C:\Documents and Settings\USER\Application Data\Action Center\pre\PI_001.dat""""","","","C:\Documents and Settings\USER\Application Data\Action Center\fin\mg_4464","C:\Documents and Settings\USER\Recent\CD Drive.lnk","","","","","","","","FlushFileBuffers"
"","version.dll","","","","","","","","","","cmd.exe /c tasklist C:\Documents and Settings\USER\Application Data\Action Center\pre\PI_001.dat""""","","","C:\Documents and Settings\USER\Application Data\Action Center\pro\Cache4084.dat","C:\Documents and Settings\USER\Recent\Readme.lnk","","","","","","","","LoadLibraryA"
"","wsock32","","","","","","","","","","C:\Documents and Settings\USER\Application Data\Action Center\pro\Cache9358.dat","","","C:\Documents and Settings\USER\Application Data\Action Center\pro\Cache6418.dat","C:\Documents and Settings\USER\Application Data\Action Center\fin\mg_6334","","","","","","","","RtlUnwind"
"","ws2_32","","","","","","","","","","C:\Documents and Settings\USER\Application Data\Action Center\pro\Cache9961.dat","","","","C:\Documents and Settings\USER\Application Data\Action Center\pre\PI_000.dat","","","","","","","","GetModuleFileNameA"
"","comctl32.dll","","","","","","","","","","C:\Documents and Settings\USER\Application Data\Action Center\pro\Cache2995.dat","","","","C:\Documents and Settings\USER\Application Data\Action Center\pre\PI_001.dat","","","","","","","","FreeEnvironmentStringsA"
"","rasapi32.dll","","","","","","","","","","C:\Documents and Settings\USER\Application Data\Action Center\pro\Cache4827.dat","","","","C:\documents\user\local\Temp\DA1.tmp","","","","","","","","DeleteCriticalSection"
"","rtutils.dll","","","","","","","","","","C:\Documents and Settings\USER\Application Data\Action Center\pro\Cache2391.dat","","","","C:\documents\user\local\Temp\DA2.tmp","","","","","","","","GetStartupInfoA"
"","sensapi.dll","","","","","","","","","","C:\Documents and Settings\USER\Application Data\Action Center\pro\Cache3902.dat","","","","C:\Documents and Settings\USER\Application Data\Action Center\pro\Cache9358.dat","","","","","","","","GetEnvironmentStrings"
"","ntdll.dll","","","","","","","","","","C:\Documents and Settings\USER\Application Data\Action Center\pro\Cache0292.dat","","","","C:\Documents","","","","","","","","GetCPInfo"
"","netapi32.dll","","","","","","","","","","C:\Documents and Settings\USER\Application Data\Action Center\pro\Cache7421.dat","","","","C:\Documents and","","","","","","","","UnhandledExceptionFilter"
"","urlmon.dll","","","","","","","","","","C:\Documents and Settings\USER\Application Data\Action Center\pro\Cache9718.dat","","","","C:\Documents and Settings\USER\Application","","","","","","","","InterlockedDecrement"
"","c:\windows\system32\mswsock.dll","","","","","","","","","","C:\Documents and Settings\USER\Application Data\Action Center\pro\Cache5447.dat","","","","C:\Documents and Settings\USER\Application Data\Action","","","","","","","","MultiByteToWideChar"
"","dnsapi.dll","","","","","","","","","","C:\Documents and Settings\USER\Application Data\Action Center\pro\Cache4771.dat","","","","C:\Documents and Settings\USER\Application Data\Action Center\fin\mg_4464","","","","","","","","FreeEnvironmentStringsW"
"","rasadhlp.dll","","","","","","","","","","C:\Documents and Settings\USER\Application Data\Action Center\pro\Cache1869.dat","","","","C:\Documents and Settings\USER\Application Data\Action Center\pre\PI_001.dat","","","","","","","","GetCommandLineA"
"","hnetcfg.dll","","","","","","","","","","C:\Documents and Settings\USER\Application Data\Action Center\pro\Cache5667.dat","","","","C:\documents\user\local\Temp\DA3.tmp","","","","","","","","GetProcAddress"
"","c:\windows\system32\wshtcpip.dll","","","","","","","","","","C:\Documents and Settings\USER\Application Data\Action Center\pro\Cache7035.dat","","","","C:\documents\user\local\Temp\DA4.tmp","","","","","","","","SetStdHandle"
"","ntdll","","","","","","","","","","C:\Documents and Settings\USER\Application Data\Action Center\pro\Cache8703.dat","","","","C:\Documents and Settings\USER\Application Data\Action Center\pro\Cache9961.dat","","","","","","","","SetFilePointer"
"","oleaut32.dll","","","","","","","","","","C:\Documents and Settings\USER\Application Data\Action Center\pro\Cache1322.dat","","","","C:\documents\user\local\Temp\DA5.tmp","","","","","","","","WideCharToMultiByte"
"","c:\docume1\user\applic1\micros1\hnc\hupdate.ex","","","","","","","","","","C:\Documents and Settings\USER\Application Data\Action Center\pro\Cache7673.dat","","","","C:\Documents and Settings\USER\Application Data\Action Center\pro\Cache2995.dat","","","","","","","","GetStringTypeA"
"","netman.dll","","","","","","","","","","C:\Documents and Settings\USER\Application Data\Action Center\pro\Cache5141.dat","","","","C:\documents\user\local\Temp\DA6.tmp","","","","","","","","GetModuleHandleA"
"","mprapi.dll","","","","","","","","","","C:\Documents and Settings\USER\Application Data\Action Center\pro\Cache8253.dat","","","","C:\Documents and Settings\USER\Application Data\Action Center\pro\Cache4827.dat","","","","","","","","ReadFile"
"","wintrust.dll","","","","","","","","","","C:\Documents and Settings\USER\Application Data\Action Center\pro\Cache5547.dat","","","","C:\documents\user\local\Temp\DA7.tmp","","","","","","","","WriteFile"
"","","","","","","","","","","","C:\Documents and Settings\USER\Application Data\Action Center\pro\Cache2662.dat","","","","C:\Documents and Settings\USER\Application Data\Action Center\pro\Cache2391.dat","","","","","","","","GetCurrentProcess"
"","","","","","","","","","","","C:\Documents and Settings\USER\Application Data\Action Center\pro\Cache0037.dat","","","","C:\documents\user\local\Temp\DA8.tmp","","","","","","","","CloseHandle"
"","","","","","","","","","","","C:\Documents and Settings\USER\Application Data\Action Center\pro\Cache8723.dat","","","","C:\Documents and Settings\USER\Application Data\Action Center\pro\Cache3902.dat","","","","","","","","GetACP"
"","","","","","","","","","","","C:\Documents and Settings\USER\Application Data\Action Center\pro\Cache7529.dat","","","","C:\documents\user\local\Temp\DA9.tmp","","","","","","","","HeapReAlloc"
"","","","","","","","","","","","C:\Documents and Settings\USER\Application Data\Action Center\pro\Cache2316.dat","","","","C:\Documents and Settings\USER\Application Data\Action Center\pro\Cache0292.dat","","","","","","","","GetStringTypeW"
"","","","","","","","","","","","C:\Documents and Settings\USER\Application Data\Action Center\pro\Cache2190.dat","","","","C:\documents\user\local\Temp\DAA.tmp","","","","","","","","GetCurrentThreadId"
"","","","","","","","","","","","C:\Documents and Settings\USER\Application Data\Action Center\pro\Cache0288.dat","","","","C:\Documents and Settings\USER\Application Data\Action Center\pro\Cache7421.dat","","","","","","","","TerminateProcess"
"","","","","","","","","","","","C:\Documents and Settings\USER\Application Data\Action Center\pro\Cache9040.dat","","","","C:\documents\user\local\Temp\DAB.tmp","","","","","","","","InitializeCriticalSection"
"","","","","","","","","","","","C:\Documents and Settings\USER\Application Data\Action Center\pro\Cache9264.dat","","","","C:\Documents and Settings\USER\Application Data\Action Center\pro\Cache9718.dat","","","","","","","","HeapCreate"
"","","","","","","","","","","","C:\Documents and Settings\USER\Application Data\Action Center\pro\Cache7446.dat","","","","C:\documents\user\local\Temp\DAC.tmp","","","","","","","","CreateFileW"
"","","","","","","","","","","","C:\Documents and Settings\USER\Application Data\Action Center\pro\Cache5890.dat","","","","C:\Documents and Settings\USER\Application Data\Action Center\pro\Cache5447.dat","","","","","","","","VirtualFree"
"","","","","","","","","","","","C:\Documents and Settings\USER\Application Data\Action Center\pro\Cache4370.dat","","","","C:\documents\user\local\Temp\DAD.tmp","","","","","","","","TlsGetValue"
"","","","","","","","","","","","C:\Documents and Settings\USER\Application Data\Action Center\pro\Cache5006.dat","","","","C:\Documents and Settings\USER\Application Data\Action Center\pro\Cache4771.dat","","","","","","","","GetFileType"
"","","","","","","","","","","","C:\Documents and Settings\USER\Application Data\Action Center\pro\Cache4393.dat","","","","C:\documents\user\local\Temp\DAE.tmp","","","","","","","","SetEndOfFile"
"","","","","","","","","","","","C:\Documents and Settings\USER\Application Data\Action Center\pro\Cache9629.dat","","","","C:\Documents and Settings\USER\Application Data\Action Center\pro\Cache1869.dat","","","","","","","","TlsSetValue"
"","","","","","","","","","","","C:\Documents and Settings\USER\Application Data\Action Center\pro\Cache4084.dat","","","","C:\documents\user\local\Temp\DAF.tmp","","","","","","","","CreateFileA"
"","","","","","","","","","","","C:\Documents and Settings\USER\Application Data\Action Center\pro\Cache8756.dat","","","","C:\Documents and Settings\USER\Application Data\Action Center\pro\Cache5667.dat","","","","","","","","HeapAlloc"
"","","","","","","","","","","","C:\Documents and Settings\USER\Application Data\Action Center\pro\Cache4966.dat","","","","C:\documents\user\local\Temp\DA10.tmp","","","","","","","","GetVersion"
"","","","","","","","","","","","C:\Documents and Settings\USER\Application Data\Action Center\pro\Cache3931.dat","","","","C:\Documents and Settings\USER\Application Data\Action Center\pro\Cache7035.dat","","","","","","","","InterlockedIncrement"
"","","","","","","","","","","","C:\Documents and Settings\USER\Application Data\Action Center\pro\Cache6944.dat","","","","C:\documents\user\local\Temp\DA11.tmp","","","","","","","","VirtualAlloc"
"","","","","","","","","","","","C:\Documents and Settings\USER\Application Data\Action Center\pro\Cache4626.dat","","","","C:\Documents and Settings\USER\Application Data\Action Center\pro\Cache8703.dat","","","","","","","","SetLastError"
"","","","","","","","","","","","C:\Documents and Settings\USER\Application Data\Action Center\pro\Cache5537.dat","","","","C:\documents\user\local\Temp\DA12.tmp","","","","","","","","LeaveCriticalSection"
"","","","","","","","","","","","C:\Documents and Settings\USER\Application Data\Action Center\pro\Cache6118.dat","","","","C:\Documents and Settings\USER\Application Data\Action Center\pro\Cache1322.dat","","","","","","","",""
"","","","","","","","","","","","C:\Documents and Settings\USER\Application Data\Action Center\pro\Cache2929.dat","","","","C:\documents\user\local\Temp\DA13.tmp","","","","","","","",""
"","","","","","","","","","","","C:\Documents and Settings\USER\Application Data\Action Center\pro\Cache4833.dat","","","","C:\Documents and Settings\USER\Application Data\Action Center\pro\Cache7673.dat","","","","","","","",""
"","","","","","","","","","","","C:\Documents and Settings\USER\Application Data\Action Center\pro\Cache4639.dat","","","","C:\documents\user\local\Temp\DA14.tmp","","","","","","","",""
"","","","","","","","","","","","C:\Documents and Settings\USER\Application Data\Action Center\pro\Cache2704.dat","","","","C:\Documents and Settings\USER\Application Data\Action Center\pro\Cache5141.dat","","","","","","","",""
"","","","","","","","","","","","C:\Documents and Settings\USER\Application Data\Action Center\pro\Cache3977.dat","","","","C:\documents\user\local\Temp\DA15.tmp","","","","","","","",""
"","","","","","","","","","","","C:\Documents and Settings\USER\Application Data\Action Center\pro\Cache1673.dat","","","","C:\Documents and Settings\USER\Application Data\Action Center\pro\Cache8253.dat","","","","","","","",""
"","","","","","","","","","","","C:\Documents and Settings\USER\Application Data\Action Center\pro\Cache5021.dat","","","","C:\documents\user\local\Temp\DA16.tmp","","","","","","","",""
"","","","","","","","","","","","C:\Documents and Settings\USER\Application Data\Action Center\pro\Cache6924.dat","","","","C:\Documents and Settings\USER\Application Data\Action Center\pro\Cache5547.dat","","","","","","","",""
"","","","","","","","","","","","C:\Documents and Settings\USER\Application Data\Action Center\pro\Cache6270.dat","","","","C:\documents\user\local\Temp\DA17.tmp","","","","","","","",""
"","","","","","","","","","","","C:\Documents and Settings\USER\Application Data\Action Center\pro\Cache6777.dat","","","","C:\Documents and Settings\USER\Application Data\Action Center\pro\Cache2662.dat","","","","","","","",""
"","","","","","","","","","","","C:\Documents and Settings\USER\Application Data\Action Center\pro\Cache5097.dat","","","","C:\documents\user\local\Temp\DA18.tmp","","","","","","","",""
"","","","","","","","","","","","C:\Documents and Settings\USER\Application Data\Action Center\pro\Cache3986.dat","","","","C:\Documents and Settings\USER\Application Data\Action Center\pro\Cache0037.dat","","","","","","","",""
"","","","","","","","","","","","C:\Documents and Settings\USER\Application Data\Action Center\pro\Cache9161.dat","","","","C:\documents\user\local\Temp\DA19.tmp","","","","","","","",""
"","","","","","","","","","","","C:\Documents and Settings\USER\Application Data\Action Center\pro\Cache2355.dat","","","","C:\Documents and Settings\USER\Application Data\Action Center\pro\Cache8723.dat","","","","","","","",""
"","","","","","","","","","","","C:\Documents and Settings\USER\Application Data\Action Center\pro\Cache3655.dat","","","","C:\documents\user\local\Temp\DA1A.tmp","","","","","","","",""
"","","","","","","","","","","","C:\Documents and Settings\USER\Application Data\Action Center\pro\Cache4031.dat","","","","C:\Documents and Settings\USER\Application Data\Action Center\pro\Cache7529.dat","","","","","","","",""
"","","","","","","","","","","","C:\Documents and Settings\USER\Application Data\Action Center\pro\Cache7350.dat","","","","C:\documents\user\local\Temp\DA1B.tmp","","","","","","","",""
"","","","","","","","","","","","C:\Documents and Settings\USER\Application Data\Action Center\pro\Cache6941.dat","","","","C:\Documents and Settings\USER\Application Data\Action Center\pro\Cache2316.dat","","","","","","","",""
"","","","","","","","","","","","C:\Documents and Settings\USER\Application Data\Action Center\pro\Cache3966.dat","","","","C:\documents\user\local\Temp\DA1C.tmp","","","","","","","",""
"","","","","","","","","","","","C:\Documents and Settings\USER\Application Data\Action Center\pro\Cache1107.dat","","","","C:\Documents and Settings\USER\Application Data\Action Center\pro\Cache2190.dat","","","","","","","",""
"","","","","","","","","","","","C:\Documents and Settings\USER\Application Data\Action Center\pro\Cache8007.dat","","","","C:\documents\user\local\Temp\DA1D.tmp","","","","","","","",""
"","","","","","","","","","","","C:\Documents and Settings\USER\Application Data\Action Center\pro\Cache5457.dat","","","","C:\Documents and Settings\USER\Application Data\Action Center\pro\Cache0288.dat","","","","","","","",""
"","","","","","","","","","","","C:\Documents and Settings\USER\Application Data\Action Center\pro\Cache7753.dat","","","","C:\documents\user\local\Temp\DA1E.tmp","","","","","","","",""
"","","","","","","","","","","","C:\Documents and Settings\USER\Application Data\Action Center\pro\Cache4945.dat","","","","C:\Documents and Settings\USER\Application Data\Action Center\pro\Cache9040.dat","","","","","","","",""
"","","","","","","","","","","","C:\Documents and Settings\USER\Application Data\Action Center\pro\Cache2209.dat","","","","C:\documents\user\local\Temp\DA1F.tmp","","","","","","","",""
"","","","","","","","","","","","C:\Documents and Settings\USER\Application Data\Action Center\pro\Cache4221.dat","","","","C:\Documents and Settings\USER\Application Data\Action Center\pro\Cache9264.dat","","","","","","","",""
"","","","","","","","","","","","C:\Documents and Settings\USER\Application Data\Action Center\pro\Cache6422.dat","","","","C:\documents\user\local\Temp\DA20.tmp","","","","","","","",""
"","","","","","","","","","","","C:\Documents and Settings\USER\Application Data\Action Center\pro\Cache7506.dat","","","","C:\Documents and Settings\USER\Application Data\Action Center\pro\Cache7446.dat","","","","","","","",""
"","","","","","","","","","","","C:\Documents and Settings\USER\Application Data\Action Center\pro\Cache6413.dat","","","","C:\documents\user\local\Temp\DA21.tmp","","","","","","","",""
"","","","","","","","","","","","C:\Documents and Settings\USER\Application Data\Action Center\pro\Cache0900.dat","","","","C:\Documents and Settings\USER\Application Data\Action Center\pro\Cache5890.dat","","","","","","","",""
"","","","","","","","","","","","C:\Documents and Settings\USER\Application Data\Action Center\pro\Cache8762.dat","","","","C:\documents\user\local\Temp\DA22.tmp","","","","","","","",""
"","","","","","","","","","","","C:\Documents and Settings\USER\Application Data\Action Center\pro\Cache7410.dat","","","","C:\Documents and Settings\USER\Application Data\Action Center\pro\Cache4370.dat","","","","","","","",""
"","","","","","","","","","","","C:\Documents and Settings\USER\Application Data\Action Center\pro\Cache7624.dat","","","","C:\documents\user\local\Temp\DA23.tmp","","","","","","","",""
"","","","","","","","","","","","C:\Documents and Settings\USER\Application Data\Action Center\pro\Cache1548.dat","","","","C:\Documents and Settings\USER\Application Data\Action Center\pro\Cache5006.dat","","","","","","","",""
"","","","","","","","","","","","C:\Documents and Settings\USER\Application Data\Action Center\pro\Cache7595.dat","","","","C:\documents\user\local\Temp\DA24.tmp","","","","","","","",""
"","","","","","","","","","","","C:\Documents and Settings\USER\Application Data\Action Center\pro\Cache3602.dat","","","","C:\Documents and Settings\USER\Application Data\Action Center\pro\Cache4393.dat","","","","","","","",""
"","","","","","","","","","","","C:\Documents and Settings\USER\Application Data\Action Center\pro\Cache0291.dat","","","","C:\documents\user\local\Temp\DA25.tmp","","","","","","","",""
"","","","","","","","","","","","C:\Documents and Settings\USER\Application Data\Action Center\pro\Cache9374.dat","","","","C:\Documents and Settings\USER\Application Data\Action Center\pro\Cache9629.dat","","","","","","","",""
"","","","","","","","","","","","C:\Documents and Settings\USER\Application Data\Action Center\pro\Cache4596.dat","","","","C:\documents\user\local\Temp\DA26.tmp","","","","","","","",""
"","","","","","","","","","","","C:\Documents and Settings\USER\Application Data\Action Center\pro\Cache7348.dat","","","","C:\Documents and Settings\USER\Application Data\Action Center\pro\Cache4084.dat","","","","","","","",""
"","","","","","","","","","","","C:\Documents and Settings\USER\Application Data\Action Center\pro\Cache9668.dat","","","","C:\documents\user\local\Temp\DA27.tmp","","","","","","","",""
"","","","","","","","","","","","C:\Documents and Settings\USER\Application Data\Action Center\pro\Cache8281.dat","","","","C:\Documents and Settings\USER\Application Data\Action Center\pro\Cache8756.dat","","","","","","","",""
"","","","","","","","","","","","C:\Documents and Settings\USER\Application Data\Action Center\pro\Cache0053.dat","","","","C:\documents\user\local\Temp\DA28.tmp","","","","","","","",""
"","","","","","","","","","","","C:\Documents and Settings\USER\Application Data\Action Center\pro\Cache6418.dat","","","","C:\Documents and Settings\USER\Application Data\Action Center\pro\Cache4966.dat","","","","","","","",""
"","","","","","","","","","","","C:\Documents and Settings\USER\Application Data\Action Center\pro\Cache6900.dat","","","","C:\documents\user\local\Temp\DA29.tmp","","","","","","","",""
"","","","","","","","","","","","C:\WINDOWS\system32\ipconfig.exe ipconfig /all","","","","C:\Documents and Settings\USER\Application Data\Action Center\pro\Cache3931.dat","","","","","","","",""
"","","","","","","","","","","","","","","","C:\documents\user\local\Temp\DA2A.tmp","","","","","","","",""
"","","","","","","","","","","","","","","","C:\Documents and Settings\USER\Application Data\Action Center\pro\Cache6944.dat","","","","","","","",""
"","","","","","","","","","","","","","","","C:\documents\user\local\Temp\DA2B.tmp","","","","","","","",""
"","","","","","","","","","","","","","","","C:\Documents and Settings\USER\Application Data\Action Center\pro\Cache4626.dat","","","","","","","",""
"","","","","","","","","","","","","","","","C:\documents\user\local\Temp\DA2C.tmp","","","","","","","",""
"","","","","","","","","","","","","","","","C:\Documents and Settings\USER\Application Data\Action Center\pro\Cache5537.dat","","","","","","","",""
"","","","","","","","","","","","","","","","C:\documents\user\local\Temp\DA2D.tmp","","","","","","","",""
"","","","","","","","","","","","","","","","C:\Documents and Settings\USER\Application Data\Action Center\pro\Cache6118.dat","","","","","","","",""
"","","","","","","","","","","","","","","","C:\documents\user\local\Temp\DA2E.tmp","","","","","","","",""
"","","","","","","","","","","","","","","","C:\Documents and Settings\USER\Application Data\Action Center\pro\Cache2929.dat","","","","","","","",""
"","","","","","","","","","","","","","","","C:\documents\user\local\Temp\DA2F.tmp","","","","","","","",""
"","","","","","","","","","","","","","","","C:\Documents and Settings\USER\Application Data\Action Center\pro\Cache4833.dat","","","","","","","",""
"","","","","","","","","","","","","","","","C:\documents\user\local\Temp\DA30.tmp","","","","","","","",""
"","","","","","","","","","","","","","","","C:\Documents and Settings\USER\Application Data\Action Center\pro\Cache4639.dat","","","","","","","",""
"","","","","","","","","","","","","","","","C:\documents\user\local\Temp\DA31.tmp","","","","","","","",""
"","","","","","","","","","","","","","","","C:\Documents and Settings\USER\Application Data\Action Center\pro\Cache2704.dat","","","","","","","",""
"","","","","","","","","","","","","","","","C:\documents\user\local\Temp\DA32.tmp","","","","","","","",""
"","","","","","","","","","","","","","","","C:\Documents and Settings\USER\Application Data\Action Center\pro\Cache3977.dat","","","","","","","",""
"","","","","","","","","","","","","","","","C:\documents\user\local\Temp\DA33.tmp","","","","","","","",""
"","","","","","","","","","","","","","","","C:\Documents and Settings\USER\Application Data\Action Center\pro\Cache1673.dat","","","","","","","",""
"","","","","","","","","","","","","","","","C:\documents\user\local\Temp\DA34.tmp","","","","","","","",""
"","","","","","","","","","","","","","","","C:\Documents and Settings\USER\Application Data\Action Center\pro\Cache5021.dat","","","","","","","",""
"","","","","","","","","","","","","","","","C:\documents\user\local\Temp\DA35.tmp","","","","","","","",""
"","","","","","","","","","","","","","","","C:\Documents and Settings\USER\Application Data\Action Center\pro\Cache6924.dat","","","","","","","",""
"","","","","","","","","","","","","","","","C:\documents\user\local\Temp\DA36.tmp","","","","","","","",""
"","","","","","","","","","","","","","","","C:\Documents and Settings\USER\Application Data\Action Center\pro\Cache6270.dat","","","","","","","",""
"","","","","","","","","","","","","","","","C:\documents\user\local\Temp\DA37.tmp","","","","","","","",""
"","","","","","","","","","","","","","","","C:\Documents and Settings\USER\Application Data\Action Center\pro\Cache6777.dat","","","","","","","",""
"","","","","","","","","","","","","","","","C:\documents\user\local\Temp\DA38.tmp","","","","","","","",""
"","","","","","","","","","","","","","","","C:\Documents and Settings\USER\Application Data\Action Center\pro\Cache5097.dat","","","","","","","",""
"","","","","","","","","","","","","","","","C:\documents\user\local\Temp\DA39.tmp","","","","","","","",""
"","","","","","","","","","","","","","","","C:\Documents and Settings\USER\Application Data\Action Center\pro\Cache3986.dat","","","","","","","",""
"","","","","","","","","","","","","","","","C:\documents\user\local\Temp\DA3A.tmp","","","","","","","",""
"","","","","","","","","","","","","","","","C:\Documents and Settings\USER\Application Data\Action Center\pro\Cache9161.dat","","","","","","","",""
"","","","","","","","","","","","","","","","C:\documents\user\local\Temp\DA3B.tmp","","","","","","","",""
"","","","","","","","","","","","","","","","C:\Documents and Settings\USER\Application Data\Action Center\pro\Cache2355.dat","","","","","","","",""
"","","","","","","","","","","","","","","","C:\documents\user\local\Temp\DA3C.tmp","","","","","","","",""
"","","","","","","","","","","","","","","","C:\Documents and Settings\USER\Application Data\Action Center\pro\Cache3655.dat","","","","","","","",""
"","","","","","","","","","","","","","","","C:\documents\user\local\Temp\DA3D.tmp","","","","","","","",""
"","","","","","","","","","","","","","","","C:\Documents and Settings\USER\Application Data\Action Center\pro\Cache4031.dat","","","","","","","",""
"","","","","","","","","","","","","","","","C:\documents\user\local\Temp\DA3E.tmp","","","","","","","",""
"","","","","","","","","","","","","","","","C:\Documents and Settings\USER\Application Data\Action Center\pro\Cache7350.dat","","","","","","","",""
"","","","","","","","","","","","","","","","C:\documents\user\local\Temp\DA3F.tmp","","","","","","","",""
"","","","","","","","","","","","","","","","C:\Documents and Settings\USER\Application Data\Action Center\pro\Cache6941.dat","","","","","","","",""
"","","","","","","","","","","","","","","","C:\documents\user\local\Temp\DA40.tmp","","","","","","","",""
"","","","","","","","","","","","","","","","C:\Documents and Settings\USER\Application Data\Action Center\pro\Cache3966.dat","","","","","","","",""
"","","","","","","","","","","","","","","","C:\documents\user\local\Temp\DA41.tmp","","","","","","","",""
"","","","","","","","","","","","","","","","C:\Documents and Settings\USER\Application Data\Action Center\pro\Cache1107.dat","","","","","","","",""
"","","","","","","","","","","","","","","","C:\documents\user\local\Temp\DA42.tmp","","","","","","","",""
"","","","","","","","","","","","","","","","C:\Documents and Settings\USER\Application Data\Action Center\pro\Cache8007.dat","","","","","","","",""
"","","","","","","","","","","","","","","","C:\documents\user\local\Temp\DA43.tmp","","","","","","","",""
"","","","","","","","","","","","","","","","C:\Documents and Settings\USER\Application Data\Action Center\pro\Cache5457.dat","","","","","","","",""
"","","","","","","","","","","","","","","","C:\documents\user\local\Temp\DA44.tmp","","","","","","","",""
"","","","","","","","","","","","","","","","C:\Documents and Settings\USER\Application Data\Action Center\pro\Cache7753.dat","","","","","","","",""
"","","","","","","","","","","","","","","","C:\documents\user\local\Temp\DA45.tmp","","","","","","","",""
"","","","","","","","","","","","","","","","C:\Documents and Settings\USER\Application Data\Action Center\pro\Cache4945.dat","","","","","","","",""
"","","","","","","","","","","","","","","","C:\documents\user\local\Temp\DA46.tmp","","","","","","","",""
"","","","","","","","","","","","","","","","C:\Documents and Settings\USER\Application Data\Action Center\pro\Cache2209.dat","","","","","","","",""
"","","","","","","","","","","","","","","","C:\documents\user\local\Temp\DA47.tmp","","","","","","","",""
"","","","","","","","","","","","","","","","C:\Documents and Settings\USER\Application Data\Action Center\pro\Cache4221.dat","","","","","","","",""
"","","","","","","","","","","","","","","","C:\documents\user\local\Temp\DA48.tmp","","","","","","","",""
"","","","","","","","","","","","","","","","C:\Documents and Settings\USER\Application Data\Action Center\pro\Cache6422.dat","","","","","","","",""
"","","","","","","","","","","","","","","","C:\documents\user\local\Temp\DA49.tmp","","","","","","","",""
"","","","","","","","","","","","","","","","C:\Documents and Settings\USER\Application Data\Action Center\pro\Cache7506.dat","","","","","","","",""
"","","","","","","","","","","","","","","","C:\documents\user\local\Temp\DA4A.tmp","","","","","","","",""
"","","","","","","","","","","","","","","","C:\Documents and Settings\USER\Application Data\Action Center\pro\Cache6413.dat","","","","","","","",""
"","","","","","","","","","","","","","","","C:\documents\user\local\Temp\DA4B.tmp","","","","","","","",""
"","","","","","","","","","","","","","","","C:\Documents and Settings\USER\Application Data\Action Center\pro\Cache0900.dat","","","","","","","",""
"","","","","","","","","","","","","","","","C:\documents\user\local\Temp\DA4C.tmp","","","","","","","",""
"","","","","","","","","","","","","","","","C:\Documents and Settings\USER\Application Data\Action Center\pro\Cache8762.dat","","","","","","","",""
"","","","","","","","","","","","","","","","C:\documents\user\local\Temp\DA4D.tmp","","","","","","","",""
"","","","","","","","","","","","","","","","C:\Documents and Settings\USER\Application Data\Action Center\pro\Cache7410.dat","","","","","","","",""
"","","","","","","","","","","","","","","","C:\documents\user\local\Temp\DA4E.tmp","","","","","","","",""
"","","","","","","","","","","","","","","","C:\Documents and Settings\USER\Application Data\Action Center\pro\Cache7624.dat","","","","","","","",""
"","","","","","","","","","","","","","","","C:\documents\user\local\Temp\DA4F.tmp","","","","","","","",""
"","","","","","","","","","","","","","","","C:\Documents and Settings\USER\Application Data\Action Center\pro\Cache1548.dat","","","","","","","",""
"","","","","","","","","","","","","","","","C:\documents\user\local\Temp\DA50.tmp","","","","","","","",""
"","","","","","","","","","","","","","","","C:\Documents and Settings\USER\Application Data\Action Center\pro\Cache7595.dat","","","","","","","",""
"","","","","","","","","","","","","","","","C:\documents\user\local\Temp\DA51.tmp","","","","","","","",""
"","","","","","","","","","","","","","","","C:\Documents and Settings\USER\Application Data\Action Center\pro\Cache3602.dat","","","","","","","",""
"","","","","","","","","","","","","","","","C:\documents\user\local\Temp\DA52.tmp","","","","","","","",""
"","","","","","","","","","","","","","","","C:\Documents and Settings\USER\Application Data\Action Center\pro\Cache0291.dat","","","","","","","",""
"","","","","","","","","","","","","","","","C:\documents\user\local\Temp\DA53.tmp","","","","","","","",""
"","","","","","","","","","","","","","","","C:\Documents and Settings\USER\Application Data\Action Center\pro\Cache9374.dat","","","","","","","",""
"","","","","","","","","","","","","","","","C:\documents\user\local\Temp\DA54.tmp","","","","","","","",""
"","","","","","","","","","","","","","","","C:\Documents and Settings\USER\Application Data\Action Center\pro\Cache4596.dat","","","","","","","",""
"","","","","","","","","","","","","","","","C:\documents\user\local\Temp\DA55.tmp","","","","","","","",""
"","","","","","","","","","","","","","","","C:\Documents and Settings\USER\Application Data\Action Center\pro\Cache7348.dat","","","","","","","",""
"","","","","","","","","","","","","","","","C:\documents\user\local\Temp\DA56.tmp","","","","","","","",""
"","","","","","","","","","","","","","","","C:\Documents and Settings\USER\Application Data\Action Center\pro\Cache9668.dat","","","","","","","",""
"","","","","","","","","","","","","","","","C:\documents\user\local\Temp\DA57.tmp","","","","","","","",""
"","","","","","","","","","","","","","","","C:\Documents and Settings\USER\Application Data\Action Center\pro\Cache8281.dat","","","","","","","",""
"","","","","","","","","","","","","","","","C:\documents\user\local\Temp\DA58.tmp","","","","","","","",""
"","","","","","","","","","","","","","","","C:\Documents and Settings\USER\Application Data\Action Center\pro\Cache0053.dat","","","","","","","",""
"","","","","","","","","","","","","","","","C:\documents\user\local\Temp\DA59.tmp","","","","","","","",""
"","","","","","","","","","","","","","","","C:\Documents and Settings\USER\Application Data\Action Center\pro\Cache6418.dat","","","","","","","",""
"","","","","","","","","","","","","","","","C:\documents\user\local\Temp\DA5A.tmp","","","","","","","",""
"","","","","","","","","","","","","","","","C:\Documents and Settings\USER\Application Data\Action Center\pro\Cache6900.dat","","","","","","","",""
"","","","","","","","","","","","","","","","C:\documents\user\local\Temp\DA5B.tmp","","","","","","","",""
"","","","","","","","","","","","","","","","C:\Documents and Settings\USER\Application Data\Action Center\pro\Cache8127.dat","","","","","","","",""
"","","","","","","","","","","","","","","","C:\WINDOWS\system32\ipconfig.exe","","","","","","","",""
"","","","","","","","","","","","","","","","\\.\Ip6","","","","","","","",""
