"Imports","Runtime_DLL","Reg_Set","Reg_Set_Val","Reg_Set_Type","Reg_Del","Service_Opened","Service_Controlled","Service_Created","Service_Started","Proc_Terminated","Proc_Created","Proc_Injected","Proc_Shellcmds","File_Read","File_Opened","File_Written","File_Replaced","File_Moved_src","File_Moved_dst","File_Copied_src","File_Copied_dst","File_Deleted","SHLWAPI.dll","COMDLG32.dll","SHELL32.dll","COMCTL32.dll","OLEAUT32.dll","WINMM.dll","CRYPT32.dll","MSIMG32.dll","GDI32.dll","KERNEL32.dll","WINSPOOL.DRV","oledlg.dll","OLEACC.dll","ADVAPI32.dll","RPCRT4.dll","ole32.dll","IMM32.dll","gdiplus.dll","PSAPI.DLL","USER32.dll","WINHTTP.dll"
"SHLWAPI.dll","uxtheme.dll","","","","","","","","","","","","","","","","","","","","","","PathFindExtensionA","GetFileTitleA","SHGetFileInfoA","ImageList_GetIconSize","VariantChangeType","PlaySoundA","CryptUnprotectData","TransparentBlt","SetMapMode","GetStdHandle","OpenPrinterA","Ord(8)","CreateStdAccessibleObject","RegDeleteKeyA","UuidFromStringA","OleUninitialize","ImmReleaseContext","GdipBitmapLockBits","GetModuleBaseNameA","MapWindowPoints","WinHttpConnect"
"COMDLG32.dll","c:\windows\system32\dwmapi.dll","","","","","","","","","","","","","","","","","","","","","","PathIsUNCA","","DragFinish","InitCommonControlsEx","VariantTimeToSystemTime","","","AlphaBlend","GetWindowOrgEx","FileTimeToSystemTime","DocumentPropertiesA","","AccessibleObjectFromWindow","LookupPrivilegeValueA","","CoUninitialize","ImmGetOpenStatus","GdipGetImagePixelFormat","EnumProcesses","GetForegroundWindow","WinHttpSendRequest"
"SHELL32.dll","kernel32.dll","","","","","","","","","","","","","","","","","","","","","","PathRemoveExtensionA","","SHGetDesktopFolder","_TrackMouseEvent","SysStringLen","","","","GetPaletteEntries","GetFileAttributesA","ClosePrinter","","LresultFromObject","RegCloseKey","","OleTranslateAccelerator","ImmGetContext","GdipCreateBitmapFromScan0","","SetWindowRgn","WinHttpCloseHandle"
"COMCTL32.dll","comctl32.dll","","","","","","","","","","","","","","","","","","","","","","PathRemoveFileSpecW","","DragQueryFileA","","SystemTimeToVariantTime","","","","CombineRgn","DeactivateActCtx","","","","RegQueryValueExA","","OleLockRunning","","GdiplusShutdown","","RedrawWindow","WinHttpQueryDataAvailable"
"OLEAUT32.dll","","","","","","","","","","","","","","","","","","","","","","","PathStripToRootA","","SHGetSpecialFolderLocation","","SysAllocStringLen","","","","GetViewportOrgEx","WaitForSingleObject","","","","AdjustTokenPrivileges","","OleDestroyMenuDescriptor","","GdipGetImagePalette","","SetMenuItemBitmaps","WinHttpReceiveResponse"
"WINMM.dll","","","","","","","","","","","","","","","","","","","","","","","PathFindFileNameA","","SHBrowseForFolderA","","VarBstrFromDate","","","","GetObjectType","HeapAlloc","","","","LookupAccountSidA","","DoDragDrop","","GdipDisposeImage","","LoadBitmapW","WinHttpOpen"
"CRYPT32.dll","","","","","","","","","","","","","","","","","","","","","","","","","SHAppBarMessage","","OleCreateFontIndirect","","","","GetBoundsRect","EncodePointer","","","","RegCreateKeyExA","","StgOpenStorageOnILockBytes","","GdipBitmapUnlockBits","","DrawStateA","WinHttpOpenRequest"
"MSIMG32.dll","","","","","","","","","","","","","","","","","","","","","","","","","SHGetFolderPathA","","VariantClear","","","","SetLayout","GetFileAttributesW","","","","LookupAccountNameA","","CreateStreamOnHGlobal","","GdiplusStartup","","SetRectEmpty","WinHttpReadData"
"GDI32.dll","","","","","","","","","","","","","","","","","","","","","","","","","SHGetPathFromIDListA","","SysAllocString","","","","SetPixel","lstrcmpW","","","","OpenProcessToken","","OleFlushClipboard","","GdipDeleteGraphics","","EnableScrollBar",""
"KERNEL32.dll","","","","","","","","","","","","","","","","","","","","","","","","","ShellExecuteA","","SafeArrayDestroy","","","","SetPaletteEntries","DeleteCriticalSection","","","","RegQueryValueA","","ReleaseStgMedium","","GdipCreateBitmapFromStream","","DestroyMenu",""
"WINSPOOL.DRV","","","","","","","","","","","","","","","","","","","","","","","","","","","VariantCopy","","","","OffsetWindowOrgEx","GetDiskFreeSpaceA","","","","DuplicateToken","","CoCreateGuid","","GdipCreateFromHDC","","PostQuitMessage",""
"oledlg.dll","","","","","","","","","","","","","","","","","","","","","","","","","","","GetErrorInfo","","","","CreateEllipticRgn","GetConsoleMode","","","","RegEnumKeyA","","RegisterDragDrop","","GdipGetImageWidth","","GetMessagePos",""
"OLEACC.dll","","","","","","","","","","","","","","","","","","","","","","","","","","","SysFreeString","","","","CreatePalette","GetLocaleInfoA","","","","RegEnumValueA","","RevokeDragDrop","","GdipCreateBitmapFromHBITMAP","","SetWindowPos",""
"ADVAPI32.dll","","","","","","","","","","","","","","","","","","","","","","","","","","","SysAllocStringByteLen","","","","CreateDIBitmap","LocalAlloc","","","","GetTokenInformation","","CoRegisterMessageFilter","","GdipAlloc","","SetScrollPos",""
"RPCRT4.dll","","","","","","","","","","","","","","","","","","","","","","","","","","","VariantInit","","","","SetTextAlign","SetErrorMode","","","","OpenThreadToken","","OleGetClipboard","","GdipGetImagePaletteSize","","IsWindow",""
"ole32.dll","","","","","","","","","","","","","","","","","","","","","","","","","","","","","","","StretchBlt","FreeEnvironmentStringsW","","","","GetUserNameA","","OleDuplicateData","","GdipDrawImageI","","DispatchMessageA",""
"IMM32.dll","","","","","","","","","","","","","","","","","","","","","","","","","","","","","","","GetTextFaceA","SetStdHandle","","","","RegEnumKeyExA","","CLSIDFromString","","GdipDrawImageRectI","","EndPaint",""
"gdiplus.dll","","","","","","","","","","","","","","","","","","","","","","","","","","","","","","","ScaleViewportExtEx","GetFileTime","","","","CredFree","","CreateILockBytesOnHGlobal","","GdipSetInterpolationMode","","CharUpperBuffA",""
"PSAPI.DLL","","","","","","","","","","","","","","","","","","","","","","","","","","","","","","","GetTextMetricsA","GetTempPathA","","","","RegSetValueExA","","CoGetClassObject","","GdipFree","","GrayStringA",""
"USER32.dll","","","","","","","","","","","","","","","","","","","","","","","","","","","","","","","SetWindowExtEx","GetCPInfo","","","","RegDeleteValueA","","CoInitialize","","GdipGetImageHeight","","WindowFromPoint",""
"WINHTTP.dll","","","","","","","","","","","","","","","","","","","","","","","","","","","","","","","SetBkColor","LoadLibraryW","","","","RegOpenKeyExA","","OleInitialize","","GdipCloneImage","","CopyRect",""
"","","","","","","","","","","","","","","","","","","","","","","","","","","","","","","","GetBkColor","GetDiskFreeSpaceW","","","","SetThreadToken","","CoLockObjectExternal","","GdipGetImageGraphicsContext","","GetMessageTime",""
"","","","","","","","","","","","","","","","","","","","","","","","","","","","","","","","SetRectRgn","InterlockedExchange","","","","CredEnumerateA","","CoCreateInstance","","","","SetActiveWindow",""
"","","","","","","","","","","","","","","","","","","","","","","","","","","","","","","","MoveToEx","FindResourceExW","","","","","","CoInitializeEx","","","","GetMenuItemID",""
"","","","","","","","","","","","","","","","","","","","","","","","","","","","","","","","GetTextCharsetInfo","GetSystemTimeAsFileTime","","","","","","OleCreateMenuDescriptor","","","","GetAsyncKeyState",""
"","","","","","","","","","","","","","","","","","","","","","","","","","","","","","","","GetSystemPaletteEntries","ReleaseActCtx","","","","","","CoTaskMemAlloc","","","","MapDialogRect",""
"","","","","","","","","","","","","","","","","","","","","","","","","","","","","","","","OffsetRgn","HeapReAlloc","","","","","","StgCreateDocfileOnILockBytes","","","","GetDlgCtrlID",""
"","","","","","","","","","","","","","","","","","","","","","","","","","","","","","","","TextOutA","GetStringTypeW","","","","","","CLSIDFromProgID","","","","GetClassInfoA",""
"","","","","","","","","","","","","","","","","","","","","","","","","","","","","","","","CreateFontIndirectA","GetFullPathNameA","","","","","","CoRevokeClassObject","","","","GetMenu",""
"","","","","","","","","","","","","","","","","","","","","","","","","","","","","","","","CreateRectRgnIndirect","SetEvent","","","","","","CoFreeUnusedLibraries","","","","UnregisterClassA",""
"","","","","","","","","","","","","","","","","","","","","","","","","","","","","","","","LPtoDP","LocalFree","","","","","","IsAccelerator","","","","IsClipboardFormatAvailable",""
"","","","","","","","","","","","","","","","","","","","","","","","","","","","","","","","GetPixel","ResumeThread","","","","","","OleIsCurrentClipboard","","","","DefFrameProcA",""
"","","","","","","","","","","","","","","","","","","","","","","","","","","","","","","","GetLayout","InitializeCriticalSection","","","","","","CoTaskMemFree","","","","GetClientRect",""
"","","","","","","","","","","","","","","","","","","","","","","","","","","","","","","","ExcludeClipRect","LoadResource","","","","","","","","","","SetMenuDefaultItem",""
"","","","","","","","","","","","","","","","","","","","","","","","","","","","","","","","OffsetViewportOrgEx","GlobalHandle","","","","","","","","","","LoadImageW",""
"","","","","","","","","","","","","","","","","","","","","","","","","","","","","","","","SetBkMode","FindClose","","","","","","","","","","GetNextDlgTabItem",""
"","","","","","","","","","","","","","","","","","","","","","","","","","","","","","","","PtInRegion","TlsGetValue","","","","","","","","","","CallNextHookEx",""
"","","","","","","","","","","","","","","","","","","","","","","","","","","","","","","","BitBlt","GetProfileIntA","","","","","","","","","","LoadAcceleratorsA",""
"","","","","","","","","","","","","","","","","","","","","","","","","","","","","","","","EnumFontFamiliesA","GetFullPathNameW","","","","","","","","","","GetWindowTextLengthA",""
"","","","","","","","","","","","","","","","","","","","","","","","","","","","","","","","GetObjectA","SetLastError","","","","","","","","","","GetMenuDefaultItem",""
"","","","","","","","","","","","","","","","","","","","","","","","","","","","","","","","FillRgn","GetUserDefaultUILanguage","","","","","","","","","","CopyAcceleratorTableA",""
"","","","","","","","","","","","","","","","","","","","","","","","","","","","","","","","FrameRgn","GetSystemTime","","","","","","","","","","TrackPopupMenu",""
"","","","","","","","","","","","","","","","","","","","","","","","","","","","","","","","SelectPalette","WriteProcessMemory","","","","","","","","","","ClientToScreen",""
"","","","","","","","","","","","","","","","","","","","","","","","","","","","","","","","PtVisible","ReadFile","","","","","","","","","","GetActiveWindow",""
"","","","","","","","","","","","","","","","","","","","","","","","","","","","","","","","ExtSelectClipRgn","GetModuleFileNameW","","","","","","","","","","GetSubMenu",""
"","","","","","","","","","","","","","","","","","","","","","","","","","","","","","","","ScaleWindowExtEx","IsDebuggerPresent","","","","","","","","","","LockWindowUpdate",""
"","","","","","","","","","","","","","","","","","","","","","","","","","","","","","","","SetROP2","CopyFileA","","","","","","","","","","LoadAcceleratorsW",""
"","","","","","","","","","","","","","","","","","","","","","","","","","","","","","","","GetNearestPaletteIndex","GetVersionExA","","","","","","","","","","GetTopWindow",""
"","","","","","","","","","","","","","","","","","","","","","","","","","","","","","","","SetDIBColorTable","GetModuleFileNameA","","","","","","","","","","GetWindowTextA",""
"","","","","","","","","","","","","","","","","","","","","","","","","","","","","","","","GetTextColor","HeapSetInformation","","","","","","","","","","InvalidateRgn",""
"","","","","","","","","","","","","","","","","","","","","","","","","","","","","","","","Escape","GetVolumeInformationA","","","","","","","","","","GetKeyState",""
"","","","","","","","","","","","","","","","","","","","","","","","","","","","","","","","SetViewportExtEx","LoadLibraryExA","","","","","","","","","","DestroyWindow",""
"","","","","","","","","","","","","","","","","","","","","","","","","","","","","","","","CreateCompatibleDC","CreateActCtxW","","","","","","","","","","GetMessageA",""
"","","","","","","","","","","","","","","","","","","","","","","","","","","","","","","","GetWindowExtEx","GetPrivateProfileStringA","","","","","","","","","","GetParent",""
"","","","","","","","","","","","","","","","","","","","","","","","","","","","","","","","PatBlt","SetThreadPriority","","","","","","","","","","GetWindowRgn",""
"","","","","","","","","","","","","","","","","","","","","","","","","","","","","","","","CreatePen","ActivateActCtx","","","","","","","","","","SetPropA",""
"","","","","","","","","","","","","","","","","","","","","","","","","","","","","","","","GetClipBox","UnhandledExceptionFilter","","","","","","","","","","EqualRect",""
"","","","","","","","","","","","","","","","","","","","","","","","","","","","","","","","Rectangle","InterlockedDecrement","","","","","","","","","","DefWindowProcA",""
"","","","","","","","","","","","","","","","","","","","","","","","","","","","","","","","GetDeviceCaps","MultiByteToWideChar","","","","","","","","","","GetClassInfoExA",""
"","","","","","","","","","","","","","","","","","","","","","","","","","","","","","","","CreateDCA","FormatMessageA","","","","","","","","","","ShowWindow",""
"","","","","","","","","","","","","","","","","","","","","","","","","","","","","","","","LineTo","CreateRemoteThread","","","","","","","","","","SetClassLongA",""
"","","","","","","","","","","","","","","","","","","","","","","","","","","","","","","","DeleteDC","GetModuleHandleA","","","","","","","","","","DrawFrameControl",""
"","","","","","","","","","","","","","","","","","","","","","","","","","","","","","","","GetMapMode","LockFileEx","","","","","","","","","","GetNextDlgGroupItem",""
"","","","","","","","","","","","","","","","","","","","","","","","","","","","","","","","RealizePalette","CreateThread","","","","","","","","","","EnumDisplayMonitors",""
"","","","","","","","","","","","","","","","","","","","","","","","","","","","","","","","CreateHatchBrush","GetSystemDirectoryW","","","","","","","","","","GetCursorPos",""
"","","","","","","","","","","","","","","","","","","","","","","","","","","","","","","","CreatePatternBrush","GetSystemDefaultUILanguage","","","","","","","","","","TranslateMDISysAccel",""
"","","","","","","","","","","","","","","","","","","","","","","","","","","","","","","","IntersectClipRect","GetExitCodeThread","","","","","","","","","","EnableWindow",""
"","","","","","","","","","","","","","","","","","","","","","","","","","","","","","","","CreateBitmap","GlobalAddAtomA","","","","","","","","","","SetWindowPlacement",""
"","","","","","","","","","","","","","","","","","","","","","","","","","","","","","","","RectVisible","SetUnhandledExceptionFilter","","","","","","","","","","LoadImageA",""
"","","","","","","","","","","","","","","","","","","","","","","","","","","","","","","","GetStockObject","ConvertDefaultLocale","","","","","","","","","","PeekMessageA",""
"","","","","","","","","","","","","","","","","","","","","","","","","","","","","","","","ExtTextOutA","GetCurrentProcess","","","","","","","","","","TranslateMessage",""
"","","","","","","","","","","","","","","","","","","","","","","","","","","","","","","","SelectClipRgn","MulDiv","","","","","","","","","","IsWindowEnabled",""
"","","","","","","","","","","","","","","","","","","","","","","","","","","","","","","","GetTextExtentPoint32A","IsProcessorFeaturePresent","","","","","","","","","","GetWindow",""
"","","","","","","","","","","","","","","","","","","","","","","","","","","","","","","","SetWindowOrgEx","ExitThread","","","","","","","","","","CharUpperA",""
"","","","","","","","","","","","","","","","","","","","","","","","","","","","","","","","SelectObject","DecodePointer","","","","","","","","","","InsertMenuItemA",""
"","","","","","","","","","","","","","","","","","","","","","","","","","","","","","","","GetViewportExtEx","SetEnvironmentVariableA","","","","","","","","","","GetIconInfo",""
"","","","","","","","","","","","","","","","","","","","","","","","","","","","","","","","CreateFontA","TerminateProcess","","","","","","","","","","SetParent",""
"","","","","","","","","","","","","","","","","","","","","","","","","","","","","","","","CreatePolygonRgn","GetNumberFormatA","","","","","","","","","","SetClipboardData",""
"","","","","","","","","","","","","","","","","","","","","","","","","","","","","","","","Polygon","GlobalAlloc","","","","","","","","","","ScrollWindow",""
"","","","","","","","","","","","","","","","","","","","","","","","","","","","","","","","GetRgnBox","SearchPathA","","","","","","","","","","IsCharLowerA",""
"","","","","","","","","","","","","","","","","","","","","","","","","","","","","","","","SaveDC","SetEndOfFile","","","","","","","","","","IsZoomed",""
"","","","","","","","","","","","","","","","","","","","","","","","","","","","","","","","RestoreDC","GetCurrentThreadId","","","","","","","","","","IsWindowVisible",""
"","","","","","","","","","","","","","","","","","","","","","","","","","","","","","","","SetDIBitsToDevice","InterlockedIncrement","","","","","","","","","","MapVirtualKeyExA",""
"","","","","","","","","","","","","","","","","","","","","","","","","","","","","","","","CreateDIBSection","WriteConsoleW","","","","","","","","","","DrawMenuBar",""
"","","","","","","","","","","","","","","","","","","","","","","","","","","","","","","","SetTextColor","AreFileApisANSI","","","","","","","","","","GetWindowPlacement",""
"","","","","","","","","","","","","","","","","","","","","","","","","","","","","","","","ExtFloodFill","InitializeCriticalSectionAndSpinCount","","","","","","","","","","InvertRect",""
"","","","","","","","","","","","","","","","","","","","","","","","","","","","","","","","SetPixelV","HeapFree","","","","","","","","","","GetMenuItemCount",""
"","","","","","","","","","","","","","","","","","","","","","","","","","","","","","","","SetViewportOrgEx","EnterCriticalSection","","","","","","","","","","TabbedTextOutA",""
"","","","","","","","","","","","","","","","","","","","","","","","","","","","","","","","CreateRoundRectRgn","SetHandleCount","","","","","","","","","","DrawFocusRect",""
"","","","","","","","","","","","","","","","","","","","","","","","","","","","","","","","EnumFontFamiliesExA","lstrcmpiA","","","","","","","","","","SetTimer",""
"","","","","","","","","","","","","","","","","","","","","","","","","","","","","","","","SetStretchBltMode","GetLastError","","","","","","","","","","GetKeyboardLayout",""
"","","","","","","","","","","","","","","","","","","","","","","","","","","","","","","","CreateRectRgn","GetOEMCP","","","","","","","","","","FillRect",""
"","","","","","","","","","","","","","","","","","","","","","","","","","","","","","","","DeleteObject","QueryPerformanceCounter","","","","","","","","","","MonitorFromPoint",""
"","","","","","","","","","","","","","","","","","","","","","","","","","","","","","","","SetPolyFillMode","GetTickCount","","","","","","","","","","SetWindowContextHelpId",""
"","","","","","","","","","","","","","","","","","","","","","","","","","","","","","","","CreateCompatibleBitmap","TlsAlloc","","","","","","","","","","GetSysColorBrush",""
"","","","","","","","","","","","","","","","","","","","","","","","","","","","","","","","CreateSolidBrush","VirtualProtect","","","","","","","","","","RealChildWindowFromPoint",""
"","","","","","","","","","","","","","","","","","","","","","","","","","","","","","","","Polyline","FlushFileBuffers","","","","","","","","","","ReleaseDC",""
"","","","","","","","","","","","","","","","","","","","","","","","","","","","","","","","DPtoLP","LoadLibraryA","","","","","","","","","","CreateMenu",""
"","","","","","","","","","","","","","","","","","","","","","","","","","","","","","","","CopyMetaFileA","RtlUnwind","","","","","","","","","","GetUpdateRect",""
"","","","","","","","","","","","","","","","","","","","","","","","","","","","","","","","Ellipse","FreeLibrary","","","","","","","","","","CreateAcceleratorTableA",""
"","","","","","","","","","","","","","","","","","","","","","","","","","","","","","","","","GlobalSize","","","","","","","","","","IsChild",""
"","","","","","","","","","","","","","","","","","","","","","","","","","","","","","","","","UnlockFile","","","","","","","","","","IsDialogMessageA",""
"","","","","","","","","","","","","","","","","","","","","","","","","","","","","","","","","GetFileSize","","","","","","","","","","SetFocus",""
"","","","","","","","","","","","","","","","","","","","","","","","","","","","","","","","","GlobalDeleteAtom","","","","","","","","","","MapVirtualKeyA",""
"","","","","","","","","","","","","","","","","","","","","","","","","","","","","","","","","OpenProcess","","","","","","","","","","ReleaseCapture",""
"","","","","","","","","","","","","","","","","","","","","","","","","","","","","","","","","GetPrivateProfileIntA","","","","","","","","","","DrawEdge",""
"","","","","","","","","","","","","","","","","","","","","","","","","","","","","","","","","DeleteFileA","","","","","","","","","","PostMessageA",""
"","","","","","","","","","","","","","","","","","","","","","","","","","","","","","","","","GetWindowsDirectoryA","","","","","","","","","","BeginPaint",""
"","","","","","","","","","","","","","","","","","","","","","","","","","","","","","","","","GetStartupInfoW","","","","","","","","","","OffsetRect",""
"","","","","","","","","","","","","","","","","","","","","","","","","","","","","","","","","ReadProcessMemory","","","","","","","","","","GetScrollPos",""
"","","","","","","","","","","","","","","","","","","","","","","","","","","","","","","","","DeleteFileW","","","","","","","","","","CopyIcon",""
"","","","","","","","","","","","","","","","","","","","","","","","","","","","","","","","","GlobalLock","","","","","","","","","","KillTimer",""
"","","","","","","","","","","","","","","","","","","","","","","","","","","","","","","","","GetProcessHeap","","","","","","","","","","GetMonitorInfoA",""
"","","","","","","","","","","","","","","","","","","","","","","","","","","","","","","","","CompareStringW","","","","","","","","","","RegisterWindowMessageA",""
"","","","","","","","","","","","","","","","","","","","","","","","","","","","","","","","","WriteFile","","","","","","","","","","DefMDIChildProcA",""
"","","","","","","","","","","","","","","","","","","","","","","","","","","","","","","","","GetFileSizeEx","","","","","","","","","","ToAsciiEx",""
"","","","","","","","","","","","","","","","","","","","","","","","","","","","","","","","","GlobalReAlloc","","","","","","","","","","SendDlgItemMessageA",""
"","","","","","","","","","","","","","","","","","","","","","","","","","","","","","","","","lstrcmpA","","","","","","","","","","GetSystemMetrics",""
"","","","","","","","","","","","","","","","","","","","","","","","","","","","","","","","","UnmapViewOfFile","","","","","","","","","","IsIconic",""
"","","","","","","","","","","","","","","","","","","","","","","","","","","","","","","","","FindFirstFileA","","","","","","","","","","SetScrollRange",""
"","","","","","","","","","","","","","","","","","","","","","","","","","","","","","","","","lstrcpyA","","","","","","","","","","GetWindowRect",""
"","","","","","","","","","","","","","","","","","","","","","","","","","","","","","","","","CompareStringA","","","","","","","","","","InflateRect",""
"","","","","","","","","","","","","","","","","","","","","","","","","","","","","","","","","GetTempFileNameA","","","","","","","","","","RegisterClassA",""
"","","","","","","","","","","","","","","","","","","","","","","","","","","","","","","","","CreateFileMappingA","","","","","","","","","","UpdateWindow",""
"","","","","","","","","","","","","","","","","","","","","","","","","","","","","","","","","FindNextFileA","","","","","","","","","","SetCapture",""
"","","","","","","","","","","","","","","","","","","","","","","","","","","","","","","","","DuplicateHandle","","","","","","","","","","DrawIcon",""
"","","","","","","","","","","","","","","","","","","","","","","","","","","","","","","","","GetProcAddress","","","","","","","","","","GetScrollRange",""
"","","","","","","","","","","","","","","","","","","","","","","","","","","","","","","","","GetTimeZoneInformation","","","","","","","","","","SetWindowLongA",""
"","","","","","","","","","","","","","","","","","","","","","","","","","","","","","","","","CreateFileW","","","","","","","","","","GetScrollInfo",""
"","","","","","","","","","","","","","","","","","","","","","","","","","","","","","","","","CreateEventA","","","","","","","","","","WaitMessage",""
"","","","","","","","","","","","","","","","","","","","","","","","","","","","","","","","","GlobalFindAtomA","","","","","","","","","","CreatePopupMenu",""
"","","","","","","","","","","","","","","","","","","","","","","","","","","","","","","","","GetFileType","","","","","","","","","","CheckMenuItem",""
"","","","","","","","","","","","","","","","","","","","","","","","","","","","","","","","","TlsSetValue","","","","","","","","","","GetWindowLongA",""
"","","","","","","","","","","","","","","","","","","","","","","","","","","","","","","","","CreateFileA","","","","","","","","","","GetLastActivePopup",""
"","","","","","","","","","","","","","","","","","","","","","","","","","","","","","","","","ExitProcess","","","","","","","","","","PtInRect",""
"","","","","","","","","","","","","","","","","","","","","","","","","","","","","","","","","LeaveCriticalSection","","","","","","","","","","DrawIconEx",""
"","","","","","","","","","","","","","","","","","","","","","","","","","","","","","","","","GetSystemWindowsDirectoryA","","","","","","","","","","CreateWindowExA",""
"","","","","","","","","","","","","","","","","","","","","","","","","","","","","","","","","LocalReAlloc","","","","","","","","","","GetDlgItem",""
"","","","","","","","","","","","","","","","","","","","","","","","","","","","","","","","","LCMapStringW","","","","","","","","","","GetMenuCheckMarkDimensions",""
"","","","","","","","","","","","","","","","","","","","","","","","","","","","","","","","","VirtualAllocEx","","","","","","","","","","BringWindowToTop",""
"","","","","","","","","","","","","","","","","","","","","","","","","","","","","","","","","GetSystemInfo","","","","","","","","","","GetSystemMenu",""
"","","","","","","","","","","","","","","","","","","","","","","","","","","","","","","","","lstrlenA","","","","","","","","","","ScreenToClient",""
"","","","","","","","","","","","","","","","","","","","","","","","","","","","","","","","","GlobalFree","","","","","","","","","","GetClassLongA",""
"","","","","","","","","","","","","","","","","","","","","","","","","","","","","","","","","GetConsoleCP","","","","","","","","","","InsertMenuA",""
"","","","","","","","","","","","","","","","","","","","","","","","","","","","","","","","","FindResourceW","","","","","","","","","","GetCapture",""
"","","","","","","","","","","","","","","","","","","","","","","","","","","","","","","","","GlobalGetAtomNameA","","","","","","","","","","LoadCursorA",""
"","","","","","","","","","","","","","","","","","","","","","","","","","","","","","","","","GetThreadLocale","","","","","","","","","","LoadIconA",""
"","","","","","","","","","","","","","","","","","","","","","","","","","","","","","","","","GetEnvironmentStringsW","","","","","","","","","","GetKeyboardState",""
"","","","","","","","","","","","","","","","","","","","","","","","","","","","","","","","","GlobalUnlock","","","","","","","","","","SetWindowsHookExA",""
"","","","","","","","","","","","","","","","","","","","","","","","","","","","","","","","","LockFile","","","","","","","","","","GetMenuItemInfoA",""
"","","","","","","","","","","","","","","","","","","","","","","","","","","","","","","","","lstrlenW","","","","","","","","","","DestroyAcceleratorTable",""
"","","","","","","","","","","","","","","","","","","","","","","","","","","","","","","","","VirtualFreeEx","","","","","","","","","","CheckDlgButton",""
"","","","","","","","","","","","","","","","","","","","","","","","","","","","","","","","","FileTimeToLocalFileTime","","","","","","","","","","GetDesktopWindow",""
"","","","","","","","","","","","","","","","","","","","","","","","","","","","","","","","","SizeofResource","","","","","","","","","","ShowOwnedPopups",""
"","","","","","","","","","","","","","","","","","","","","","","","","","","","","","","","","WritePrivateProfileStringA","","","","","","","","","","LoadCursorW",""
"","","","","","","","","","","","","","","","","","","","","","","","","","","","","","","","","GetCurrentProcessId","","","","","","","","","","LoadIconW",""
"","","","","","","","","","","","","","","","","","","","","","","","","","","","","","","","","LockResource","","","","","","","","","","ReuseDDElParam",""
"","","","","","","","","","","","","","","","","","","","","","","","","","","","","","","","","HeapQueryInformation","","","","","","","","","","GetDC",""
"","","","","","","","","","","","","","","","","","","","","","","","","","","","","","","","","GetCurrentDirectoryA","","","","","","","","","","SetForegroundWindow",""
"","","","","","","","","","","","","","","","","","","","","","","","","","","","","","","","","HeapSize","","","","","","","","","","NotifyWinEvent",""
"","","","","","","","","","","","","","","","","","","","","","","","","","","","","","","","","GetCommandLineA","","","","","","","","","","PostThreadMessageA",""
"","","","","","","","","","","","","","","","","","","","","","","","","","","","","","","","","GetCurrentThread","","","","","","","","","","OpenClipboard",""
"","","","","","","","","","","","","","","","","","","","","","","","","","","","","","","","","SuspendThread","","","","","","","","","","EmptyClipboard",""
"","","","","","","","","","","","","","","","","","","","","","","","","","","","","","","","","RaiseException","","","","","","","","","","DrawTextA",""
"","","","","","","","","","","","","","","","","","","","","","","","","","","","","","","","","MapViewOfFile","","","","","","","","","","IntersectRect",""
"","","","","","","","","","","","","","","","","","","","","","","","","","","","","","","","","TlsFree","","","","","","","","","","SetLayeredWindowAttributes",""
"","","","","","","","","","","","","","","","","","","","","","","","","","","","","","","","","SetFilePointer","","","","","","","","","","EndDialog",""
"","","","","","","","","","","","","","","","","","","","","","","","","","","","","","","","","SetDllDirectoryA","","","","","","","","","","LoadMenuA",""
"","","","","","","","","","","","","","","","","","","","","","","","","","","","","","","","","GlobalFlags","","","","","","","","","","HideCaret",""
"","","","","","","","","","","","","","","","","","","","","","","","","","","","","","","","","CloseHandle","","","","","","","","","","CharNextA",""
"","","","","","","","","","","","","","","","","","","","","","","","","","","","","","","","","GetACP","","","","","","","","","","CreateDialogIndirectParamA",""
"","","","","","","","","","","","","","","","","","","","","","","","","","","","","","","","","GetModuleHandleW","","","","","","","","","","RemovePropA",""
"","","","","","","","","","","","","","","","","","","","","","","","","","","","","","","","","FreeResource","","","","","","","","","","SetWindowTextA",""
"","","","","","","","","","","","","","","","","","","","","","","","","","","","","","","","","CreateProcessA","","","","","","","","","","MessageBeep",""
"","","","","","","","","","","","","","","","","","","","","","","","","","","","","","","","","WideCharToMultiByte","","","","","","","","","","LoadMenuW",""
"","","","","","","","","","","","","","","","","","","","","","","","","","","","","","","","","IsValidCodePage","","","","","","","","","","DrawTextExA",""
"","","","","","","","","","","","","","","","","","","","","","","","","","","","","","","","","HeapCreate","","","","","","","","","","RemoveMenu",""
"","","","","","","","","","","","","","","","","","","","","","","","","","","","","","","","","GetTempPathW","","","","","","","","","","GetWindowThreadProcessId",""
"","","","","","","","","","","","","","","","","","","","","","","","","","","","","","","","","VirtualQuery","","","","","","","","","","DeferWindowPos",""
"","","","","","","","","","","","","","","","","","","","","","","","","","","","","","","","","Sleep","","","","","","","","","","BeginDeferWindowPos",""
"","","","","","","","","","","","","","","","","","","","","","","","","","","","","","","","","GetFileAttributesExA","","","","","","","","","","AppendMenuA",""
"","","","","","","","","","","","","","","","","","","","","","","","","","","","","","","","","FindResourceA","","","","","","","","","","GetMenuState",""
"","","","","","","","","","","","","","","","","","","","","","","","","","","","","","","","","VirtualAlloc","","","","","","","","","","GetPropA",""
"","","","","","","","","","","","","","","","","","","","","","","","","","","","","","","","","","","","","","","","","","","SetMenu",""
"","","","","","","","","","","","","","","","","","","","","","","","","","","","","","","","","","","","","","","","","","","RegisterClipboardFormatA",""
"","","","","","","","","","","","","","","","","","","","","","","","","","","","","","","","","","","","","","","","","","","MoveWindow",""
"","","","","","","","","","","","","","","","","","","","","","","","","","","","","","","","","","","","","","","","","","","GetMenuStringA",""
"","","","","","","","","","","","","","","","","","","","","","","","","","","","","","","","","","","","","","","","","","","CallWindowProcA",""
"","","","","","","","","","","","","","","","","","","","","","","","","","","","","","","","","","","","","","","","","","","MessageBoxA",""
"","","","","","","","","","","","","","","","","","","","","","","","","","","","","","","","","","","","","","","","","","","IsMenu",""
"","","","","","","","","","","","","","","","","","","","","","","","","","","","","","","","","","","","","","","","","","","GetWindowDC",""
"","","","","","","","","","","","","","","","","","","","","","","","","","","","","","","","","","","","","","","","","","","DestroyCursor",""
"","","","","","","","","","","","","","","","","","","","","","","","","","","","","","","","","","","","","","","","","","","AdjustWindowRectEx",""
"","","","","","","","","","","","","","","","","","","","","","","","","","","","","","","","","","","","","","","","","","","GetSysColor",""
"","","","","","","","","","","","","","","","","","","","","","","","","","","","","","","","","","","","","","","","","","","SetScrollInfo",""
"","","","","","","","","","","","","","","","","","","","","","","","","","","","","","","","","","","","","","","","","","","CopyImage",""
"","","","","","","","","","","","","","","","","","","","","","","","","","","","","","","","","","","","","","","","","","","EndDeferWindowPos",""
"","","","","","","","","","","","","","","","","","","","","","","","","","","","","","","","","","","","","","","","","","","SystemParametersInfoA",""
"","","","","","","","","","","","","","","","","","","","","","","","","","","","","","","","","","","","","","","","","","","UpdateLayeredWindow",""
"","","","","","","","","","","","","","","","","","","","","","","","","","","","","","","","","","","","","","","","","","","GetDoubleClickTime",""
"","","","","","","","","","","","","","","","","","","","","","","","","","","","","","","","","","","","","","","","","","","DestroyIcon",""
"","","","","","","","","","","","","","","","","","","","","","","","","","","","","","","","","","","","","","","","","","","GetKeyNameTextA",""
"","","","","","","","","","","","","","","","","","","","","","","","","","","","","","","","","","","","","","","","","","","ShowScrollBar",""
"","","","","","","","","","","","","","","","","","","","","","","","","","","","","","","","","","","","","","","","","","","SubtractRect",""
"","","","","","","","","","","","","","","","","","","","","","","","","","","","","","","","","","","","","","","","","","","UnpackDDElParam",""
"","","","","","","","","","","","","","","","","","","","","","","","","","","","","","","","","","","","","","","","","","","SetCursorPos",""
"","","","","","","","","","","","","","","","","","","","","","","","","","","","","","","","","","","","","","","","","","","WinHelpA",""
"","","","","","","","","","","","","","","","","","","","","","","","","","","","","","","","","","","","","","","","","","","UnionRect",""
"","","","","","","","","","","","","","","","","","","","","","","","","","","","","","","","","","","","","","","","","","","MonitorFromWindow",""
"","","","","","","","","","","","","","","","","","","","","","","","","","","","","","","","","","","","","","","","","","","FrameRect",""
"","","","","","","","","","","","","","","","","","","","","","","","","","","","","","","","","","","","","","","","","","","SetRect",""
"","","","","","","","","","","","","","","","","","","","","","","","","","","","","","","","","","","","","","","","","","","DeleteMenu",""
"","","","","","","","","","","","","","","","","","","","","","","","","","","","","","","","","","","","","","","","","","","InvalidateRect",""
"","","","","","","","","","","","","","","","","","","","","","","","","","","","","","","","","","","","","","","","","","","SendMessageA",""
"","","","","","","","","","","","","","","","","","","","","","","","","","","","","","","","","","","","","","","","","","","TranslateAcceleratorA",""
"","","","","","","","","","","","","","","","","","","","","","","","","","","","","","","","","","","","","","","","","","","EnableMenuItem",""
"","","","","","","","","","","","","","","","","","","","","","","","","","","","","","","","","","","","","","","","","","","ValidateRect",""
"","","","","","","","","","","","","","","","","","","","","","","","","","","","","","","","","","","","","","","","","","","IsRectEmpty",""
"","","","","","","","","","","","","","","","","","","","","","","","","","","","","","","","","","","","","","","","","","","GetClassNameA",""
"","","","","","","","","","","","","","","","","","","","","","","","","","","","","","","","","","","","","","","","","","","GetFocus",""
"","","","","","","","","","","","","","","","","","","","","","","","","","","","","","","","","","","","","","","","","","","CloseClipboard",""
"","","","","","","","","","","","","","","","","","","","","","","","","","","","","","","","","","","","","","","","","","","ModifyMenuA",""
"","","","","","","","","","","","","","","","","","","","","","","","","","","","","","","","","","","","","","","","","","","UnhookWindowsHookEx",""
"","","","","","","","","","","","","","","","","","","","","","","","","","","","","","","","","","","","","","","","","","","SetCursor",""
