"Imports","Runtime_DLL","Reg_Set","Reg_Set_Val","Reg_Set_Type","Reg_Del","Service_Opened","Service_Controlled","Service_Created","Service_Started","Proc_Terminated","Proc_Created","Proc_Injected","Proc_Shellcmds","File_Read","File_Opened","File_Written","File_Replaced","File_Moved_src","File_Moved_dst","File_Copied_src","File_Copied_dst","File_Deleted","KERNEL32.dll"
"KERNEL32.dll","mpr.dll","","","","","","","","","","C:\Documents and Settings\All Users\Reload.exe C:\Documents and Settings\All Users\Reload.exe"" ""","","((null)) C:\Documents and Settings\All Users\Reload.exe(null) [(null)]","C:\WINDOWS\Registration\R000000000007.clb","C:\Documents and Settings\All Users\system_.bat","C:\Documents and Settings\All Users\system_.bat","","","","C:\059aab1a6ac0764ff8024c8be37981d0506337909664c7b3862fc056d8c405b0","C:\Documents and Settings\All Users\Reload.exe","","GetSystemTime"
"","advapi32.dll","","","","","","","","","","C:\Documents and Settings\All Users\system_.bat"" ""","","((null)) C:\Documents and Settings\All Users\shade.bat(null) [(null)]","C:\Documents and Settings\All Users\Reload.exe","C:\059aab1a6ac0764ff8024c8be37981d0506337909664c7b3862fc056d8c405b0","C:\Documents and Settings\All Users\shade.bat","","","","","","","GetLastError"
"","netapi32.dll","","","","","","","","","","REG ADD HKEY_CURRENT_USER\SOFTWARE\Microsoft\Windows\CurrentVersion\Run"" /v ""sysrep"" /t REG_SZ /d ""C:\Documents and Settings\All Users\Reload.exe"" /f""","","","C:\Documents and Settings\All Users\system_.bat","\\.\PIPE\wkssvc","C:\Documents and Settings\USER\Application Data\Microsoft\Crypto\RSA\S1521127521007192002626610602842981003\7681ca4518df0c6c30be3b382f32e152_fabbc6a1c5734ea09ca150004b35a440","","","","","","","InitializeCriticalSectionAndSpinCount"
"","ole32.dll","","","","","","","","","","C:\Documents and Settings\All Users\shade.bat"" ""","","","C:\Documents and Settings\All Users\shade.bat","\\.\PIPE\lsarpc","C:\\UNIQUE_ID_DO_NOT_REMOVE","","","","","","","HeapFree"
"","shell32.dll","","","","","","","","","","C:\WINDOWS\system32\vssadmin.exe vssadmin resize shadowstorage /for=c: /on=c: /maxsize=401MB","","","C:\WINDOWS\system32\rsaenh.dll","\\.\MountPointManager","C:\\DECRYPT_INFORMATION.html","","","","","","","GetStdHandle"
"","netapi32","","","","","","","","","","C:\WINDOWS\system32\vssadmin.exe vssadmin resize shadowstorage /for=c: /on=c: /maxsize=unbounded","","","c:\autoexec.bat","C:\WINDOWS\Registration\R000000000007.clb","C:\Documents and Settings\\UNIQUE_ID_DO_NOT_REMOVE","","","","","","","EnterCriticalSection"
"","rpcrt4.dll","","","","","","","","","","C:\WINDOWS\system32\vssadmin.exe vssadmin resize shadowstorage /for=d: /on=d: /maxsize=401MB","","","C:\eula.1028.txt","C:\Documents and Settings\All Users\Reload.exe","C:\Documents and Settings\\DECRYPT_INFORMATION.html","","","","","","","LCMapStringW"
"","setupapi.dll","","","","","","","","","","C:\WINDOWS\system32\vssadmin.exe vssadmin resize shadowstorage /for=d: /on=d: /maxsize=unbounded","","","C:\eula.1033.txt","C:\WINDOWS\system32\reg.exe","C:\Documents and Settings\USER\\UNIQUE_ID_DO_NOT_REMOVE","","","","","","","SetHandleCount"
"","clbcatq.dll","","","","","","","","","","C:\WINDOWS\system32\vssadmin.exe vssadmin resize shadowstorage /for=e: /on=e: /maxsize=401MB","","","C:\eula.1041.txt","\\.\PIPE\samr","C:\Documents and Settings\USER\\DECRYPT_INFORMATION.html","","","","","","","LoadLibraryA"
"","secur32.dll","","","","","","","","","","C:\WINDOWS\system32\vssadmin.exe vssadmin resize shadowstorage /for=e: /on=e: /maxsize=unbounded","","","C:\Python27\include\ast.h","C:\Documents and Settings\All Users\shade.bat","C:\Documents and Settings\USER\Favorites\\UNIQUE_ID_DO_NOT_REMOVE","","","","","","","RemoveDirectoryW"
"","version.dll","","","","","","","","","","C:\WINDOWS\system32\vssadmin.exe vssadmin resize shadowstorage /for=f: /on=f: /maxsize=401MB","","","C:\Python27\Lib\bsddb\db.py","C:\WINDOWS\system32\rsaenh.dll","C:\Documents and Settings\USER\Favorites\\DECRYPT_INFORMATION.html","","","","","","","GetOEMCP"
"","samlib.dll","","","","","","","","","","C:\WINDOWS\system32\vssadmin.exe vssadmin resize shadowstorage /for=f: /on=f: /maxsize=unbounded","","","C:\Python27\Lib\email\test\data\msg_01.txt","c:\autoexec.bat","C:\Documents and Settings\USER\My Documents\\UNIQUE_ID_DO_NOT_REMOVE","","","","","","","QueryPerformanceCounter"
"","rsaenh.dll","","","","","","","","","","C:\WINDOWS\system32\vssadmin.exe vssadmin resize shadowstorage /for=g: /on=g: /maxsize=401MB","","","C:\Python27\Lib\email\test\data\msg_02.txt","C:\Documents and Settings\USER\Application Data\Microsoft\Crypto\RSA\S1521127521007192002626610602842981003\7681ca4518df0c6c30be3b382f32e152_fabbc6a1c5734ea09ca150004b35a440","C:\Documents and Settings\USER\My Documents\\DECRYPT_INFORMATION.html","","","","","","","IsDebuggerPresent"
"","userenv.dll","","","","","","","","","","C:\WINDOWS\system32\vssadmin.exe vssadmin resize shadowstorage /for=g: /on=g: /maxsize=unbounded","","","C:\Python27\Lib\email\test\data\msg_03.txt","C:\Documents and Settings\USER\Application Data\Microsoft\Crypto\RSA\S1521127521007192002626610602842981003\7681ca4518df0c6c30be3b382f32e152_fabbc6a1c5734ea09ca150004b35a440","C:\eula.1028.txt","","","","","","","ExitProcess"
"","crypt32.dll","","","","","","","","","","C:\WINDOWS\system32\vssadmin.exe vssadmin resize shadowstorage /for=h: /on=h: /maxsize=401MB","","","C:\Python27\Lib\email\test\data\msg_04.txt","C:\\UNIQUE_ID_DO_NOT_REMOVE","C:\eula.1033.txt","","","","","","","TlsAlloc"
"","","","","","","","","","","","C:\WINDOWS\system32\vssadmin.exe vssadmin resize shadowstorage /for=h: /on=h: /maxsize=unbounded","","","C:\Python27\Lib\email\test\data\msg_05.txt","C:\\DECRYPT_INFORMATION.html","C:\eula.1041.txt","","","","","","","GetEnvironmentStringsW"
"","","","","","","","","","","","C:\WINDOWS\system32\vssadmin.exe vssadmin Delete Shadows /all /quiet","","","C:\Python27\Lib\email\test\data\msg_06.txt","C:\Documents and Settings\\UNIQUE_ID_DO_NOT_REMOVE","C:\Python27\\UNIQUE_ID_DO_NOT_REMOVE","","","","","","","GetFileAttributesW"
"","","","","","","","","","","","","","","C:\Python27\Lib\email\test\data\msg_07.txt","C:\Documents and Settings\\DECRYPT_INFORMATION.html","C:\Python27\\DECRYPT_INFORMATION.html","","","","","","","RtlUnwind"
"","","","","","","","","","","","","","","C:\Python27\Lib\email\test\data\msg_08.txt","C:\Documents and Settings\USER\\UNIQUE_ID_DO_NOT_REMOVE","C:\Python27\include\ast.h","","","","","","","GetModuleFileNameA"
"","","","","","","","","","","","","","","C:\Python27\Lib\email\test\data\msg_09.txt","C:\Documents and Settings\USER\\DECRYPT_INFORMATION.html","C:\Python27\Lib\\UNIQUE_ID_DO_NOT_REMOVE","","","","","","","WinExec"
"","","","","","","","","","","","","","","C:\Python27\Lib\email\test\data\msg_10.txt","C:\Documents and Settings\USER\Favorites\\UNIQUE_ID_DO_NOT_REMOVE","C:\Python27\Lib\\DECRYPT_INFORMATION.html","","","","","","","DeleteCriticalSection"
"","","","","","","","","","","","","","","C:\Python27\Lib\email\test\data\msg_11.txt","C:\Documents and Settings\USER\Favorites\\DECRYPT_INFORMATION.html","C:\Python27\Lib\bsddb\db.py","","","","","","","GetCurrentProcess"
"","","","","","","","","","","","","","","C:\Python27\Lib\email\test\data\msg_12.txt","C:\Documents and Settings\USER\My Documents\marbellasolyplaya.doc","C:\Python27\Lib\bsddb\\UNIQUE_ID_DO_NOT_REMOVE","","","","","","","GetLocaleInfoA"
"","","","","","","","","","","","","","","C:\Python27\Lib\email\test\data\msg_12a.txt","C:\Documents and Settings\USER\My Documents\\UNIQUE_ID_DO_NOT_REMOVE","C:\Python27\Lib\bsddb\\DECRYPT_INFORMATION.html","","","","","","","GetCurrentProcessId"
"","","","","","","","","","","","","","","C:\Python27\Lib\email\test\data\msg_13.txt","C:\Documents and Settings\USER\My Documents\\DECRYPT_INFORMATION.html","C:\Python27\Lib\ctypes\\UNIQUE_ID_DO_NOT_REMOVE","","","","","","","GetCommandLineW"
"","","","","","","","","","","","","","","C:\Python27\Lib\email\test\data\msg_14.txt","C:\Documents and Settings\USER\My Documents\tequilashot.txt","C:\Python27\Lib\ctypes\\DECRYPT_INFORMATION.html","","","","","","","WideCharToMultiByte"
"","","","","","","","","","","","","","","C:\Python27\Lib\email\test\data\msg_15.txt","C:\eula.1028.txt","C:\Python27\Lib\distutils\\UNIQUE_ID_DO_NOT_REMOVE","","","","","","","UnhandledExceptionFilter"
"","","","","","","","","","","","","","","C:\Python27\Lib\email\test\data\msg_16.txt","C:\eula.1031.txt","C:\Python27\Lib\distutils\\DECRYPT_INFORMATION.html","","","","","","","TlsGetValue"
"","","","","","","","","","","","","","","C:\Python27\Lib\email\test\data\msg_17.txt","C:\eula.1033.txt","C:\Python27\Lib\email\\UNIQUE_ID_DO_NOT_REMOVE","","","","","","","MultiByteToWideChar"
"","","","","","","","","","","","","","","C:\Python27\Lib\email\test\data\msg_18.txt","C:\eula.1036.txt","C:\Python27\Lib\email\\DECRYPT_INFORMATION.html","","","","","","","GetStartupInfoW"
"","","","","","","","","","","","","","","C:\Python27\Lib\email\test\data\msg_19.txt","C:\eula.1040.txt","C:\Python27\Lib\email\test\\UNIQUE_ID_DO_NOT_REMOVE","","","","","","","GetLogicalDrives"
"","","","","","","","","","","","","","","C:\Python27\Lib\email\test\data\msg_20.txt","C:\eula.1041.txt","C:\Python27\Lib\email\test\\DECRYPT_INFORMATION.html","","","","","","","FreeEnvironmentStringsW"
"","","","","","","","","","","","","","","C:\Python27\Lib\email\test\data\msg_21.txt","C:\eula.1042.txt","C:\Python27\Lib\email\test\data\msg_01.txt","","","","","","","GetProcAddress"
"","","","","","","","","","","","","","","C:\Python27\Lib\email\test\data\msg_22.txt","C:\eula.2052.txt","C:\Python27\Lib\email\test\data\msg_02.txt","","","","","","","GetStringTypeA"
"","","","","","","","","","","","","","","C:\Python27\Lib\email\test\data\msg_23.txt","C:\eula.3082.txt","C:\Python27\Lib\email\test\data\msg_03.txt","","","","","","","HeapSize"
"","","","","","","","","","","","","","","C:\Python27\Lib\email\test\data\msg_24.txt","C:\Python27\\UNIQUE_ID_DO_NOT_REMOVE","C:\Python27\Lib\email\test\data\msg_04.txt","","","","","","","CompareStringW"
"","","","","","","","","","","","","","","C:\Python27\Lib\email\test\data\msg_25.txt","C:\Python27\\DECRYPT_INFORMATION.html","C:\Python27\Lib\email\test\data\msg_05.txt","","","","","","","RaiseException"
"","","","","","","","","","","","","","","C:\Python27\Lib\email\test\data\msg_26.txt","C:\Python27\include\ast.h","C:\Python27\Lib\email\test\data\msg_06.txt","","","","","","","GetCPInfo"
"","","","","","","","","","","","","","","C:\Python27\Lib\email\test\data\msg_27.txt","C:\Python27\Lib\\UNIQUE_ID_DO_NOT_REMOVE","C:\Python27\Lib\email\test\data\msg_07.txt","","","","","","","GetModuleFileNameW"
"","","","","","","","","","","","","","","C:\Python27\Lib\email\test\data\msg_28.txt","C:\Python27\Lib\\DECRYPT_INFORMATION.html","C:\Python27\Lib\email\test\data\msg_09.txt","","","","","","","TlsFree"
"","","","","","","","","","","","","","","C:\Python27\Lib\email\test\data\msg_29.txt","C:\Python27\Lib\bsddb\db.py","C:\Python27\Lib\email\test\data\msg_10.txt","","","","","","","SetUnhandledExceptionFilter"
"","","","","","","","","","","","","","","C:\Python27\Lib\email\test\data\msg_30.txt","C:\Python27\Lib\bsddb\\UNIQUE_ID_DO_NOT_REMOVE","C:\Python27\Lib\email\test\data\msg_11.txt","","","","","","","WriteFile"
"","","","","","","","","","","","","","","C:\Python27\Lib\email\test\data\msg_31.txt","C:\Python27\Lib\bsddb\\DECRYPT_INFORMATION.html","C:\Python27\Lib\email\test\data\msg_12.txt","","","","","","","GetStartupInfoA"
"","","","","","","","","","","","","","","C:\Python27\Lib\email\test\data\msg_32.txt","C:\Python27\Lib\ctypes\\UNIQUE_ID_DO_NOT_REMOVE","C:\Python27\Lib\email\test\data\msg_13.txt","","","","","","","CompareStringA"
"","","","","","","","","","","","","","","C:\Python27\Lib\email\test\data\msg_33.txt","C:\Python27\Lib\ctypes\\DECRYPT_INFORMATION.html","C:\Python27\Lib\email\test\data\msg_14.txt","","","","","","","GetSystemTimeAsFileTime"
"","","","","","","","","","","","","","","C:\Python27\Lib\email\test\data\msg_34.txt","C:\Python27\Lib\distutils\\UNIQUE_ID_DO_NOT_REMOVE","C:\Python27\Lib\email\test\data\msg_15.txt","","","","","","","GetACP"
"","","","","","","","","","","","","","","C:\Python27\Lib\email\test\data\msg_35.txt","C:\Python27\Lib\distutils\\DECRYPT_INFORMATION.html","C:\Python27\Lib\email\test\data\msg_16.txt","","","","","","","HeapReAlloc"
"","","","","","","","","","","","","","","C:\Python27\Lib\email\test\data\msg_36.txt","C:\Python27\Lib\email\\UNIQUE_ID_DO_NOT_REMOVE","C:\Python27\Lib\email\test\data\msg_17.txt","","","","","","","GetStringTypeW"
"","","","","","","","","","","","","","","C:\Python27\Lib\email\test\data\msg_37.txt","C:\Python27\Lib\email\\DECRYPT_INFORMATION.html","C:\Python27\Lib\email\test\data\msg_18.txt","","","","","","","GetModuleHandleW"
"","","","","","","","","","","","","","","C:\Python27\Lib\email\test\data\msg_38.txt","C:\Python27\Lib\email\test\\UNIQUE_ID_DO_NOT_REMOVE","C:\Python27\Lib\email\test\data\msg_19.txt","","","","","","","SetEnvironmentVariableA"
"","","","","","","","","","","","","","","C:\Python27\Lib\email\test\data\msg_39.txt","C:\Python27\Lib\email\test\\DECRYPT_INFORMATION.html","C:\Python27\Lib\email\test\data\msg_20.txt","","","","","","","SetEnvironmentVariableW"
"","","","","","","","","","","","","","","C:\Python27\Lib\email\test\data\msg_40.txt","C:\Python27\Lib\email\test\data\msg_01.txt","C:\Python27\Lib\email\test\data\msg_21.txt","","","","","","","TerminateProcess"
"","","","","","","","","","","","","","","C:\Python27\Lib\email\test\data\msg_41.txt","C:\Python27\Lib\email\test\data\msg_02.txt","C:\Python27\Lib\email\test\data\msg_22.txt","","","","","","","LCMapStringA"
"","","","","","","","","","","","","","","C:\Python27\Lib\email\test\data\msg_42.txt","C:\Python27\Lib\email\test\data\msg_03.txt","C:\Python27\Lib\email\test\data\msg_24.txt","","","","","","","IsValidCodePage"
"","","","","","","","","","","","","","","C:\Python27\Lib\email\test\data\msg_43.txt","C:\Python27\Lib\email\test\data\msg_04.txt","C:\Python27\Lib\email\test\data\msg_25.txt","","","","","","","HeapCreate"
"","","","","","","","","","","","","","","C:\Python27\Lib\email\test\data\msg_44.txt","C:\Python27\Lib\email\test\data\msg_05.txt","C:\Python27\Lib\email\test\data\msg_26.txt","","","","","","","GlobalAlloc"
"","","","","","","","","","","","","","","C:\Python27\Lib\email\test\data\msg_46.txt","C:\Python27\Lib\email\test\data\msg_06.txt","C:\Python27\Lib\email\test\data\msg_27.txt","","","","","","","VirtualFree"
"","","","","","","","","","","","","","","C:\Python27\Lib\email\test\data\PyBanner048.gif","C:\Python27\Lib\email\test\data\msg_07.txt","C:\Python27\Lib\email\test\data\msg_28.txt","","","","","","","InterlockedDecrement"
"","","","","","","","","","","","","","","C:\Python27\Lib\encodings\hz.py","C:\Python27\Lib\email\test\data\msg_08.txt","C:\Python27\Lib\email\test\data\msg_31.txt","","","","","","","Sleep"
"","","","","","","","","","","","","","","C:\Python27\Lib\idlelib\CREDITS.txt","C:\Python27\Lib\email\test\data\msg_09.txt","C:\Python27\Lib\email\test\data\msg_32.txt","","","","","","","GetFileType"
"","","","","","","","","","","","","","","C:\Python27\Lib\idlelib\extend.txt","C:\Python27\Lib\email\test\data\msg_10.txt","C:\Python27\Lib\email\test\data\msg_33.txt","","","","","","","GetTickCount"
"","","","","","","","","","","","","","","C:\Python27\Lib\idlelib\help.txt","C:\Python27\Lib\email\test\data\msg_11.txt","C:\Python27\Lib\email\test\data\msg_34.txt","","","","","","","TlsSetValue"
"","","","","","","","","","","","","","","C:\Python27\Lib\idlelib\HISTORY.txt","C:\Python27\Lib\email\test\data\msg_12.txt","C:\Python27\Lib\email\test\data\msg_35.txt","","","","","","","HeapAlloc"
"","","","","","","","","","","","","","","C:\Python27\Lib\idlelib\Icons\folder.gif","C:\Python27\Lib\email\test\data\msg_12a.txt","C:\Python27\Lib\email\test\data\msg_36.txt","","","","","","","GetCurrentThreadId"
"","","","","","","","","","","","","","","C:\Python27\Lib\idlelib\Icons\minusnode.gif","C:\Python27\Lib\email\test\data\msg_13.txt","C:\Python27\Lib\email\test\data\msg_38.txt","","","","","","","LeaveCriticalSection"
"","","","","","","","","","","","","","","C:\Python27\Lib\idlelib\Icons\openfolder.gif","C:\Python27\Lib\email\test\data\msg_14.txt","C:\Python27\Lib\email\test\data\msg_39.txt","","","","","","","VirtualAlloc"
"","","","","","","","","","","","","","","C:\Python27\Lib\idlelib\Icons\plusnode.gif","C:\Python27\Lib\email\test\data\msg_15.txt","C:\Python27\Lib\email\test\data\msg_40.txt","","","","","","","SetLastError"
"","","","","","","","","","","","","","","C:\Python27\Lib\idlelib\Icons\tk.gif","C:\Python27\Lib\email\test\data\msg_16.txt","C:\Python27\Lib\email\test\data\msg_42.txt","","","","","","","InterlockedIncrement"
"","","","","","","","","","","","","","","C:\Python27\Lib\idlelib\NEWS.txt","C:\Python27\Lib\email\test\data\msg_17.txt","C:\Python27\Lib\email\test\data\msg_43.txt","","","","","","",""
"","","","","","","","","","","","","","","C:\Python27\Lib\idlelib\README.txt","C:\Python27\Lib\email\test\data\msg_18.txt","C:\Python27\Lib\email\test\data\msg_44.txt","","","","","","",""
"","","","","","","","","","","","","","","C:\Python27\Lib\idlelib\TODO.txt","C:\Python27\Lib\email\test\data\msg_19.txt","C:\Python27\Lib\email\test\data\msg_46.txt","","","","","","",""
"","","","","","","","","","","","","","","C:\Python27\Lib\io.py","C:\Python27\Lib\email\test\data\msg_20.txt","C:\Python27\Lib\email\test\data\PyBanner048.gif","","","","","","",""
"","","","","","","","","","","","","","","C:\Python27\Lib\lib2to3\Grammar.txt","C:\Python27\Lib\email\test\data\msg_21.txt","C:\Python27\Lib\encodings\hz.py","","","","","","",""
"","","","","","","","","","","","","","","C:\Python27\Lib\lib2to3\PatternGrammar.txt","C:\Python27\Lib\email\test\data\msg_22.txt","C:\Python27\Lib\idlelib\CREDITS.txt","","","","","","",""
"","","","","","","","","","","","","","","C:\Python27\Lib\os.py","C:\Python27\Lib\email\test\data\msg_23.txt","C:\Python27\Lib\idlelib\extend.txt","","","","","","",""
"","","","","","","","","","","","","","","C:\Python27\Lib\re.py","C:\Python27\Lib\email\test\data\msg_24.txt","C:\Python27\Lib\idlelib\help.txt","","","","","","",""
"","","","","","","","","","","","","","","C:\Python27\Lib\sitepackages\README.txt","C:\Python27\Lib\email\test\data\msg_25.txt","C:\Python27\Lib\idlelib\HISTORY.txt","","","","","","",""
"","","","","","","","","","","","","","","C:\Python27\Lib\test\185test.db","C:\Python27\Lib\email\test\data\msg_26.txt","C:\Python27\Lib\idlelib\\UNIQUE_ID_DO_NOT_REMOVE","","","","","","",""
"","","","","","","","","","","","","","","C:\Python27\Lib\test\cjkencodings\big5utf8.txt","C:\Python27\Lib\email\test\data\msg_27.txt","C:\Python27\Lib\idlelib\\DECRYPT_INFORMATION.html","","","","","","",""
"","","","","","","","","","","","","","","C:\Python27\Lib\test\cjkencodings\big5.txt","C:\Python27\Lib\email\test\data\msg_28.txt","C:\Python27\Lib\idlelib\Icons\folder.gif","","","","","","",""
"","","","","","","","","","","","","","","C:\Python27\Lib\test\cjkencodings\big5hkscsutf8.txt","C:\Python27\Lib\email\test\data\msg_29.txt","C:\Python27\Lib\idlelib\Icons\minusnode.gif","","","","","","",""
"","","","","","","","","","","","","","","C:\Python27\Lib\test\cjkencodings\big5hkscs.txt","C:\Python27\Lib\email\test\data\msg_30.txt","C:\Python27\Lib\idlelib\Icons\plusnode.gif","","","","","","",""
"","","","","","","","","","","","","","","C:\Python27\Lib\test\cjkencodings\cp949utf8.txt","C:\Python27\Lib\email\test\data\msg_31.txt","C:\Python27\Lib\idlelib\Icons\tk.gif","","","","","","",""
"","","","","","","","","","","","","","","C:\Python27\Lib\test\cjkencodings\cp949.txt","C:\Python27\Lib\email\test\data\msg_32.txt","C:\Python27\Lib\idlelib\NEWS.txt","","","","","","",""
"","","","","","","","","","","","","","","C:\Python27\Lib\test\cjkencodings\euc_jisx0213utf8.txt","C:\Python27\Lib\email\test\data\msg_33.txt","C:\Python27\Lib\idlelib\README.txt","","","","","","",""
"","","","","","","","","","","","","","","C:\Python27\Lib\test\cjkencodings\euc_jisx0213.txt","C:\Python27\Lib\email\test\data\msg_34.txt","C:\Python27\Lib\idlelib\TODO.txt","","","","","","",""
"","","","","","","","","","","","","","","C:\Python27\Lib\test\cjkencodings\euc_jputf8.txt","C:\Python27\Lib\email\test\data\msg_35.txt","C:\Python27\Lib\io.py","","","","","","",""
"","","","","","","","","","","","","","","C:\Python27\Lib\test\cjkencodings\euc_jp.txt","C:\Python27\Lib\email\test\data\msg_36.txt","C:\Python27\Lib\json\\UNIQUE_ID_DO_NOT_REMOVE","","","","","","",""
"","","","","","","","","","","","","","","C:\Python27\Lib\test\cjkencodings\euc_krutf8.txt","C:\Python27\Lib\email\test\data\msg_37.txt","C:\Python27\Lib\json\\DECRYPT_INFORMATION.html","","","","","","",""
"","","","","","","","","","","","","","","C:\Python27\Lib\test\cjkencodings\euc_kr.txt","C:\Python27\Lib\email\test\data\msg_38.txt","C:\Python27\Lib\libtk\\UNIQUE_ID_DO_NOT_REMOVE","","","","","","",""
"","","","","","","","","","","","","","","C:\Python27\Lib\test\cjkencodings\gb18030utf8.txt","C:\Python27\Lib\email\test\data\msg_39.txt","C:\Python27\Lib\libtk\\DECRYPT_INFORMATION.html","","","","","","",""
"","","","","","","","","","","","","","","C:\Python27\Lib\test\cjkencodings\gb18030.txt","C:\Python27\Lib\email\test\data\msg_40.txt","C:\Python27\Lib\libtk\test\\UNIQUE_ID_DO_NOT_REMOVE","","","","","","",""
"","","","","","","","","","","","","","","C:\Python27\Lib\test\cjkencodings\gb2312utf8.txt","C:\Python27\Lib\email\test\data\msg_41.txt","C:\Python27\Lib\libtk\test\\DECRYPT_INFORMATION.html","","","","","","",""
"","","","","","","","","","","","","","","C:\Python27\Lib\test\cjkencodings\gb2312.txt","C:\Python27\Lib\email\test\data\msg_42.txt","C:\Python27\Lib\lib2to3\\UNIQUE_ID_DO_NOT_REMOVE","","","","","","",""
"","","","","","","","","","","","","","","C:\Python27\Lib\test\cjkencodings\gbkutf8.txt","C:\Python27\Lib\email\test\data\msg_43.txt","C:\Python27\Lib\lib2to3\\DECRYPT_INFORMATION.html","","","","","","",""
"","","","","","","","","","","","","","","C:\Python27\Lib\test\cjkencodings\gbk.txt","C:\Python27\Lib\email\test\data\msg_44.txt","C:\Python27\Lib\lib2to3\Grammar.txt","","","","","","",""
"","","","","","","","","","","","","","","C:\Python27\Lib\test\cjkencodings\hzutf8.txt","C:\Python27\Lib\email\test\data\msg_45.txt","C:\Python27\Lib\lib2to3\PatternGrammar.txt","","","","","","",""
"","","","","","","","","","","","","","","C:\Python27\Lib\test\cjkencodings\hz.txt","C:\Python27\Lib\email\test\data\msg_46.txt","C:\Python27\Lib\lib2to3\tests\\UNIQUE_ID_DO_NOT_REMOVE","","","","","","",""
"","","","","","","","","","","","","","","C:\Python27\Lib\test\cjkencodings\iso2022_jp.txt","C:\Python27\Lib\email\test\data\PyBanner048.gif","C:\Python27\Lib\lib2to3\tests\\DECRYPT_INFORMATION.html","","","","","","",""
"","","","","","","","","","","","","","","C:\Python27\Lib\test\cjkencodings\iso2022_krutf8.txt","C:\Python27\Lib\encodings\hz.py","C:\Python27\Lib\lib2to3\tests\data\\UNIQUE_ID_DO_NOT_REMOVE","","","","","","",""
"","","","","","","","","","","","","","","C:\Python27\Lib\test\cjkencodings\iso2022_kr.txt","C:\Python27\Lib\idlelib\CREDITS.txt","C:\Python27\Lib\lib2to3\tests\data\\DECRYPT_INFORMATION.html","","","","","","",""
"","","","","","","","","","","","","","","C:\Python27\Lib\test\cjkencodings\shift_jisx0213.txt","C:\Python27\Lib\idlelib\extend.txt","C:\Python27\Lib\lib2to3\tests\data\fixers\\UNIQUE_ID_DO_NOT_REMOVE","","","","","","",""
"","","","","","","","","","","","","","","C:\Python27\Lib\test\cmath_testcases.txt","C:\Python27\Lib\idlelib\help.txt","C:\Python27\Lib\lib2to3\tests\data\fixers\\DECRYPT_INFORMATION.html","","","","","","",""
"","","","","","","","","","","","","","","C:\Python27\Lib\test\exception_hierarchy.txt","C:\Python27\Lib\idlelib\HISTORY.txt","C:\Python27\Lib\multiprocessing\\UNIQUE_ID_DO_NOT_REMOVE","","","","","","",""
"","","","","","","","","","","","","","","C:\Python27\Lib\test\floating_points.txt","C:\Python27\Lib\idlelib\\UNIQUE_ID_DO_NOT_REMOVE","C:\Python27\Lib\multiprocessing\\DECRYPT_INFORMATION.html","","","","","","",""
"","","","","","","","","","","","","","","C:\Python27\Lib\test\formatfloat_testcases.txt","C:\Python27\Lib\idlelib\\DECRYPT_INFORMATION.html","C:\Python27\Lib\os.py","","","","","","",""
"","","","","","","","","","","","","","","C:\Python27\Lib\test\ieee754.txt","C:\Python27\Lib\idlelib\Icons\folder.gif","C:\Python27\Lib\re.py","","","","","","",""
"","","","","","","","","","","","","","","C:\Python27\Lib\test\leakers\README.txt","C:\Python27\Lib\idlelib\Icons\minusnode.gif","C:\Python27\Lib\sitepackages\\UNIQUE_ID_DO_NOT_REMOVE","","","","","","",""
"","","","","","","","","","","","","","","C:\Python27\Lib\test\math_testcases.txt","C:\Python27\Lib\idlelib\Icons\openfolder.gif","C:\Python27\Lib\sitepackages\\DECRYPT_INFORMATION.html","","","","","","",""
"","","","","","","","","","","","","","","C:\Python27\Lib\test\sgml_input.html","C:\Python27\Lib\idlelib\Icons\plusnode.gif","C:\Python27\Lib\sitepackages\README.txt","","","","","","",""
"","","","","","","","","","","","","","","C:\Python27\Lib\test\test_difflib_expect.html","C:\Python27\Lib\idlelib\Icons\python.gif","C:\Python27\Lib\sqlite3\\UNIQUE_ID_DO_NOT_REMOVE","","","","","","",""
"","","","","","","","","","","","","","","C:\Python27\Lib\test\test_doctest.txt","C:\Python27\Lib\idlelib\Icons\tk.gif","C:\Python27\Lib\sqlite3\\DECRYPT_INFORMATION.html","","","","","","",""
"","","","","","","","","","","","","","","C:\Python27\Lib\test\test_doctest2.txt","C:\Python27\Lib\idlelib\NEWS.txt","C:\Python27\Lib\test\185test.db","","","","","","",""
"","","","","","","","","","","","","","","C:\Python27\Lib\test\test_doctest3.txt","C:\Python27\Lib\idlelib\README.txt","C:\Python27\Lib\test\\UNIQUE_ID_DO_NOT_REMOVE","","","","","","",""
"","","","","","","","","","","","","","","C:\Python27\Lib\test\test_doctest4.txt","C:\Python27\Lib\idlelib\TODO.txt","C:\Python27\Lib\test\\DECRYPT_INFORMATION.html","","","","","","",""
"","","","","","","","","","","","","","","C:\Python27\Lib\test\tokenize_tests.txt","C:\Python27\Lib\io.py","C:\Python27\Lib\test\cjkencodings\big5utf8.txt","","","","","","",""
"","","","","","","","","","","","","","","C:\Python27\Lib\test\zipdir.zip","C:\Python27\Lib\json\\UNIQUE_ID_DO_NOT_REMOVE","C:\Python27\Lib\test\cjkencodings\big5.txt","","","","","","",""
"","","","","","","","","","","","","","","C:\Python27\Lib\uu.py","C:\Python27\Lib\json\\DECRYPT_INFORMATION.html","C:\Python27\Lib\test\cjkencodings\big5hkscsutf8.txt","","","","","","",""
"","","","","","","","","","","","","","","C:\Python27\LICENSE.txt","C:\Python27\Lib\libtk\\UNIQUE_ID_DO_NOT_REMOVE","C:\Python27\Lib\test\cjkencodings\big5hkscs.txt","","","","","","",""
"","","","","","","","","","","","","","","C:\Python27\NEWS.txt","C:\Python27\Lib\libtk\\DECRYPT_INFORMATION.html","C:\Python27\Lib\test\cjkencodings\cp949utf8.txt","","","","","","",""
"","","","","","","","","","","","","","","C:\Python27\README.txt","C:\Python27\Lib\libtk\test\\UNIQUE_ID_DO_NOT_REMOVE","C:\Python27\Lib\test\cjkencodings\cp949.txt","","","","","","",""
"","","","","","","","","","","","","","","C:\Python27\tcl\tcl8\8.4\http2.7.tm","C:\Python27\Lib\libtk\test\\DECRYPT_INFORMATION.html","C:\Python27\Lib\test\cjkencodings\euc_jisx0213utf8.txt","","","","","","",""
"","","","","","","","","","","","","","","C:\Python27\tcl\tcl8\8.4\platform\shell1.1.3.tm","C:\Python27\Lib\lib2to3\\UNIQUE_ID_DO_NOT_REMOVE","C:\Python27\Lib\test\cjkencodings\euc_jisx0213.txt","","","","","","",""
"","","","","","","","","","","","","","","C:\Python27\tcl\tcl8\8.4\platform1.0.3.tm","C:\Python27\Lib\lib2to3\\DECRYPT_INFORMATION.html","C:\Python27\Lib\test\cjkencodings\euc_jputf8.txt","","","","","","",""
"","","","","","","","","","","","","","","C:\Python27\tcl\tcl8\8.5\msgcat1.4.2.tm","C:\Python27\Lib\lib2to3\Grammar.txt","C:\Python27\Lib\test\cjkencodings\euc_jp.txt","","","","","","",""
"","","","","","","","","","","","","","","C:\Python27\tcl\tcl8\8.5\tcltest2.3.0.tm","C:\Python27\Lib\lib2to3\PatternGrammar.txt","C:\Python27\Lib\test\cjkencodings\euc_krutf8.txt","","","","","","",""
"","","","","","","","","","","","","","","C:\Python27\tcl\tcl8.5\msgs\af.msg","C:\Python27\Lib\lib2to3\tests\\UNIQUE_ID_DO_NOT_REMOVE","C:\Python27\Lib\test\cjkencodings\euc_kr.txt","","","","","","",""
"","","","","","","","","","","","","","","C:\Python27\tcl\tcl8.5\msgs\af_za.msg","C:\Python27\Lib\lib2to3\tests\\DECRYPT_INFORMATION.html","C:\Python27\Lib\test\cjkencodings\gb18030utf8.txt","","","","","","",""
"","","","","","","","","","","","","","","C:\Python27\tcl\tcl8.5\msgs\ar.msg","C:\Python27\Lib\lib2to3\tests\data\\UNIQUE_ID_DO_NOT_REMOVE","C:\Python27\Lib\test\cjkencodings\gb18030.txt","","","","","","",""
"","","","","","","","","","","","","","","C:\Python27\tcl\tcl8.5\msgs\ar_in.msg","C:\Python27\Lib\lib2to3\tests\data\\DECRYPT_INFORMATION.html","C:\Python27\Lib\test\cjkencodings\gb2312utf8.txt","","","","","","",""
"","","","","","","","","","","","","","","C:\Python27\tcl\tcl8.5\msgs\ar_jo.msg","C:\Python27\Lib\lib2to3\tests\data\fixers\\UNIQUE_ID_DO_NOT_REMOVE","C:\Python27\Lib\test\cjkencodings\gb2312.txt","","","","","","",""
"","","","","","","","","","","","","","","C:\Python27\tcl\tcl8.5\msgs\be.msg","C:\Python27\Lib\lib2to3\tests\data\fixers\\DECRYPT_INFORMATION.html","C:\Python27\Lib\test\cjkencodings\gbkutf8.txt","","","","","","",""
"","","","","","","","","","","","","","","C:\Python27\tcl\tcl8.5\msgs\bg.msg","C:\Python27\Lib\multiprocessing\\UNIQUE_ID_DO_NOT_REMOVE","C:\Python27\Lib\test\cjkencodings\hzutf8.txt","","","","","","",""
"","","","","","","","","","","","","","","C:\Python27\tcl\tcl8.5\msgs\bn.msg","C:\Python27\Lib\multiprocessing\\DECRYPT_INFORMATION.html","C:\Python27\Lib\test\cjkencodings\iso2022_kr.txt","","","","","","",""
"","","","","","","","","","","","","","","C:\Python27\tcl\tcl8.5\msgs\ca.msg","C:\Python27\Lib\os.py","C:\Python27\Lib\test\cmath_testcases.txt","","","","","","",""
"","","","","","","","","","","","","","","C:\Python27\tcl\tcl8.5\msgs\cs.msg","C:\Python27\Lib\re.py","C:\Python27\Lib\test\exception_hierarchy.txt","","","","","","",""
"","","","","","","","","","","","","","","C:\Python27\tcl\tcl8.5\msgs\da.msg","C:\Python27\Lib\sitepackages\\UNIQUE_ID_DO_NOT_REMOVE","C:\Python27\Lib\test\floating_points.txt","","","","","","",""
"","","","","","","","","","","","","","","C:\Python27\tcl\tcl8.5\msgs\de.msg","C:\Python27\Lib\sitepackages\\DECRYPT_INFORMATION.html","C:\Python27\Lib\test\formatfloat_testcases.txt","","","","","","",""
"","","","","","","","","","","","","","","C:\Python27\tcl\tcl8.5\msgs\de_at.msg","C:\Python27\Lib\sitepackages\PIL.pth","C:\Python27\Lib\test\ieee754.txt","","","","","","",""
"","","","","","","","","","","","","","","C:\Python27\tcl\tcl8.5\msgs\de_be.msg","C:\Python27\Lib\sitepackages\README.txt","C:\Python27\Lib\test\leakers\README.txt","","","","","","",""
"","","","","","","","","","","","","","","C:\Python27\tcl\tcl8.5\msgs\el.msg","C:\Python27\Lib\sqlite3\\UNIQUE_ID_DO_NOT_REMOVE","C:\Python27\Lib\test\math_testcases.txt","","","","","","",""
"","","","","","","","","","","","","","","C:\Python27\tcl\tcl8.5\msgs\en_au.msg","C:\Python27\Lib\sqlite3\\DECRYPT_INFORMATION.html","C:\Python27\Lib\test\sgml_input.html","","","","","","",""
"","","","","","","","","","","","","","","C:\Python27\tcl\tcl8.5\msgs\en_be.msg","C:\Python27\Lib\test\185test.db","C:\Python27\Lib\test\test_difflib_expect.html","","","","","","",""
"","","","","","","","","","","","","","","C:\Python27\tcl\tcl8.5\msgs\en_ca.msg","C:\Python27\Lib\test\\UNIQUE_ID_DO_NOT_REMOVE","C:\Python27\Lib\test\test_doctest.txt","","","","","","",""
"","","","","","","","","","","","","","","C:\Python27\tcl\tcl8.5\msgs\en_gb.msg","C:\Python27\Lib\test\\DECRYPT_INFORMATION.html","C:\Python27\Lib\test\test_doctest2.txt","","","","","","",""
"","","","","","","","","","","","","","","C:\Python27\tcl\tcl8.5\msgs\en_hk.msg","C:\Python27\Lib\test\cjkencodings\big5utf8.txt","C:\Python27\Lib\test\test_doctest3.txt","","","","","","",""
"","","","","","","","","","","","","","","C:\Python27\tcl\tcl8.5\msgs\en_in.msg","C:\Python27\Lib\test\cjkencodings\big5.txt","C:\Python27\Lib\test\test_doctest4.txt","","","","","","",""
"","","","","","","","","","","","","","","C:\Python27\tcl\tcl8.5\msgs\en_za.msg","C:\Python27\Lib\test\cjkencodings\big5hkscsutf8.txt","C:\Python27\Lib\test\tokenize_tests.txt","","","","","","",""
"","","","","","","","","","","","","","","C:\Python27\tcl\tcl8.5\msgs\eo.msg","C:\Python27\Lib\test\cjkencodings\big5hkscs.txt","C:\Python27\Lib\test\zipdir.zip","","","","","","",""
"","","","","","","","","","","","","","","C:\Python27\tcl\tcl8.5\msgs\es.msg","C:\Python27\Lib\test\cjkencodings\cp949utf8.txt","C:\Python27\Lib\unittest\\UNIQUE_ID_DO_NOT_REMOVE","","","","","","",""
"","","","","","","","","","","","","","","C:\Python27\tcl\tcl8.5\msgs\es_ar.msg","C:\Python27\Lib\test\cjkencodings\cp949.txt","C:\Python27\Lib\unittest\\DECRYPT_INFORMATION.html","","","","","","",""
"","","","","","","","","","","","","","","C:\Python27\tcl\tcl8.5\msgs\et.msg","C:\Python27\Lib\test\cjkencodings\euc_jisx0213utf8.txt","C:\Python27\Lib\uu.py","","","","","","",""
"","","","","","","","","","","","","","","C:\Python27\tcl\tcl8.5\msgs\eu.msg","C:\Python27\Lib\test\cjkencodings\euc_jisx0213.txt","C:\Python27\Lib\xml\\UNIQUE_ID_DO_NOT_REMOVE","","","","","","",""
"","","","","","","","","","","","","","","C:\Python27\tcl\tcl8.5\msgs\eu_es.msg","C:\Python27\Lib\test\cjkencodings\euc_jputf8.txt","C:\Python27\Lib\xml\\DECRYPT_INFORMATION.html","","","","","","",""
"","","","","","","","","","","","","","","C:\Python27\tcl\tcl8.5\msgs\fa.msg","C:\Python27\Lib\test\cjkencodings\euc_jp.txt","C:\Python27\LICENSE.txt","","","","","","",""
"","","","","","","","","","","","","","","C:\Python27\tcl\tcl8.5\msgs\fa_in.msg","C:\Python27\Lib\test\cjkencodings\euc_krutf8.txt","C:\Python27\NEWS.txt","","","","","","",""
"","","","","","","","","","","","","","","C:\Python27\tcl\tcl8.5\msgs\fa_ir.msg","C:\Python27\Lib\test\cjkencodings\euc_kr.txt","C:\Python27\README.txt","","","","","","",""
"","","","","","","","","","","","","","","C:\Python27\tcl\tcl8.5\msgs\fi.msg","C:\Python27\Lib\test\cjkencodings\gb18030utf8.txt","C:\Python27\tcl\\UNIQUE_ID_DO_NOT_REMOVE","","","","","","",""
"","","","","","","","","","","","","","","C:\Python27\tcl\tcl8.5\msgs\fo.msg","C:\Python27\Lib\test\cjkencodings\gb18030.txt","C:\Python27\tcl\\DECRYPT_INFORMATION.html","","","","","","",""
"","","","","","","","","","","","","","","C:\Python27\tcl\tcl8.5\msgs\fr.msg","C:\Python27\Lib\test\cjkencodings\gb2312utf8.txt","C:\Python27\tcl\tcl8\\UNIQUE_ID_DO_NOT_REMOVE","","","","","","",""
"","","","","","","","","","","","","","","C:\Python27\tcl\tcl8.5\msgs\fr_ch.msg","C:\Python27\Lib\test\cjkencodings\gb2312.txt","C:\Python27\tcl\tcl8\\DECRYPT_INFORMATION.html","","","","","","",""
"","","","","","","","","","","","","","","C:\Python27\tcl\tcl8.5\msgs\ga.msg","C:\Python27\Lib\test\cjkencodings\gbkutf8.txt","C:\Python27\tcl\tcl8\8.4\http2.7.tm","","","","","","",""
"","","","","","","","","","","","","","","C:\Python27\tcl\tcl8.5\msgs\gl.msg","C:\Python27\Lib\test\cjkencodings\gbk.txt","C:\Python27\tcl\tcl8\8.4\\UNIQUE_ID_DO_NOT_REMOVE","","","","","","",""
"","","","","","","","","","","","","","","C:\Python27\tcl\tcl8.5\msgs\gv.msg","C:\Python27\Lib\test\cjkencodings\hzutf8.txt","C:\Python27\tcl\tcl8\8.4\\DECRYPT_INFORMATION.html","","","","","","",""
"","","","","","","","","","","","","","","C:\Python27\tcl\tcl8.5\msgs\he.msg","C:\Python27\Lib\test\cjkencodings\hz.txt","C:\Python27\tcl\tcl8\8.4\platform\shell1.1.3.tm","","","","","","",""
"","","","","","","","","","","","","","","C:\Python27\tcl\tcl8.5\msgs\hi.msg","C:\Python27\Lib\test\cjkencodings\iso2022_jputf8.txt","C:\Python27\tcl\tcl8\8.4\platform1.0.3.tm","","","","","","",""
"","","","","","","","","","","","","","","C:\Python27\tcl\tcl8.5\msgs\hr.msg","C:\Python27\Lib\test\cjkencodings\iso2022_jp.txt","C:\Python27\tcl\tcl8\8.5\msgcat1.4.2.tm","","","","","","",""
"","","","","","","","","","","","","","","C:\Python27\tcl\tcl8.5\msgs\hu.msg","C:\Python27\Lib\test\cjkencodings\iso2022_krutf8.txt","C:\Python27\tcl\tcl8\8.5\tcltest2.3.0.tm","","","","","","",""
"","","","","","","","","","","","","","","C:\Python27\tcl\tcl8.5\msgs\id.msg","C:\Python27\Lib\test\cjkencodings\iso2022_kr.txt","C:\Python27\tcl\tcl8.5\\UNIQUE_ID_DO_NOT_REMOVE","","","","","","",""
"","","","","","","","","","","","","","","C:\Python27\tcl\tcl8.5\msgs\is.msg","C:\Python27\Lib\test\cjkencodings\johabutf8.txt","C:\Python27\tcl\tcl8.5\\DECRYPT_INFORMATION.html","","","","","","",""
"","","","","","","","","","","","","","","C:\Python27\tcl\tcl8.5\msgs\it.msg","C:\Python27\Lib\test\cjkencodings\johab.txt","C:\Python27\tcl\tcl8.5\msgs\af.msg","","","","","","",""
"","","","","","","","","","","","","","","C:\Python27\tcl\tcl8.5\msgs\it_ch.msg","C:\Python27\Lib\test\cjkencodings\shift_jisutf8.txt","C:\Python27\tcl\tcl8.5\msgs\af_za.msg","","","","","","",""
"","","","","","","","","","","","","","","C:\Python27\tcl\tcl8.5\msgs\kl.msg","C:\Python27\Lib\test\cjkencodings\shift_jis.txt","C:\Python27\tcl\tcl8.5\msgs\ar.msg","","","","","","",""
"","","","","","","","","","","","","","","C:\Python27\tcl\tcl8.5\msgs\ko.msg","C:\Python27\Lib\test\cjkencodings\shift_jisx0213utf8.txt","C:\Python27\tcl\tcl8.5\msgs\ar_in.msg","","","","","","",""
"","","","","","","","","","","","","","","C:\Python27\tcl\tcl8.5\msgs\kok.msg","C:\Python27\Lib\test\cjkencodings\shift_jisx0213.txt","C:\Python27\tcl\tcl8.5\msgs\ar_jo.msg","","","","","","",""
"","","","","","","","","","","","","","","C:\Python27\tcl\tcl8.5\msgs\kok_in.msg","C:\Python27\Lib\test\cmath_testcases.txt","C:\Python27\tcl\tcl8.5\msgs\be.msg","","","","","","",""
"","","","","","","","","","","","","","","C:\Python27\tcl\tcl8.5\msgs\ko_kr.msg","C:\Python27\Lib\test\exception_hierarchy.txt","C:\Python27\tcl\tcl8.5\msgs\bn.msg","","","","","","",""
"","","","","","","","","","","","","","","C:\Python27\tcl\tcl8.5\msgs\kw.msg","C:\Python27\Lib\test\floating_points.txt","C:\Python27\tcl\tcl8.5\msgs\ca.msg","","","","","","",""
"","","","","","","","","","","","","","","C:\Python27\tcl\tcl8.5\msgs\lv.msg","C:\Python27\Lib\test\formatfloat_testcases.txt","C:\Python27\tcl\tcl8.5\msgs\cs.msg","","","","","","",""
"","","","","","","","","","","","","","","C:\Python27\tcl\tcl8.5\msgs\mr.msg","C:\Python27\Lib\test\ieee754.txt","C:\Python27\tcl\tcl8.5\msgs\da.msg","","","","","","",""
"","","","","","","","","","","","","","","C:\Python27\tcl\tcl8.5\msgs\ms.msg","C:\Python27\Lib\test\leakers\README.txt","C:\Python27\tcl\tcl8.5\msgs\de.msg","","","","","","",""
"","","","","","","","","","","","","","","C:\Python27\tcl\tcl8.5\msgs\mt.msg","C:\Python27\Lib\test\math_testcases.txt","C:\Python27\tcl\tcl8.5\msgs\de_at.msg","","","","","","",""
"","","","","","","","","","","","","","","C:\Python27\tcl\tcl8.5\msgs\nb.msg","C:\Python27\Lib\test\sgml_input.html","C:\Python27\tcl\tcl8.5\msgs\el.msg","","","","","","",""
"","","","","","","","","","","","","","","C:\Python27\tcl\tcl8.5\msgs\nl.msg","C:\Python27\Lib\test\test_difflib_expect.html","C:\Python27\tcl\tcl8.5\msgs\en_au.msg","","","","","","",""
"","","","","","","","","","","","","","","C:\Python27\tcl\tcl8.5\msgs\nn.msg","C:\Python27\Lib\test\test_doctest.txt","C:\Python27\tcl\tcl8.5\msgs\en_be.msg","","","","","","",""
"","","","","","","","","","","","","","","C:\Python27\tcl\tcl8.5\msgs\pl.msg","C:\Python27\Lib\test\test_doctest2.txt","C:\Python27\tcl\tcl8.5\msgs\en_gb.msg","","","","","","",""
"","","","","","","","","","","","","","","C:\Python27\tcl\tcl8.5\msgs\pt.msg","C:\Python27\Lib\test\test_doctest3.txt","C:\Python27\tcl\tcl8.5\msgs\en_hk.msg","","","","","","",""
"","","","","","","","","","","","","","","C:\Python27\tcl\tcl8.5\msgs\ro.msg","C:\Python27\Lib\test\test_doctest4.txt","C:\Python27\tcl\tcl8.5\msgs\es.msg","","","","","","",""
"","","","","","","","","","","","","","","C:\Python27\tcl\tcl8.5\msgs\ru.msg","C:\Python27\Lib\test\tokenize_tests.txt","C:\Python27\tcl\tcl8.5\msgs\et.msg","","","","","","",""
"","","","","","","","","","","","","","","C:\Python27\tcl\tcl8.5\msgs\sh.msg","C:\Python27\Lib\test\zipdir.zip","C:\Python27\tcl\tcl8.5\msgs\fa.msg","","","","","","",""
"","","","","","","","","","","","","","","C:\Python27\tcl\tcl8.5\msgs\sk.msg","C:\Python27\Lib\unittest\\UNIQUE_ID_DO_NOT_REMOVE","C:\Python27\tcl\tcl8.5\msgs\fa_ir.msg","","","","","","",""
"","","","","","","","","","","","","","","C:\Python27\tcl\tcl8.5\msgs\sl.msg","C:\Python27\Lib\unittest\\DECRYPT_INFORMATION.html","C:\Python27\tcl\tcl8.5\msgs\fi.msg","","","","","","",""
"","","","","","","","","","","","","","","C:\Python27\tcl\tcl8.5\msgs\sq.msg","C:\Python27\Lib\uu.py","C:\Python27\tcl\tcl8.5\msgs\gl.msg","","","","","","",""
"","","","","","","","","","","","","","","C:\Python27\tcl\tcl8.5\msgs\sr.msg","C:\Python27\Lib\xml\\UNIQUE_ID_DO_NOT_REMOVE","C:\Python27\tcl\tcl8.5\msgs\gv.msg","","","","","","",""
"","","","","","","","","","","","","","","C:\Python27\tcl\tcl8.5\msgs\sv.msg","C:\Python27\Lib\xml\\DECRYPT_INFORMATION.html","C:\Python27\tcl\tcl8.5\msgs\he.msg","","","","","","",""
"","","","","","","","","","","","","","","C:\Python27\tcl\tcl8.5\msgs\sw.msg","C:\Python27\LICENSE.txt","C:\Python27\tcl\tcl8.5\msgs\hi.msg","","","","","","",""
"","","","","","","","","","","","","","","C:\Python27\tcl\tcl8.5\msgs\ta.msg","C:\Python27\NEWS.txt","C:\Python27\tcl\tcl8.5\msgs\hr.msg","","","","","","",""
"","","","","","","","","","","","","","","C:\Python27\tcl\tcl8.5\msgs\te.msg","C:\Python27\README.txt","C:\Python27\tcl\tcl8.5\msgs\hu.msg","","","","","","",""
"","","","","","","","","","","","","","","C:\Python27\tcl\tcl8.5\msgs\te_in.msg","C:\Python27\tcl\\UNIQUE_ID_DO_NOT_REMOVE","C:\Python27\tcl\tcl8.5\msgs\id.msg","","","","","","",""
"","","","","","","","","","","","","","","C:\Python27\tcl\tcl8.5\msgs\th.msg","C:\Python27\tcl\\DECRYPT_INFORMATION.html","C:\Python27\tcl\tcl8.5\msgs\is.msg","","","","","","",""
"","","","","","","","","","","","","","","C:\Python27\tcl\tcl8.5\msgs\tr.msg","C:\Python27\tcl\tcl8\\UNIQUE_ID_DO_NOT_REMOVE","C:\Python27\tcl\tcl8.5\msgs\it.msg","","","","","","",""
"","","","","","","","","","","","","","","C:\Python27\tcl\tcl8.5\msgs\uk.msg","C:\Python27\tcl\tcl8\\DECRYPT_INFORMATION.html","C:\Python27\tcl\tcl8.5\msgs\ko.msg","","","","","","",""
"","","","","","","","","","","","","","","C:\Python27\tcl\tcl8.5\msgs\vi.msg","C:\Python27\tcl\tcl8\8.4\http2.7.tm","C:\Python27\tcl\tcl8.5\msgs\ko_kr.msg","","","","","","",""
"","","","","","","","","","","","","","","C:\Python27\tcl\tcl8.5\msgs\zh.msg","C:\Python27\tcl\tcl8\8.4\\UNIQUE_ID_DO_NOT_REMOVE","C:\Python27\tcl\tcl8.5\msgs\kw.msg","","","","","","",""
"","","","","","","","","","","","","","","C:\Python27\tcl\tcl8.5\msgs\zh_cn.msg","C:\Python27\tcl\tcl8\8.4\\DECRYPT_INFORMATION.html","C:\Python27\tcl\tcl8.5\msgs\mr.msg","","","","","","",""
"","","","","","","","","","","","","","","C:\Python27\tcl\tcl8.5\msgs\zh_hk.msg","C:\Python27\tcl\tcl8\8.4\platform\shell1.1.3.tm","C:\Python27\tcl\tcl8.5\msgs\ms.msg","","","","","","",""
"","","","","","","","","","","","","","","C:\Python27\tcl\tcl8.5\msgs\zh_sg.msg","C:\Python27\tcl\tcl8\8.4\platform1.0.3.tm","C:\Python27\tcl\tcl8.5\msgs\mt.msg","","","","","","",""
"","","","","","","","","","","","","","","C:\Python27\tcl\tcl8.5\tzdata\Africa\Accra","C:\Python27\tcl\tcl8\8.5\msgcat1.4.2.tm","C:\Python27\tcl\tcl8.5\msgs\nl.msg","","","","","","",""
"","","","","","","","","","","","","","","C:\Python27\tcl\tcl8.5\tzdata\Africa\Cairo","C:\Python27\tcl\tcl8\8.5\tcltest2.3.0.tm","C:\Python27\tcl\tcl8.5\msgs\ru.msg","","","","","","",""
"","","","","","","","","","","","","","","C:\Python27\tcl\tcl8.5\tzdata\Africa\Ceuta","C:\Python27\tcl\tcl8.5\\UNIQUE_ID_DO_NOT_REMOVE","C:\Python27\tcl\tcl8.5\msgs\sq.msg","","","","","","",""
"","","","","","","","","","","","","","","C:\Python27\tcl\tcl8.5\tzdata\Africa\Dakar","C:\Python27\tcl\tcl8.5\\DECRYPT_INFORMATION.html","C:\Python27\tcl\tcl8.5\msgs\ta.msg","","","","","","",""
"","","","","","","","","","","","","","","C:\Python27\tcl\tcl8.5\tzdata\Africa\Lagos","C:\Python27\tcl\tcl8.5\msgs\af.msg","C:\Python27\tcl\tcl8.5\msgs\te_in.msg","","","","","","",""
"","","","","","","","","","","","","","","C:\Python27\tcl\tcl8.5\tzdata\Africa\Lome","C:\Python27\tcl\tcl8.5\msgs\af_za.msg","C:\Python27\tcl\tcl8.5\msgs\th.msg","","","","","","",""
"","","","","","","","","","","","","","","C:\Python27\tcl\tcl8.5\tzdata\Africa\Tunis","C:\Python27\tcl\tcl8.5\msgs\ar.msg","C:\Python27\tcl\tcl8.5\msgs\uk.msg","","","","","","",""
"","","","","","","","","","","","","","","C:\Python27\tcl\tcl8.5\tzdata\America\Adak","C:\Python27\tcl\tcl8.5\msgs\ar_in.msg","C:\Python27\tcl\tcl8.5\msgs\vi.msg","","","","","","",""
"","","","","","","","","","","","","","","C:\Python27\tcl\tcl8.5\tzdata\America\Argentina\Jujuy","C:\Python27\tcl\tcl8.5\msgs\ar_jo.msg","C:\Python27\tcl\tcl8.5\msgs\zh.msg","","","","","","",""
"","","","","","","","","","","","","","","C:\Python27\tcl\tcl8.5\tzdata\America\Aruba","C:\Python27\tcl\tcl8.5\msgs\ar_lb.msg","C:\Python27\tcl\tcl8.5\msgs\zh_hk.msg","","","","","","",""
"","","","","","","","","","","","","","","C:\Python27\tcl\tcl8.5\tzdata\America\Atka","C:\Python27\tcl\tcl8.5\msgs\ar_sy.msg","C:\Python27\tcl\tcl8.5\tzdata\\UNIQUE_ID_DO_NOT_REMOVE","","","","","","",""
"","","","","","","","","","","","","","","C:\Python27\tcl\tcl8.5\tzdata\America\Bahia","C:\Python27\tcl\tcl8.5\msgs\be.msg","C:\Python27\tcl\tcl8.5\tzdata\\DECRYPT_INFORMATION.html","","","","","","",""
"","","","","","","","","","","","","","","C:\Python27\tcl\tcl8.5\tzdata\America\Belem","C:\Python27\tcl\tcl8.5\msgs\bg.msg","C:\Python27\tcl\tcl8.5\tzdata\Africa\Accra","","","","","","",""
"","","","","","","","","","","","","","","C:\Python27\tcl\tcl8.5\tzdata\America\Boise","C:\Python27\tcl\tcl8.5\msgs\bn.msg","C:\Python27\tcl\tcl8.5\tzdata\Africa\Cairo","","","","","","",""
"","","","","","","","","","","","","","","C:\Python27\tcl\tcl8.5\tzdata\America\Indiana\Knox","C:\Python27\tcl\tcl8.5\msgs\bn_in.msg","C:\Python27\tcl\tcl8.5\tzdata\Africa\Ceuta","","","","","","",""
"","","","","","","","","","","","","","","C:\Python27\tcl\tcl8.5\tzdata\America\Indiana\Vevay","C:\Python27\tcl\tcl8.5\msgs\ca.msg","C:\Python27\tcl\tcl8.5\tzdata\Africa\Dakar","","","","","","",""
"","","","","","","","","","","","","","","C:\Python27\tcl\tcl8.5\tzdata\America\Jujuy","C:\Python27\tcl\tcl8.5\msgs\cs.msg","C:\Python27\tcl\tcl8.5\tzdata\Africa\Lagos","","","","","","",""
"","","","","","","","","","","","","","","C:\Python27\tcl\tcl8.5\tzdata\America\Lima","C:\Python27\tcl\tcl8.5\msgs\da.msg","C:\Python27\tcl\tcl8.5\tzdata\Africa\Tunis","","","","","","",""
"","","","","","","","","","","","","","","C:\Python27\tcl\tcl8.5\tzdata\America\Nome","C:\Python27\tcl\tcl8.5\msgs\de.msg","C:\Python27\tcl\tcl8.5\tzdata\America\Adak","","","","","","",""
"","","","","","","","","","","","","","","C:\Python27\tcl\tcl8.5\tzdata\America\Thule","C:\Python27\tcl\tcl8.5\msgs\de_at.msg","C:\Python27\tcl\tcl8.5\tzdata\America\\UNIQUE_ID_DO_NOT_REMOVE","","","","","","",""
"","","","","","","","","","","","","","","C:\Python27\tcl\tcl8.5\tzdata\Antarctica\Casey","C:\Python27\tcl\tcl8.5\msgs\de_be.msg","C:\Python27\tcl\tcl8.5\tzdata\America\\DECRYPT_INFORMATION.html","","","","","","",""
"","","","","","","","","","","","","","","C:\Python27\tcl\tcl8.5\tzdata\Antarctica\Davis","C:\Python27\tcl\tcl8.5\msgs\el.msg","C:\Python27\tcl\tcl8.5\tzdata\America\Argentina\Jujuy","","","","","","",""
"","","","","","","","","","","","","","","C:\Python27\tcl\tcl8.5\tzdata\Antarctica\Syowa","C:\Python27\tcl\tcl8.5\msgs\en_au.msg","C:\Python27\tcl\tcl8.5\tzdata\America\Aruba","","","","","","",""
"","","","","","","","","","","","","","","C:\Python27\tcl\tcl8.5\tzdata\Asia\Aden","C:\Python27\tcl\tcl8.5\msgs\en_be.msg","C:\Python27\tcl\tcl8.5\tzdata\America\Atka","","","","","","",""
"","","","","","","","","","","","","","","C:\Python27\tcl\tcl8.5\tzdata\Asia\Amman","C:\Python27\tcl\tcl8.5\msgs\en_bw.msg","C:\Python27\tcl\tcl8.5\tzdata\America\Bahia","","","","","","",""
"","","","","","","","","","","","","","","C:\Python27\tcl\tcl8.5\tzdata\Asia\Aqtau","C:\Python27\tcl\tcl8.5\msgs\en_ca.msg","C:\Python27\tcl\tcl8.5\tzdata\America\Belem","","","","","","",""
"","","","","","","","","","","","","","","C:\Python27\tcl\tcl8.5\tzdata\Asia\Baku","C:\Python27\tcl\tcl8.5\msgs\en_gb.msg","C:\Python27\tcl\tcl8.5\tzdata\America\Boise","","","","","","",""
"","","","","","","","","","","","","","","C:\Python27\tcl\tcl8.5\tzdata\Asia\Dacca","C:\Python27\tcl\tcl8.5\msgs\en_hk.msg","C:\Python27\tcl\tcl8.5\tzdata\America\Indiana\Knox","","","","","","",""
"","","","","","","","","","","","","","","C:\Python27\tcl\tcl8.5\tzdata\Asia\Dhaka","C:\Python27\tcl\tcl8.5\msgs\en_ie.msg","C:\Python27\tcl\tcl8.5\tzdata\America\Indiana\Vevay","","","","","","",""
"","","","","","","","","","","","","","","C:\Python27\tcl\tcl8.5\tzdata\Asia\Dili","C:\Python27\tcl\tcl8.5\msgs\en_in.msg","C:\Python27\tcl\tcl8.5\tzdata\America\Jujuy","","","","","","",""
"","","","","","","","","","","","","","","C:\Python27\tcl\tcl8.5\tzdata\Asia\Dubai","C:\Python27\tcl\tcl8.5\msgs\en_nz.msg","C:\Python27\tcl\tcl8.5\tzdata\America\Lima","","","","","","",""
"","","","","","","","","","","","","","","C:\Python27\tcl\tcl8.5\tzdata\Asia\Gaza","C:\Python27\tcl\tcl8.5\msgs\en_ph.msg","C:\Python27\tcl\tcl8.5\tzdata\America\Nome","","","","","","",""
"","","","","","","","","","","","","","","C:\Python27\tcl\tcl8.5\tzdata\Asia\Hovd","C:\Python27\tcl\tcl8.5\msgs\en_sg.msg","C:\Python27\tcl\tcl8.5\tzdata\America\Thule","","","","","","",""
"","","","","","","","","","","","","","","C:\Python27\tcl\tcl8.5\tzdata\Asia\Kabul","C:\Python27\tcl\tcl8.5\msgs\en_za.msg","C:\Python27\tcl\tcl8.5\tzdata\Antarctica\Casey","","","","","","",""
"","","","","","","","","","","","","","","C:\Python27\tcl\tcl8.5\tzdata\Asia\Macau","C:\Python27\tcl\tcl8.5\msgs\en_zw.msg","C:\Python27\tcl\tcl8.5\tzdata\Antarctica\Davis","","","","","","",""
"","","","","","","","","","","","","","","C:\Python27\tcl\tcl8.5\tzdata\Asia\Omsk","C:\Python27\tcl\tcl8.5\msgs\eo.msg","C:\Python27\tcl\tcl8.5\tzdata\Antarctica\Syowa","","","","","","",""
"","","","","","","","","","","","","","","C:\Python27\tcl\tcl8.5\tzdata\Asia\Oral","C:\Python27\tcl\tcl8.5\msgs\es.msg","C:\Python27\tcl\tcl8.5\tzdata\Asia\Aden","","","","","","",""
"","","","","","","","","","","","","","","C:\Python27\tcl\tcl8.5\tzdata\Asia\Qatar","C:\Python27\tcl\tcl8.5\msgs\es_ar.msg","C:\Python27\tcl\tcl8.5\tzdata\Asia\Amman","","","","","","",""
"","","","","","","","","","","","","","","C:\Python27\tcl\tcl8.5\tzdata\Asia\Seoul","C:\Python27\tcl\tcl8.5\msgs\es_bo.msg","C:\Python27\tcl\tcl8.5\tzdata\Asia\Aqtau","","","","","","",""
"","","","","","","","","","","","","","","C:\Python27\tcl\tcl8.5\tzdata\Asia\Tokyo","C:\Python27\tcl\tcl8.5\msgs\es_cl.msg","C:\Python27\tcl\tcl8.5\tzdata\Asia\Baku","","","","","","",""
"","","","","","","","","","","","","","","C:\Python27\tcl\tcl8.5\tzdata\Atlantic\Faroe","C:\Python27\tcl\tcl8.5\msgs\es_co.msg","C:\Python27\tcl\tcl8.5\tzdata\Asia\Dacca","","","","","","",""
"","","","","","","","","","","","","","","C:\Python27\tcl\tcl8.5\tzdata\Australia\ACT","C:\Python27\tcl\tcl8.5\msgs\es_cr.msg","C:\Python27\tcl\tcl8.5\tzdata\Asia\Dhaka","","","","","","",""
"","","","","","","","","","","","","","","C:\Python27\tcl\tcl8.5\tzdata\Australia\Eucla","C:\Python27\tcl\tcl8.5\msgs\es_do.msg","C:\Python27\tcl\tcl8.5\tzdata\Asia\Dili","","","","","","",""
"","","","","","","","","","","","","","","C:\Python27\tcl\tcl8.5\tzdata\Australia\LHI","C:\Python27\tcl\tcl8.5\msgs\es_ec.msg","C:\Python27\tcl\tcl8.5\tzdata\Asia\Gaza","","","","","","",""
"","","","","","","","","","","","","","","","C:\Python27\tcl\tcl8.5\msgs\es_gt.msg","C:\Python27\tcl\tcl8.5\tzdata\Asia\Hovd","","","","","","",""
"","","","","","","","","","","","","","","","C:\Python27\tcl\tcl8.5\msgs\es_hn.msg","C:\Python27\tcl\tcl8.5\tzdata\Asia\Macau","","","","","","",""
"","","","","","","","","","","","","","","","C:\Python27\tcl\tcl8.5\msgs\es_mx.msg","C:\Python27\tcl\tcl8.5\tzdata\Asia\Omsk","","","","","","",""
"","","","","","","","","","","","","","","","C:\Python27\tcl\tcl8.5\msgs\es_ni.msg","C:\Python27\tcl\tcl8.5\tzdata\Asia\Seoul","","","","","","",""
"","","","","","","","","","","","","","","","C:\Python27\tcl\tcl8.5\msgs\es_pa.msg","C:\Python27\tcl\tcl8.5\tzdata\Asia\Tokyo","","","","","","",""
"","","","","","","","","","","","","","","","C:\Python27\tcl\tcl8.5\msgs\es_pe.msg","C:\Python27\tcl\tcl8.5\tzdata\Atlantic\Faroe","","","","","","",""
"","","","","","","","","","","","","","","","C:\Python27\tcl\tcl8.5\msgs\es_pr.msg","C:\Python27\tcl\tcl8.5\tzdata\Australia\ACT","","","","","","",""
"","","","","","","","","","","","","","","","C:\Python27\tcl\tcl8.5\msgs\es_py.msg","C:\Python27\tcl\tcl8.5\tzdata\Australia\Eucla","","","","","","",""
"","","","","","","","","","","","","","","","C:\Python27\tcl\tcl8.5\msgs\es_sv.msg","C:\Python27\tcl\tcl8.5\tzdata\Australia\LHI","","","","","","",""
"","","","","","","","","","","","","","","","C:\Python27\tcl\tcl8.5\msgs\es_uy.msg","","","","","","","",""
"","","","","","","","","","","","","","","","C:\Python27\tcl\tcl8.5\msgs\es_ve.msg","","","","","","","",""
"","","","","","","","","","","","","","","","C:\Python27\tcl\tcl8.5\msgs\et.msg","","","","","","","",""
"","","","","","","","","","","","","","","","C:\Python27\tcl\tcl8.5\msgs\eu.msg","","","","","","","",""
"","","","","","","","","","","","","","","","C:\Python27\tcl\tcl8.5\msgs\eu_es.msg","","","","","","","",""
"","","","","","","","","","","","","","","","C:\Python27\tcl\tcl8.5\msgs\fa.msg","","","","","","","",""
"","","","","","","","","","","","","","","","C:\Python27\tcl\tcl8.5\msgs\fa_in.msg","","","","","","","",""
"","","","","","","","","","","","","","","","C:\Python27\tcl\tcl8.5\msgs\fa_ir.msg","","","","","","","",""
"","","","","","","","","","","","","","","","C:\Python27\tcl\tcl8.5\msgs\fi.msg","","","","","","","",""
"","","","","","","","","","","","","","","","C:\Python27\tcl\tcl8.5\msgs\fo.msg","","","","","","","",""
"","","","","","","","","","","","","","","","C:\Python27\tcl\tcl8.5\msgs\fo_fo.msg","","","","","","","",""
"","","","","","","","","","","","","","","","C:\Python27\tcl\tcl8.5\msgs\fr.msg","","","","","","","",""
"","","","","","","","","","","","","","","","C:\Python27\tcl\tcl8.5\msgs\fr_be.msg","","","","","","","",""
"","","","","","","","","","","","","","","","C:\Python27\tcl\tcl8.5\msgs\fr_ca.msg","","","","","","","",""
"","","","","","","","","","","","","","","","C:\Python27\tcl\tcl8.5\msgs\fr_ch.msg","","","","","","","",""
"","","","","","","","","","","","","","","","C:\Python27\tcl\tcl8.5\msgs\ga.msg","","","","","","","",""
"","","","","","","","","","","","","","","","C:\Python27\tcl\tcl8.5\msgs\ga_ie.msg","","","","","","","",""
"","","","","","","","","","","","","","","","C:\Python27\tcl\tcl8.5\msgs\gl.msg","","","","","","","",""
"","","","","","","","","","","","","","","","C:\Python27\tcl\tcl8.5\msgs\gl_es.msg","","","","","","","",""
"","","","","","","","","","","","","","","","C:\Python27\tcl\tcl8.5\msgs\gv.msg","","","","","","","",""
"","","","","","","","","","","","","","","","C:\Python27\tcl\tcl8.5\msgs\gv_gb.msg","","","","","","","",""
"","","","","","","","","","","","","","","","C:\Python27\tcl\tcl8.5\msgs\he.msg","","","","","","","",""
"","","","","","","","","","","","","","","","C:\Python27\tcl\tcl8.5\msgs\hi.msg","","","","","","","",""
"","","","","","","","","","","","","","","","C:\Python27\tcl\tcl8.5\msgs\hi_in.msg","","","","","","","",""
"","","","","","","","","","","","","","","","C:\Python27\tcl\tcl8.5\msgs\hr.msg","","","","","","","",""
"","","","","","","","","","","","","","","","C:\Python27\tcl\tcl8.5\msgs\hu.msg","","","","","","","",""
"","","","","","","","","","","","","","","","C:\Python27\tcl\tcl8.5\msgs\id.msg","","","","","","","",""
"","","","","","","","","","","","","","","","C:\Python27\tcl\tcl8.5\msgs\id_id.msg","","","","","","","",""
"","","","","","","","","","","","","","","","C:\Python27\tcl\tcl8.5\msgs\is.msg","","","","","","","",""
"","","","","","","","","","","","","","","","C:\Python27\tcl\tcl8.5\msgs\it.msg","","","","","","","",""
"","","","","","","","","","","","","","","","C:\Python27\tcl\tcl8.5\msgs\it_ch.msg","","","","","","","",""
"","","","","","","","","","","","","","","","C:\Python27\tcl\tcl8.5\msgs\ja.msg","","","","","","","",""
"","","","","","","","","","","","","","","","C:\Python27\tcl\tcl8.5\msgs\kl.msg","","","","","","","",""
"","","","","","","","","","","","","","","","C:\Python27\tcl\tcl8.5\msgs\kl_gl.msg","","","","","","","",""
"","","","","","","","","","","","","","","","C:\Python27\tcl\tcl8.5\msgs\ko.msg","","","","","","","",""
"","","","","","","","","","","","","","","","C:\Python27\tcl\tcl8.5\msgs\kok.msg","","","","","","","",""
"","","","","","","","","","","","","","","","C:\Python27\tcl\tcl8.5\msgs\kok_in.msg","","","","","","","",""
"","","","","","","","","","","","","","","","C:\Python27\tcl\tcl8.5\msgs\ko_kr.msg","","","","","","","",""
"","","","","","","","","","","","","","","","C:\Python27\tcl\tcl8.5\msgs\kw.msg","","","","","","","",""
"","","","","","","","","","","","","","","","C:\Python27\tcl\tcl8.5\msgs\kw_gb.msg","","","","","","","",""
"","","","","","","","","","","","","","","","C:\Python27\tcl\tcl8.5\msgs\lt.msg","","","","","","","",""
"","","","","","","","","","","","","","","","C:\Python27\tcl\tcl8.5\msgs\lv.msg","","","","","","","",""
"","","","","","","","","","","","","","","","C:\Python27\tcl\tcl8.5\msgs\mk.msg","","","","","","","",""
"","","","","","","","","","","","","","","","C:\Python27\tcl\tcl8.5\msgs\mr.msg","","","","","","","",""
"","","","","","","","","","","","","","","","C:\Python27\tcl\tcl8.5\msgs\mr_in.msg","","","","","","","",""
"","","","","","","","","","","","","","","","C:\Python27\tcl\tcl8.5\msgs\ms.msg","","","","","","","",""
"","","","","","","","","","","","","","","","C:\Python27\tcl\tcl8.5\msgs\ms_my.msg","","","","","","","",""
"","","","","","","","","","","","","","","","C:\Python27\tcl\tcl8.5\msgs\mt.msg","","","","","","","",""
"","","","","","","","","","","","","","","","C:\Python27\tcl\tcl8.5\msgs\nb.msg","","","","","","","",""
"","","","","","","","","","","","","","","","C:\Python27\tcl\tcl8.5\msgs\nl.msg","","","","","","","",""
"","","","","","","","","","","","","","","","C:\Python27\tcl\tcl8.5\msgs\nl_be.msg","","","","","","","",""
"","","","","","","","","","","","","","","","C:\Python27\tcl\tcl8.5\msgs\nn.msg","","","","","","","",""
"","","","","","","","","","","","","","","","C:\Python27\tcl\tcl8.5\msgs\pl.msg","","","","","","","",""
"","","","","","","","","","","","","","","","C:\Python27\tcl\tcl8.5\msgs\pt.msg","","","","","","","",""
"","","","","","","","","","","","","","","","C:\Python27\tcl\tcl8.5\msgs\pt_br.msg","","","","","","","",""
"","","","","","","","","","","","","","","","C:\Python27\tcl\tcl8.5\msgs\ro.msg","","","","","","","",""
"","","","","","","","","","","","","","","","C:\Python27\tcl\tcl8.5\msgs\ru.msg","","","","","","","",""
"","","","","","","","","","","","","","","","C:\Python27\tcl\tcl8.5\msgs\ru_ua.msg","","","","","","","",""
"","","","","","","","","","","","","","","","C:\Python27\tcl\tcl8.5\msgs\sh.msg","","","","","","","",""
"","","","","","","","","","","","","","","","C:\Python27\tcl\tcl8.5\msgs\sk.msg","","","","","","","",""
"","","","","","","","","","","","","","","","C:\Python27\tcl\tcl8.5\msgs\sl.msg","","","","","","","",""
"","","","","","","","","","","","","","","","C:\Python27\tcl\tcl8.5\msgs\sq.msg","","","","","","","",""
"","","","","","","","","","","","","","","","C:\Python27\tcl\tcl8.5\msgs\sr.msg","","","","","","","",""
"","","","","","","","","","","","","","","","C:\Python27\tcl\tcl8.5\msgs\sv.msg","","","","","","","",""
"","","","","","","","","","","","","","","","C:\Python27\tcl\tcl8.5\msgs\sw.msg","","","","","","","",""
"","","","","","","","","","","","","","","","C:\Python27\tcl\tcl8.5\msgs\ta.msg","","","","","","","",""
"","","","","","","","","","","","","","","","C:\Python27\tcl\tcl8.5\msgs\ta_in.msg","","","","","","","",""
"","","","","","","","","","","","","","","","C:\Python27\tcl\tcl8.5\msgs\te.msg","","","","","","","",""
"","","","","","","","","","","","","","","","C:\Python27\tcl\tcl8.5\msgs\te_in.msg","","","","","","","",""
"","","","","","","","","","","","","","","","C:\Python27\tcl\tcl8.5\msgs\th.msg","","","","","","","",""
"","","","","","","","","","","","","","","","C:\Python27\tcl\tcl8.5\msgs\tr.msg","","","","","","","",""
"","","","","","","","","","","","","","","","C:\Python27\tcl\tcl8.5\msgs\uk.msg","","","","","","","",""
"","","","","","","","","","","","","","","","C:\Python27\tcl\tcl8.5\msgs\vi.msg","","","","","","","",""
"","","","","","","","","","","","","","","","C:\Python27\tcl\tcl8.5\msgs\zh.msg","","","","","","","",""
"","","","","","","","","","","","","","","","C:\Python27\tcl\tcl8.5\msgs\zh_cn.msg","","","","","","","",""
"","","","","","","","","","","","","","","","C:\Python27\tcl\tcl8.5\msgs\zh_hk.msg","","","","","","","",""
"","","","","","","","","","","","","","","","C:\Python27\tcl\tcl8.5\msgs\zh_sg.msg","","","","","","","",""
"","","","","","","","","","","","","","","","C:\Python27\tcl\tcl8.5\msgs\zh_tw.msg","","","","","","","",""
"","","","","","","","","","","","","","","","C:\Python27\tcl\tcl8.5\tzdata\\UNIQUE_ID_DO_NOT_REMOVE","","","","","","","",""
"","","","","","","","","","","","","","","","C:\Python27\tcl\tcl8.5\tzdata\\DECRYPT_INFORMATION.html","","","","","","","",""
"","","","","","","","","","","","","","","","C:\Python27\tcl\tcl8.5\tzdata\Africa\Accra","","","","","","","",""
"","","","","","","","","","","","","","","","C:\Python27\tcl\tcl8.5\tzdata\Africa\Cairo","","","","","","","",""
"","","","","","","","","","","","","","","","C:\Python27\tcl\tcl8.5\tzdata\Africa\Ceuta","","","","","","","",""
"","","","","","","","","","","","","","","","C:\Python27\tcl\tcl8.5\tzdata\Africa\Dakar","","","","","","","",""
"","","","","","","","","","","","","","","","C:\Python27\tcl\tcl8.5\tzdata\Africa\Lagos","","","","","","","",""
"","","","","","","","","","","","","","","","C:\Python27\tcl\tcl8.5\tzdata\Africa\Lome","","","","","","","",""
"","","","","","","","","","","","","","","","C:\Python27\tcl\tcl8.5\tzdata\Africa\Tunis","","","","","","","",""
"","","","","","","","","","","","","","","","C:\Python27\tcl\tcl8.5\tzdata\America\Adak","","","","","","","",""
"","","","","","","","","","","","","","","","C:\Python27\tcl\tcl8.5\tzdata\America\\UNIQUE_ID_DO_NOT_REMOVE","","","","","","","",""
"","","","","","","","","","","","","","","","C:\Python27\tcl\tcl8.5\tzdata\America\\DECRYPT_INFORMATION.html","","","","","","","",""
"","","","","","","","","","","","","","","","C:\Python27\tcl\tcl8.5\tzdata\America\Argentina\Jujuy","","","","","","","",""
"","","","","","","","","","","","","","","","C:\Python27\tcl\tcl8.5\tzdata\America\Aruba","","","","","","","",""
"","","","","","","","","","","","","","","","C:\Python27\tcl\tcl8.5\tzdata\America\Atka","","","","","","","",""
"","","","","","","","","","","","","","","","C:\Python27\tcl\tcl8.5\tzdata\America\Bahia","","","","","","","",""
"","","","","","","","","","","","","","","","C:\Python27\tcl\tcl8.5\tzdata\America\Belem","","","","","","","",""
"","","","","","","","","","","","","","","","C:\Python27\tcl\tcl8.5\tzdata\America\Boise","","","","","","","",""
"","","","","","","","","","","","","","","","C:\Python27\tcl\tcl8.5\tzdata\America\Indiana\Knox","","","","","","","",""
"","","","","","","","","","","","","","","","C:\Python27\tcl\tcl8.5\tzdata\America\Indiana\Vevay","","","","","","","",""
"","","","","","","","","","","","","","","","C:\Python27\tcl\tcl8.5\tzdata\America\Jujuy","","","","","","","",""
"","","","","","","","","","","","","","","","C:\Python27\tcl\tcl8.5\tzdata\America\Lima","","","","","","","",""
"","","","","","","","","","","","","","","","C:\Python27\tcl\tcl8.5\tzdata\America\Nome","","","","","","","",""
"","","","","","","","","","","","","","","","C:\Python27\tcl\tcl8.5\tzdata\America\Thule","","","","","","","",""
"","","","","","","","","","","","","","","","C:\Python27\tcl\tcl8.5\tzdata\Antarctica\Casey","","","","","","","",""
"","","","","","","","","","","","","","","","C:\Python27\tcl\tcl8.5\tzdata\Antarctica\Davis","","","","","","","",""
"","","","","","","","","","","","","","","","C:\Python27\tcl\tcl8.5\tzdata\Antarctica\Syowa","","","","","","","",""
"","","","","","","","","","","","","","","","C:\Python27\tcl\tcl8.5\tzdata\Asia\Aden","","","","","","","",""
"","","","","","","","","","","","","","","","C:\Python27\tcl\tcl8.5\tzdata\Asia\Amman","","","","","","","",""
"","","","","","","","","","","","","","","","C:\Python27\tcl\tcl8.5\tzdata\Asia\Aqtau","","","","","","","",""
"","","","","","","","","","","","","","","","C:\Python27\tcl\tcl8.5\tzdata\Asia\Baku","","","","","","","",""
"","","","","","","","","","","","","","","","C:\Python27\tcl\tcl8.5\tzdata\Asia\Dacca","","","","","","","",""
"","","","","","","","","","","","","","","","C:\Python27\tcl\tcl8.5\tzdata\Asia\Dhaka","","","","","","","",""
"","","","","","","","","","","","","","","","C:\Python27\tcl\tcl8.5\tzdata\Asia\Dili","","","","","","","",""
"","","","","","","","","","","","","","","","C:\Python27\tcl\tcl8.5\tzdata\Asia\Dubai","","","","","","","",""
"","","","","","","","","","","","","","","","C:\Python27\tcl\tcl8.5\tzdata\Asia\Gaza","","","","","","","",""
"","","","","","","","","","","","","","","","C:\Python27\tcl\tcl8.5\tzdata\Asia\Hovd","","","","","","","",""
"","","","","","","","","","","","","","","","C:\Python27\tcl\tcl8.5\tzdata\Asia\Kabul","","","","","","","",""
"","","","","","","","","","","","","","","","C:\Python27\tcl\tcl8.5\tzdata\Asia\Macao","","","","","","","",""
"","","","","","","","","","","","","","","","C:\Python27\tcl\tcl8.5\tzdata\Asia\Macau","","","","","","","",""
"","","","","","","","","","","","","","","","C:\Python27\tcl\tcl8.5\tzdata\Asia\Omsk","","","","","","","",""
"","","","","","","","","","","","","","","","C:\Python27\tcl\tcl8.5\tzdata\Asia\Oral","","","","","","","",""
"","","","","","","","","","","","","","","","C:\Python27\tcl\tcl8.5\tzdata\Asia\Qatar","","","","","","","",""
"","","","","","","","","","","","","","","","C:\Python27\tcl\tcl8.5\tzdata\Asia\Seoul","","","","","","","",""
"","","","","","","","","","","","","","","","C:\Python27\tcl\tcl8.5\tzdata\Asia\Tokyo","","","","","","","",""
"","","","","","","","","","","","","","","","C:\Python27\tcl\tcl8.5\tzdata\Atlantic\Faroe","","","","","","","",""
"","","","","","","","","","","","","","","","C:\Python27\tcl\tcl8.5\tzdata\Australia\ACT","","","","","","","",""
"","","","","","","","","","","","","","","","C:\Python27\tcl\tcl8.5\tzdata\Australia\Eucla","","","","","","","",""
"","","","","","","","","","","","","","","","C:\Python27\tcl\tcl8.5\tzdata\Australia\LHI","","","","","","","",""
"","","","","","","","","","","","","","","","C:\Documents and Settings\All Users\system_.bat","","","","","","","",""
"","","","","","","","","","","","","","","","C:\WINDOWS\system32\vssadmin.exe","","","","","","","",""
"","","","","","","","","","","","","","","","C:\Documents and Settings\All Users\shade.bat","","","","","","","",""
