"Imports","Runtime_DLL","Reg_Set","Reg_Set_Val","Reg_Set_Type","Reg_Del","Service_Opened","Service_Controlled","Service_Created","Service_Started","Proc_Terminated","Proc_Created","Proc_Injected","Proc_Shellcmds","File_Read","File_Opened","File_Written","File_Replaced","File_Moved_src","File_Moved_dst","File_Copied_src","File_Copied_dst","File_Deleted","KERNEL32.dll"
"KERNEL32.dll","kernel32.dll","","","","","LanmanWorkstation","","","","","C:\WINDOWS\System32\cmd.exe C:\WINDOWS\System32\cmd.exe"" /C copy /B ""C:\851032eb03bc8ee05c381f7614a0cbf13b9a13293dfe5e4d4b7cd230970105e3"" ""C:\Documents and Settings\USER\Application Data\svchosta.exe"" && exit""","","((null)) C:\WINDOWS\System32\cmd.exe/C copy /B C:\851032eb03bc8ee05c381f7614a0cbf13b9a13293dfe5e4d4b7cd230970105e3"" ""C:\Documents and Settings\USER\Application Data\svchosta.exe"" && exit"" [(null)]","C:\WINDOWS\Registration\R000000000007.clb","\\.\PIPE\wkssvc","C:\Documents and Settings\All Users\Application Data\Microsoft\Crypto\RSA\MachineKeys\6de85aa230cde3e2a97eb830dd3abe8c_fabbc6a1c5734ea09ca150004b35a440","","","","C:\Documents and Settings\Default User\\UNIQUE_ID_DO_NOT_REMOVE","C:\\UNIQUE_ID_DO_NOT_REMOVE","","LoadLibraryA"
"","mpr.dll","","","","","WebClient","","","","","C:\WINDOWS\System32\cmd.exe C:\WINDOWS\System32\cmd.exe"" /C """"C:\Documents and Settings\USER\Application Data\svchosta.exe"" ""C:\851032eb03bc8ee05c381f7614a0cbf13b9a13293dfe5e4d4b7cd230970105e3""""""","","((null)) C:\WINDOWS\System32\cmd.exe/C ""C:\Documents and Settings\USER\Application Data\svchosta.exe ""C:\851032eb03bc8ee05c381f7614a0cbf13b9a13293dfe5e4d4b7cd230970105e3"""""" [(null)]","C:\WINDOWS\System32\cmd.exe","\\.\PIPE\lsarpc","C:\Documents and Settings\Default User\PUBLIC","","","","C:\Documents and Settings\Default User\\UNIQUE_ID_DO_NOT_REMOVE","C:\Documents and Settings\\UNIQUE_ID_DO_NOT_REMOVE","",""
"","advapi32.dll","","","","","","","","","","C:\Documents and Settings\USER\Application Data\svchosta.exe C:\Documents and Settings\USER\Application Data\svchosta.exe"" ""C:\851032eb03bc8ee05c381f7614a0cbf13b9a13293dfe5e4d4b7cd230970105e3""""","","((null)) C:\Documents and Settings\Default user\window.bat""""(null) [(null)]","C:\WINDOWS\system32\rsaenh.dll","\\.\MountPointManager","C:\Documents and Settings\Default User\\UNIQUE_ID_DO_NOT_REMOVE","","","","C:\Documents and Settings\Default User\\UNIQUE_ID_DO_NOT_REMOVE","C:\Documents and Settings\USER\\UNIQUE_ID_DO_NOT_REMOVE","",""
"","ole32.dll","","","","","","","","","","C:\Documents and Settings\Default user\window.bat"" ""","","((null)) C:\WINDOWS\System32\cmd.exe/C C:\Documents and settings\USER\Desktop\DECRYPT_INFORMATION.html [(null)]","c:\autoexec.bat","C:\WINDOWS\Registration\R000000000007.clb","C:\Documents and Settings\All Users\Application Data\Microsoft\Crypto\RSA\MachineKeys\08e575673cce10c72090304839888e02_fabbc6a1c5734ea09ca150004b35a440","","","","C:\Documents and Settings\Default User\\UNIQUE_ID_DO_NOT_REMOVE","C:\Documents and Settings\USER\\UNIQUE_ID_DO_NOT_REMOVE","",""
"","shell32.dll","","","","","","","","","","C:\WINDOWS\System32\cmd.exe C:\WINDOWS\System32\cmd.exe"" /C C:\Documents and settings\USER\Desktop\DECRYPT_INFORMATION.html""","","((null)) C:\WINDOWS\System32\cmd.exe/C C:\Documents and Settings\USER\Application Data\svchostaaexe.bat"""" [(null)]","C:\Documents and Settings\Default User\PUBLIC","C:\WINDOWS\System32\cmd.exe","C:\Documents and Settings\USER\Start Menu\Programs\Startup\start.bat","","","","C:\Documents and Settings\Default User\\UNIQUE_ID_DO_NOT_REMOVE","C:\Documents and Settings\USER\Favorites\\UNIQUE_ID_DO_NOT_REMOVE","",""
"","testlib.dll","","","","","","","","","","C:\WINDOWS\System32\cmd.exe C:\WINDOWS\System32\cmd.exe"" /C ""C:\Documents and Settings\USER\Application Data\svchostaaexe.bat""""","","","C:\Documents and Settings\USER\My Documents\cartago.doc","C:\851032eb03bc8ee05c381f7614a0cbf13b9a13293dfe5e4d4b7cd230970105e3","c:\autoexec.bat","","","","C:\Documents and Settings\Default User\\UNIQUE_ID_DO_NOT_REMOVE","C:\Documents and Settings\USER\My Documents\\UNIQUE_ID_DO_NOT_REMOVE","",""
"","secur32.dll","","","","","","","","","","C:\WINDOWS\system32\vssadmin.exe vssadmin resize shadowstorage /for=c: /on=c: /maxsize=401MB","","","C:\eula.1028.txt","C:\WINDOWS\system32\rsaenh.dll","C:\\DECRYPT_INFORMATION.html","","","","C:\Documents and Settings\Default User\\UNIQUE_ID_DO_NOT_REMOVE","C:\Documents and Settings\USER\My Documents\\UNIQUE_ID_DO_NOT_REMOVE","",""
"","netapi32","","","","","","","","","","C:\WINDOWS\system32\vssadmin.exe vssadmin resize shadowstorage /for=c: /on=c: /maxsize=unbounded","","","C:\eula.1033.txt","c:\autoexec.bat","\\.\PIPE\lsarpc","","","","C:\Documents and Settings\Default User\\UNIQUE_ID_DO_NOT_REMOVE","C:\\UNIQUE_ID_DO_NOT_REMOVE","",""
"","rpcrt4.dll","","","","","","","","","","C:\WINDOWS\system32\vssadmin.exe vssadmin resize shadowstorage /for=d: /on=d: /maxsize=401MB","","","C:\eula.1041.txt","C:\Documents and Settings\USER\Application Data\Microsoft\Crypto\RSA\S1521127521007192002626610602842981003\6de85aa230cde3e2a97eb830dd3abe8c_fabbc6a1c5734ea09ca150004b35a440","C:\Documents and Settings\\DECRYPT_INFORMATION.html","","","","C:\Documents and Settings\Default User\\UNIQUE_ID_DO_NOT_REMOVE","C:\Python27\\UNIQUE_ID_DO_NOT_REMOVE","",""
"","setupapi.dll","","","","","","","","","","C:\WINDOWS\system32\vssadmin.exe vssadmin resize shadowstorage /for=d: /on=d: /maxsize=unbounded","","","C:\Python27\Lib\email\test\data\msg_01.txt","C:\Documents and Settings\All Users\Application Data\Microsoft\Crypto\RSA\MachineKeys\6de85aa230cde3e2a97eb830dd3abe8c_fabbc6a1c5734ea09ca150004b35a440","C:\Documents and Settings\USER\\DECRYPT_INFORMATION.html","","","","C:\Documents and Settings\Default User\\UNIQUE_ID_DO_NOT_REMOVE","C:\Python27\\UNIQUE_ID_DO_NOT_REMOVE","",""
"","clbcatq.dll","","","","","","","","","","C:\WINDOWS\system32\vssadmin.exe vssadmin resize shadowstorage /for=e: /on=e: /maxsize=401MB","","","C:\Python27\Lib\email\test\data\msg_02.txt","C:\Documents and Settings\All Users\Application Data\Microsoft\Crypto\RSA\MachineKeys\6de85aa230cde3e2a97eb830dd3abe8c_fabbc6a1c5734ea09ca150004b35a440","C:\Documents and Settings\USER\Favorites\\DECRYPT_INFORMATION.html","","","","C:\Documents and Settings\Default User\\UNIQUE_ID_DO_NOT_REMOVE","C:\Python27\Lib\\UNIQUE_ID_DO_NOT_REMOVE","",""
"","version.dll","","","","","","","","","","C:\WINDOWS\system32\vssadmin.exe vssadmin resize shadowstorage /for=e: /on=e: /maxsize=unbounded","","","C:\Python27\Lib\email\test\data\msg_03.txt","C:\Documents and Settings\Default User\PUBLIC","C:\Documents and Settings\USER\My Documents\cartago.doc","","","","C:\Documents and Settings\Default User\\UNIQUE_ID_DO_NOT_REMOVE","C:\Python27\Lib\bsddb\\UNIQUE_ID_DO_NOT_REMOVE","",""
"","rsaenh.dll","","","","","","","","","","C:\WINDOWS\system32\vssadmin.exe vssadmin resize shadowstorage /for=f: /on=f: /maxsize=401MB","","","C:\Python27\Lib\email\test\data\msg_04.txt","C:\Documents and Settings\Default User\\UNIQUE_ID_DO_NOT_REMOVE","C:\Documents and Settings\USER\My Documents\\DECRYPT_INFORMATION.html","","","","C:\Documents and Settings\Default User\\UNIQUE_ID_DO_NOT_REMOVE","C:\Python27\Lib\\UNIQUE_ID_DO_NOT_REMOVE","",""
"","userenv.dll","","","","","","","","","","C:\WINDOWS\system32\vssadmin.exe vssadmin resize shadowstorage /for=f: /on=f: /maxsize=unbounded","","","C:\Python27\Lib\email\test\data\msg_05.txt","C:\Documents and Settings\USER\Application Data\Microsoft\Crypto\RSA\S1521127521007192002626610602842981003\08e575673cce10c72090304839888e02_fabbc6a1c5734ea09ca150004b35a440","C:\eula.1028.txt","","","","C:\Documents and Settings\Default User\\UNIQUE_ID_DO_NOT_REMOVE","C:\Python27\Lib\ctypes\\UNIQUE_ID_DO_NOT_REMOVE","",""
"","netapi32.dll","","","","","","","","","","C:\WINDOWS\system32\vssadmin.exe vssadmin resize shadowstorage /for=g: /on=g: /maxsize=401MB","","","C:\Python27\Lib\email\test\data\msg_06.txt","C:\Documents and Settings\All Users\Application Data\Microsoft\Crypto\RSA\MachineKeys\08e575673cce10c72090304839888e02_fabbc6a1c5734ea09ca150004b35a440","C:\eula.1033.txt","","","","C:\Documents and Settings\Default User\\UNIQUE_ID_DO_NOT_REMOVE","C:\Python27\Lib\ctypes\\UNIQUE_ID_DO_NOT_REMOVE","",""
"","crypt32.dll","","","","","","","","","","C:\WINDOWS\system32\vssadmin.exe vssadmin resize shadowstorage /for=g: /on=g: /maxsize=unbounded","","","C:\Python27\Lib\email\test\data\msg_07.txt","C:\Documents and Settings\All Users\Application Data\Microsoft\Crypto\RSA\MachineKeys\08e575673cce10c72090304839888e02_fabbc6a1c5734ea09ca150004b35a440","C:\eula.1041.txt","","","","C:\Documents and Settings\Default User\\UNIQUE_ID_DO_NOT_REMOVE","C:\Python27\Lib\distutils\\UNIQUE_ID_DO_NOT_REMOVE","",""
"","cscdll.dll","","","","","","","","","","C:\WINDOWS\system32\vssadmin.exe vssadmin resize shadowstorage /for=h: /on=h: /maxsize=401MB","","","C:\Python27\Lib\email\test\data\msg_08.txt","C:\Documents and Settings\USER\Start Menu\Programs\Startup\start.bat","C:\Python27\Lib\email\test\\DECRYPT_INFORMATION.html","","","","C:\Documents and Settings\Default User\\UNIQUE_ID_DO_NOT_REMOVE","C:\Python27\Lib\distutils\\UNIQUE_ID_DO_NOT_REMOVE","",""
"","","","","","","","","","","","C:\WINDOWS\system32\vssadmin.exe vssadmin resize shadowstorage /for=h: /on=h: /maxsize=unbounded","","","C:\Python27\Lib\email\test\data\msg_09.txt","C:\\DECRYPT_INFORMATION.html","C:\Python27\Lib\email\test\data\msg_01.txt","","","","C:\Documents and Settings\Default User\\UNIQUE_ID_DO_NOT_REMOVE","C:\Python27\Lib\email\\UNIQUE_ID_DO_NOT_REMOVE","",""
"","","","","","","","","","","","C:\WINDOWS\system32\vssadmin.exe vssadmin Delete Shadows /all /quiet","","","C:\Python27\Lib\email\test\data\msg_10.txt","C:\Documents and Settings\\DECRYPT_INFORMATION.html","C:\Python27\Lib\email\test\data\msg_02.txt","","","","C:\Documents and Settings\Default User\\UNIQUE_ID_DO_NOT_REMOVE","C:\Python27\Lib\email\\UNIQUE_ID_DO_NOT_REMOVE","",""
"","","","","","","","","","","","","","","C:\Python27\Lib\email\test\data\msg_11.txt","C:\Documents and Settings\USER\\DECRYPT_INFORMATION.html","C:\Python27\Lib\email\test\data\msg_03.txt","","","","C:\Documents and Settings\Default User\\UNIQUE_ID_DO_NOT_REMOVE","C:\Python27\Lib\email\test\\UNIQUE_ID_DO_NOT_REMOVE","",""
"","","","","","","","","","","","","","","C:\Python27\Lib\email\test\data\msg_12.txt","C:\Documents and Settings\USER\Favorites\\DECRYPT_INFORMATION.html","C:\Python27\Lib\email\test\data\msg_04.txt","","","","C:\Documents and Settings\Default User\\UNIQUE_ID_DO_NOT_REMOVE","C:\Python27\Lib\idlelib\\UNIQUE_ID_DO_NOT_REMOVE","",""
"","","","","","","","","","","","","","","C:\Python27\Lib\email\test\data\msg_12a.txt","C:\Documents and Settings\USER\My Documents\cartago.doc","C:\Python27\Lib\email\test\data\msg_05.txt","","","","C:\Documents and Settings\Default User\\UNIQUE_ID_DO_NOT_REMOVE","C:\Python27\Lib\json\\UNIQUE_ID_DO_NOT_REMOVE","",""
"","","","","","","","","","","","","","","C:\Python27\Lib\email\test\data\msg_13.txt","C:\Documents and Settings\USER\My Documents\\DECRYPT_INFORMATION.html","C:\Python27\Lib\email\test\data\msg_06.txt","","","","C:\Documents and Settings\Default User\\UNIQUE_ID_DO_NOT_REMOVE","C:\Python27\Lib\libtk\\UNIQUE_ID_DO_NOT_REMOVE","",""
"","","","","","","","","","","","","","","C:\Python27\Lib\email\test\data\msg_14.txt","C:\eula.1028.txt","C:\Python27\Lib\email\test\data\msg_07.txt","","","","C:\Documents and Settings\Default User\\UNIQUE_ID_DO_NOT_REMOVE","C:\Python27\Lib\libtk\test\\UNIQUE_ID_DO_NOT_REMOVE","",""
"","","","","","","","","","","","","","","C:\Python27\Lib\email\test\data\msg_15.txt","C:\eula.1031.txt","C:\Python27\Lib\email\test\data\msg_09.txt","","","","C:\Documents and Settings\Default User\\UNIQUE_ID_DO_NOT_REMOVE","C:\Python27\Lib\libtk\test\\UNIQUE_ID_DO_NOT_REMOVE","",""
"","","","","","","","","","","","","","","C:\Python27\Lib\email\test\data\msg_16.txt","C:\eula.1033.txt","C:\Python27\Lib\email\test\data\msg_10.txt","","","","C:\Documents and Settings\Default User\\UNIQUE_ID_DO_NOT_REMOVE","C:\Python27\Lib\lib2to3\\UNIQUE_ID_DO_NOT_REMOVE","",""
"","","","","","","","","","","","","","","C:\Python27\Lib\email\test\data\msg_17.txt","C:\eula.1036.txt","C:\Python27\Lib\email\test\data\msg_11.txt","","","","C:\Documents and Settings\Default User\\UNIQUE_ID_DO_NOT_REMOVE","C:\Python27\Lib\lib2to3\\UNIQUE_ID_DO_NOT_REMOVE","",""
"","","","","","","","","","","","","","","C:\Python27\Lib\email\test\data\msg_18.txt","C:\eula.1040.txt","C:\Python27\Lib\email\test\data\msg_12.txt","","","","C:\Documents and Settings\Default User\\UNIQUE_ID_DO_NOT_REMOVE","C:\Python27\Lib\lib2to3\tests\\UNIQUE_ID_DO_NOT_REMOVE","",""
"","","","","","","","","","","","","","","C:\Python27\Lib\email\test\data\msg_19.txt","C:\eula.1041.txt","C:\Python27\Lib\email\test\data\msg_13.txt","","","","C:\Documents and Settings\Default User\\UNIQUE_ID_DO_NOT_REMOVE","C:\Python27\Lib\lib2to3\tests\data\\UNIQUE_ID_DO_NOT_REMOVE","",""
"","","","","","","","","","","","","","","C:\Python27\Lib\email\test\data\msg_20.txt","C:\eula.1042.txt","C:\Python27\Lib\email\test\data\msg_14.txt","","","","C:\Documents and Settings\Default User\\UNIQUE_ID_DO_NOT_REMOVE","C:\Python27\Lib\lib2to3\tests\data\fixers\\UNIQUE_ID_DO_NOT_REMOVE","",""
"","","","","","","","","","","","","","","C:\Python27\Lib\email\test\data\msg_21.txt","C:\eula.2052.txt","C:\Python27\Lib\email\test\data\msg_15.txt","","","","C:\Documents and Settings\Default User\\UNIQUE_ID_DO_NOT_REMOVE","C:\Python27\Lib\multiprocessing\\UNIQUE_ID_DO_NOT_REMOVE","",""
"","","","","","","","","","","","","","","C:\Python27\Lib\email\test\data\msg_22.txt","C:\eula.3082.txt","C:\Python27\Lib\email\test\data\msg_16.txt","","","","C:\Documents and Settings\Default User\\UNIQUE_ID_DO_NOT_REMOVE","C:\Python27\Lib\sitepackages\\UNIQUE_ID_DO_NOT_REMOVE","",""
"","","","","","","","","","","","","","","C:\Python27\Lib\email\test\data\msg_23.txt","C:\Python27\\DECRYPT_INFORMATION.html","C:\Python27\Lib\email\test\data\msg_17.txt","","","","C:\Documents and Settings\Default User\\UNIQUE_ID_DO_NOT_REMOVE","C:\Python27\Lib\sqlite3\\UNIQUE_ID_DO_NOT_REMOVE","",""
"","","","","","","","","","","","","","","C:\Python27\Lib\email\test\data\msg_24.txt","C:\Python27\Lib\\DECRYPT_INFORMATION.html","C:\Python27\Lib\email\test\data\msg_18.txt","","","","C:\Documents and Settings\Default User\\UNIQUE_ID_DO_NOT_REMOVE","C:\Python27\Lib\test\\UNIQUE_ID_DO_NOT_REMOVE","",""
"","","","","","","","","","","","","","","C:\Python27\Lib\email\test\data\msg_25.txt","C:\Python27\Lib\bsddb\\DECRYPT_INFORMATION.html","C:\Python27\Lib\email\test\data\msg_19.txt","","","","C:\Documents and Settings\Default User\\UNIQUE_ID_DO_NOT_REMOVE","C:\Python27\Lib\test\\UNIQUE_ID_DO_NOT_REMOVE","",""
"","","","","","","","","","","","","","","C:\Python27\Lib\email\test\data\msg_26.txt","C:\Python27\Lib\ctypes\\DECRYPT_INFORMATION.html","C:\Python27\Lib\email\test\data\msg_20.txt","","","","C:\Documents and Settings\Default User\\UNIQUE_ID_DO_NOT_REMOVE","C:\Python27\Lib\unittest\\UNIQUE_ID_DO_NOT_REMOVE","",""
"","","","","","","","","","","","","","","C:\Python27\Lib\email\test\data\msg_27.txt","C:\Python27\Lib\distutils\\DECRYPT_INFORMATION.html","C:\Python27\Lib\email\test\data\msg_21.txt","","","","C:\Documents and Settings\Default User\\UNIQUE_ID_DO_NOT_REMOVE","C:\Python27\Lib\xml\\UNIQUE_ID_DO_NOT_REMOVE","",""
"","","","","","","","","","","","","","","C:\Python27\Lib\email\test\data\msg_28.txt","C:\Python27\Lib\email\\DECRYPT_INFORMATION.html","C:\Python27\Lib\email\test\data\msg_22.txt","","","","C:\Documents and Settings\Default User\\UNIQUE_ID_DO_NOT_REMOVE","C:\Python27\Lib\xml\\UNIQUE_ID_DO_NOT_REMOVE","",""
"","","","","","","","","","","","","","","C:\Python27\Lib\email\test\data\msg_29.txt","C:\Python27\Lib\email\test\\DECRYPT_INFORMATION.html","C:\Python27\Lib\email\test\data\msg_24.txt","","","","C:\Documents and Settings\Default User\\UNIQUE_ID_DO_NOT_REMOVE","C:\Python27\tcl\\UNIQUE_ID_DO_NOT_REMOVE","",""
"","","","","","","","","","","","","","","C:\Python27\Lib\email\test\data\msg_30.txt","C:\Python27\Lib\email\test\data\msg_01.txt","C:\Python27\Lib\email\test\data\msg_25.txt","","","","C:\Documents and Settings\Default User\\UNIQUE_ID_DO_NOT_REMOVE","C:\Python27\tcl\\UNIQUE_ID_DO_NOT_REMOVE","",""
"","","","","","","","","","","","","","","C:\Python27\Lib\email\test\data\msg_31.txt","C:\Python27\Lib\email\test\data\msg_02.txt","C:\Python27\Lib\email\test\data\msg_26.txt","","","","C:\Documents and Settings\Default User\\UNIQUE_ID_DO_NOT_REMOVE","C:\Python27\tcl\tcl8\\UNIQUE_ID_DO_NOT_REMOVE","",""
"","","","","","","","","","","","","","","C:\Python27\Lib\email\test\data\msg_32.txt","C:\Python27\Lib\email\test\data\msg_03.txt","C:\Python27\Lib\email\test\data\msg_27.txt","","","","C:\Documents and Settings\Default User\\UNIQUE_ID_DO_NOT_REMOVE","C:\Python27\tcl\tcl8\8.4\\UNIQUE_ID_DO_NOT_REMOVE","",""
"","","","","","","","","","","","","","","C:\Python27\Lib\email\test\data\msg_33.txt","C:\Python27\Lib\email\test\data\msg_04.txt","C:\Python27\Lib\email\test\data\msg_28.txt","","","","C:\Documents and Settings\Default User\\UNIQUE_ID_DO_NOT_REMOVE","C:\Python27\tcl\tcl8\\UNIQUE_ID_DO_NOT_REMOVE","",""
"","","","","","","","","","","","","","","C:\Python27\Lib\email\test\data\msg_34.txt","C:\Python27\Lib\email\test\data\msg_05.txt","C:\Python27\Lib\email\test\data\msg_31.txt","","","","C:\Documents and Settings\Default User\\UNIQUE_ID_DO_NOT_REMOVE","C:\Python27\tcl\tcl8.5\\UNIQUE_ID_DO_NOT_REMOVE","",""
"","","","","","","","","","","","","","","C:\Python27\Lib\email\test\data\msg_35.txt","C:\Python27\Lib\email\test\data\msg_06.txt","C:\Python27\Lib\email\test\data\msg_32.txt","","","","C:\Documents and Settings\Default User\\UNIQUE_ID_DO_NOT_REMOVE","C:\Python27\tcl\tcl8.5\\UNIQUE_ID_DO_NOT_REMOVE","",""
"","","","","","","","","","","","","","","C:\Python27\Lib\email\test\data\msg_36.txt","C:\Python27\Lib\email\test\data\msg_07.txt","C:\Python27\Lib\email\test\data\msg_33.txt","","","","C:\Documents and Settings\Default User\\UNIQUE_ID_DO_NOT_REMOVE","C:\Python27\tcl\tcl8.5\tzdata\\UNIQUE_ID_DO_NOT_REMOVE","",""
"","","","","","","","","","","","","","","C:\Python27\Lib\email\test\data\msg_37.txt","C:\Python27\Lib\email\test\data\msg_08.txt","C:\Python27\Lib\email\test\data\msg_34.txt","","","","C:\Documents and Settings\Default User\\UNIQUE_ID_DO_NOT_REMOVE","C:\Python27\tcl\tcl8.5\tzdata\\UNIQUE_ID_DO_NOT_REMOVE","",""
"","","","","","","","","","","","","","","C:\Python27\Lib\email\test\data\msg_38.txt","C:\Python27\Lib\email\test\data\msg_09.txt","C:\Python27\Lib\email\test\data\msg_35.txt","","","","C:\Documents and Settings\Default User\\UNIQUE_ID_DO_NOT_REMOVE","C:\Python27\tcl\tcl8.5\tzdata\America\\UNIQUE_ID_DO_NOT_REMOVE","",""
"","","","","","","","","","","","","","","C:\Python27\Lib\email\test\data\msg_39.txt","C:\Python27\Lib\email\test\data\msg_10.txt","C:\Python27\Lib\email\test\data\msg_36.txt","","","","C:\Documents and Settings\Default User\\UNIQUE_ID_DO_NOT_REMOVE","C:\Python27\tcl\tcl8.5\tzdata\America\\UNIQUE_ID_DO_NOT_REMOVE","",""
"","","","","","","","","","","","","","","C:\Python27\Lib\email\test\data\msg_40.txt","C:\Python27\Lib\email\test\data\msg_11.txt","C:\Python27\Lib\email\test\data\msg_38.txt","","","","C:\Documents and Settings\Default User\\UNIQUE_ID_DO_NOT_REMOVE","C:\Python27\tcl\tix8.4.3\\UNIQUE_ID_DO_NOT_REMOVE","",""
"","","","","","","","","","","","","","","C:\Python27\Lib\email\test\data\msg_41.txt","C:\Python27\Lib\email\test\data\msg_12.txt","C:\Python27\Lib\email\test\data\msg_39.txt","","","","C:\Documents and Settings\Default User\\UNIQUE_ID_DO_NOT_REMOVE","C:\Python27\tcl\tix8.4.3\\UNIQUE_ID_DO_NOT_REMOVE","",""
"","","","","","","","","","","","","","","C:\Python27\Lib\email\test\data\msg_42.txt","C:\Python27\Lib\email\test\data\msg_12a.txt","C:\Python27\Lib\email\test\data\msg_40.txt","","","","C:\Documents and Settings\Default User\\UNIQUE_ID_DO_NOT_REMOVE","C:\Python27\tcl\tix8.4.3\demos\\UNIQUE_ID_DO_NOT_REMOVE","",""
"","","","","","","","","","","","","","","C:\Python27\Lib\email\test\data\msg_43.txt","C:\Python27\Lib\email\test\data\msg_13.txt","C:\Python27\Lib\email\test\data\msg_42.txt","","","","C:\Documents and Settings\Default User\\UNIQUE_ID_DO_NOT_REMOVE","C:\Python27\tcl\tix8.4.3\demos\\UNIQUE_ID_DO_NOT_REMOVE","",""
"","","","","","","","","","","","","","","C:\Python27\Lib\email\test\data\msg_44.txt","C:\Python27\Lib\email\test\data\msg_14.txt","C:\Python27\Lib\email\test\data\msg_43.txt","","","","C:\Documents and Settings\Default User\\UNIQUE_ID_DO_NOT_REMOVE","C:\Python27\tcl\tk8.5\\UNIQUE_ID_DO_NOT_REMOVE","",""
"","","","","","","","","","","","","","","C:\Python27\Lib\email\test\data\msg_46.txt","C:\Python27\Lib\email\test\data\msg_15.txt","C:\Python27\Lib\email\test\data\msg_44.txt","","","","C:\Documents and Settings\Default User\\UNIQUE_ID_DO_NOT_REMOVE","C:\Python27\tcl\tk8.5\demos\\UNIQUE_ID_DO_NOT_REMOVE","",""
"","","","","","","","","","","","","","","C:\Python27\Lib\email\test\data\PyBanner048.gif","C:\Python27\Lib\email\test\data\msg_16.txt","C:\Python27\Lib\email\test\data\msg_46.txt","","","","C:\Documents and Settings\Default User\\UNIQUE_ID_DO_NOT_REMOVE","C:\Python27\tcl\tk8.5\\UNIQUE_ID_DO_NOT_REMOVE","",""
"","","","","","","","","","","","","","","C:\Python27\Lib\idlelib\CREDITS.txt","C:\Python27\Lib\email\test\data\msg_17.txt","C:\Python27\Lib\email\test\data\PyBanner048.gif","","","","C:\Documents and Settings\Default User\\UNIQUE_ID_DO_NOT_REMOVE","C:\Python27\Tools\\UNIQUE_ID_DO_NOT_REMOVE","",""
"","","","","","","","","","","","","","","C:\Python27\Lib\idlelib\extend.txt","C:\Python27\Lib\email\test\data\msg_18.txt","C:\Python27\Lib\idlelib\CREDITS.txt","","","","C:\Documents and Settings\Default User\\UNIQUE_ID_DO_NOT_REMOVE","C:\Python27\Tools\\UNIQUE_ID_DO_NOT_REMOVE","",""
"","","","","","","","","","","","","","","C:\Python27\Lib\idlelib\help.txt","C:\Python27\Lib\email\test\data\msg_19.txt","C:\Python27\Lib\idlelib\extend.txt","","","","C:\Documents and Settings\Default User\\UNIQUE_ID_DO_NOT_REMOVE","C:\Python27\Tools\pynche\\UNIQUE_ID_DO_NOT_REMOVE","",""
"","","","","","","","","","","","","","","C:\Python27\Lib\idlelib\HISTORY.txt","C:\Python27\Lib\email\test\data\msg_20.txt","C:\Python27\Lib\idlelib\help.txt","","","","C:\Documents and Settings\Default User\\UNIQUE_ID_DO_NOT_REMOVE","\\VBOXSVR\BEH002\UNIQUE_ID_DO_NOT_REMOVE","",""
"","","","","","","","","","","","","","","C:\Python27\Lib\idlelib\Icons\folder.gif","C:\Python27\Lib\email\test\data\msg_21.txt","C:\Python27\Lib\idlelib\HISTORY.txt","","","","C:\Documents and Settings\Default User\\UNIQUE_ID_DO_NOT_REMOVE","\\VBOXSVR\setup\UNIQUE_ID_DO_NOT_REMOVE","",""
"","","","","","","","","","","","","","","C:\Python27\Lib\idlelib\Icons\minusnode.gif","C:\Python27\Lib\email\test\data\msg_22.txt","C:\Python27\Lib\idlelib\Icons\folder.gif","","","","C:\Documents and Settings\Default User\\UNIQUE_ID_DO_NOT_REMOVE","\\VBOXSVR\setup\\UNIQUE_ID_DO_NOT_REMOVE","",""
"","","","","","","","","","","","","","","C:\Python27\Lib\idlelib\Icons\openfolder.gif","C:\Python27\Lib\email\test\data\msg_23.txt","C:\Python27\Lib\idlelib\Icons\minusnode.gif","","","","C:\Documents and Settings\Default User\\UNIQUE_ID_DO_NOT_REMOVE","\\VBOXSVR\setup\cuckoo\\UNIQUE_ID_DO_NOT_REMOVE","",""
"","","","","","","","","","","","","","","C:\Python27\Lib\idlelib\Icons\plusnode.gif","C:\Python27\Lib\email\test\data\msg_24.txt","C:\Python27\Lib\idlelib\Icons\plusnode.gif","","","","C:\Documents and Settings\Default User\\UNIQUE_ID_DO_NOT_REMOVE","\\VBOXSVR\setup\lib\\UNIQUE_ID_DO_NOT_REMOVE","",""
"","","","","","","","","","","","","","","C:\Python27\Lib\idlelib\Icons\tk.gif","C:\Python27\Lib\email\test\data\msg_25.txt","C:\Python27\Lib\idlelib\Icons\tk.gif","","","","C:\Documents and Settings\Default User\\UNIQUE_ID_DO_NOT_REMOVE","C:\Documents and settings\USER\Desktop\UNIQUE_ID_DO_NOT_REMOVE","",""
"","","","","","","","","","","","","","","C:\Python27\Lib\idlelib\NEWS.txt","C:\Python27\Lib\email\test\data\msg_26.txt","C:\Python27\Lib\idlelib\NEWS.txt","","","","","","",""
"","","","","","","","","","","","","","","C:\Python27\Lib\idlelib\README.txt","C:\Python27\Lib\email\test\data\msg_27.txt","C:\Python27\Lib\idlelib\README.txt","","","","","","",""
"","","","","","","","","","","","","","","C:\Python27\Lib\idlelib\TODO.txt","C:\Python27\Lib\email\test\data\msg_28.txt","C:\Python27\Lib\idlelib\TODO.txt","","","","","","",""
"","","","","","","","","","","","","","","C:\Python27\Lib\lib2to3\Grammar.txt","C:\Python27\Lib\email\test\data\msg_29.txt","C:\Python27\Lib\lib2to3\Grammar.txt","","","","","","",""
"","","","","","","","","","","","","","","C:\Python27\Lib\lib2to3\PatternGrammar.txt","C:\Python27\Lib\email\test\data\msg_30.txt","C:\Python27\Lib\lib2to3\PatternGrammar.txt","","","","","","",""
"","","","","","","","","","","","","","","C:\Python27\Lib\sitepackages\PIL.pth","C:\Python27\Lib\email\test\data\msg_31.txt","C:\Python27\Lib\lib2to3\tests\data\\DECRYPT_INFORMATION.html","","","","","","",""
"","","","","","","","","","","","","","","C:\Python27\Lib\sitepackages\README.txt","C:\Python27\Lib\email\test\data\msg_32.txt","C:\Python27\Lib\lib2to3\tests\data\fixers\\DECRYPT_INFORMATION.html","","","","","","",""
"","","","","","","","","","","","","","","C:\Python27\Lib\test\185test.db","C:\Python27\Lib\email\test\data\msg_33.txt","C:\Python27\Lib\sitepackages\README.txt","","","","","","",""
"","","","","","","","","","","","","","","C:\Python27\Lib\test\cjkencodings\big5utf8.txt","C:\Python27\Lib\email\test\data\msg_34.txt","C:\Python27\Lib\test\185test.db","","","","","","",""
"","","","","","","","","","","","","","","C:\Python27\Lib\test\cjkencodings\big5.txt","C:\Python27\Lib\email\test\data\msg_35.txt","C:\Python27\Lib\test\cjkencodings\big5utf8.txt","","","","","","",""
"","","","","","","","","","","","","","","C:\Python27\Lib\test\cjkencodings\big5hkscsutf8.txt","C:\Python27\Lib\email\test\data\msg_36.txt","C:\Python27\Lib\test\cjkencodings\big5.txt","","","","","","",""
"","","","","","","","","","","","","","","C:\Python27\Lib\test\cjkencodings\big5hkscs.txt","C:\Python27\Lib\email\test\data\msg_37.txt","C:\Python27\Lib\test\cjkencodings\big5hkscsutf8.txt","","","","","","",""
"","","","","","","","","","","","","","","C:\Python27\Lib\test\cjkencodings\cp949utf8.txt","C:\Python27\Lib\email\test\data\msg_38.txt","C:\Python27\Lib\test\cjkencodings\big5hkscs.txt","","","","","","",""
"","","","","","","","","","","","","","","C:\Python27\Lib\test\cjkencodings\cp949.txt","C:\Python27\Lib\email\test\data\msg_39.txt","C:\Python27\Lib\test\cjkencodings\cp949utf8.txt","","","","","","",""
"","","","","","","","","","","","","","","C:\Python27\Lib\test\cjkencodings\euc_jisx0213utf8.txt","C:\Python27\Lib\email\test\data\msg_40.txt","C:\Python27\Lib\test\cjkencodings\cp949.txt","","","","","","",""
"","","","","","","","","","","","","","","C:\Python27\Lib\test\cjkencodings\euc_jisx0213.txt","C:\Python27\Lib\email\test\data\msg_41.txt","C:\Python27\Lib\test\cjkencodings\euc_jisx0213utf8.txt","","","","","","",""
"","","","","","","","","","","","","","","C:\Python27\Lib\test\cjkencodings\euc_jputf8.txt","C:\Python27\Lib\email\test\data\msg_42.txt","C:\Python27\Lib\test\cjkencodings\euc_jisx0213.txt","","","","","","",""
"","","","","","","","","","","","","","","C:\Python27\Lib\test\cjkencodings\euc_jp.txt","C:\Python27\Lib\email\test\data\msg_43.txt","C:\Python27\Lib\test\cjkencodings\euc_jputf8.txt","","","","","","",""
"","","","","","","","","","","","","","","C:\Python27\Lib\test\cjkencodings\euc_krutf8.txt","C:\Python27\Lib\email\test\data\msg_44.txt","C:\Python27\Lib\test\cjkencodings\euc_jp.txt","","","","","","",""
"","","","","","","","","","","","","","","C:\Python27\Lib\test\cjkencodings\euc_kr.txt","C:\Python27\Lib\email\test\data\msg_45.txt","C:\Python27\Lib\test\cjkencodings\euc_krutf8.txt","","","","","","",""
"","","","","","","","","","","","","","","C:\Python27\Lib\test\cjkencodings\gb18030utf8.txt","C:\Python27\Lib\email\test\data\msg_46.txt","C:\Python27\Lib\test\cjkencodings\euc_kr.txt","","","","","","",""
"","","","","","","","","","","","","","","C:\Python27\Lib\test\cjkencodings\gb18030.txt","C:\Python27\Lib\email\test\data\PyBanner048.gif","C:\Python27\Lib\test\cjkencodings\gb18030utf8.txt","","","","","","",""
"","","","","","","","","","","","","","","C:\Python27\Lib\test\cjkencodings\gb2312utf8.txt","C:\Python27\Lib\idlelib\CREDITS.txt","C:\Python27\Lib\test\cjkencodings\gb18030.txt","","","","","","",""
"","","","","","","","","","","","","","","C:\Python27\Lib\test\cjkencodings\gb2312.txt","C:\Python27\Lib\idlelib\extend.txt","C:\Python27\Lib\test\cjkencodings\gb2312utf8.txt","","","","","","",""
"","","","","","","","","","","","","","","C:\Python27\Lib\test\cjkencodings\gbkutf8.txt","C:\Python27\Lib\idlelib\help.txt","C:\Python27\Lib\test\cjkencodings\gb2312.txt","","","","","","",""
"","","","","","","","","","","","","","","C:\Python27\Lib\test\cjkencodings\gbk.txt","C:\Python27\Lib\idlelib\HISTORY.txt","C:\Python27\Lib\test\cjkencodings\gbkutf8.txt","","","","","","",""
"","","","","","","","","","","","","","","C:\Python27\Lib\test\cjkencodings\hzutf8.txt","C:\Python27\Lib\idlelib\\DECRYPT_INFORMATION.html","C:\Python27\Lib\test\cjkencodings\iso2022_kr.txt","","","","","","",""
"","","","","","","","","","","","","","","C:\Python27\Lib\test\cjkencodings\hz.txt","C:\Python27\Lib\idlelib\Icons\folder.gif","C:\Python27\Lib\test\cmath_testcases.txt","","","","","","",""
"","","","","","","","","","","","","","","C:\Python27\Lib\test\cjkencodings\iso2022_jp.txt","C:\Python27\Lib\idlelib\Icons\minusnode.gif","C:\Python27\Lib\test\exception_hierarchy.txt","","","","","","",""
"","","","","","","","","","","","","","","C:\Python27\Lib\test\cjkencodings\iso2022_krutf8.txt","C:\Python27\Lib\idlelib\Icons\openfolder.gif","C:\Python27\Lib\test\floating_points.txt","","","","","","",""
"","","","","","","","","","","","","","","C:\Python27\Lib\test\cjkencodings\iso2022_kr.txt","C:\Python27\Lib\idlelib\Icons\plusnode.gif","C:\Python27\Lib\test\formatfloat_testcases.txt","","","","","","",""
"","","","","","","","","","","","","","","C:\Python27\Lib\test\cjkencodings\shift_jisx0213.txt","C:\Python27\Lib\idlelib\Icons\python.gif","C:\Python27\Lib\test\ieee754.txt","","","","","","",""
"","","","","","","","","","","","","","","C:\Python27\Lib\test\cmath_testcases.txt","C:\Python27\Lib\idlelib\Icons\tk.gif","C:\Python27\Lib\test\math_testcases.txt","","","","","","",""
"","","","","","","","","","","","","","","C:\Python27\Lib\test\exception_hierarchy.txt","C:\Python27\Lib\idlelib\NEWS.txt","C:\Python27\Lib\test\sgml_input.html","","","","","","",""
"","","","","","","","","","","","","","","C:\Python27\Lib\test\floating_points.txt","C:\Python27\Lib\idlelib\README.txt","C:\Python27\Lib\test\test_difflib_expect.html","","","","","","",""
"","","","","","","","","","","","","","","C:\Python27\Lib\test\formatfloat_testcases.txt","C:\Python27\Lib\idlelib\TODO.txt","C:\Python27\Lib\test\test_doctest3.txt","","","","","","",""
"","","","","","","","","","","","","","","C:\Python27\Lib\test\ieee754.txt","C:\Python27\Lib\json\\DECRYPT_INFORMATION.html","C:\Python27\Lib\test\tokenize_tests.txt","","","","","","",""
"","","","","","","","","","","","","","","C:\Python27\Lib\test\leakers\README.txt","C:\Python27\Lib\libtk\\DECRYPT_INFORMATION.html","C:\Python27\LICENSE.txt","","","","","","",""
"","","","","","","","","","","","","","","C:\Python27\Lib\test\math_testcases.txt","C:\Python27\Lib\libtk\test\\DECRYPT_INFORMATION.html","C:\Python27\NEWS.txt","","","","","","",""
"","","","","","","","","","","","","","","C:\Python27\Lib\test\sgml_input.html","C:\Python27\Lib\lib2to3\\DECRYPT_INFORMATION.html","C:\Python27\README.txt","","","","","","",""
"","","","","","","","","","","","","","","C:\Python27\Lib\test\test_difflib_expect.html","C:\Python27\Lib\lib2to3\Grammar.txt","C:\Python27\tcl\tcl8\8.4\http2.7.tm","","","","","","",""
"","","","","","","","","","","","","","","C:\Python27\Lib\test\test_doctest.txt","C:\Python27\Lib\lib2to3\PatternGrammar.txt","C:\Python27\tcl\tcl8\8.4\platform\shell1.1.3.tm","","","","","","",""
"","","","","","","","","","","","","","","C:\Python27\Lib\test\test_doctest2.txt","C:\Python27\Lib\lib2to3\tests\\DECRYPT_INFORMATION.html","C:\Python27\tcl\tcl8\8.4\platform1.0.3.tm","","","","","","",""
"","","","","","","","","","","","","","","C:\Python27\Lib\test\test_doctest3.txt","C:\Python27\Lib\lib2to3\tests\data\\DECRYPT_INFORMATION.html","C:\Python27\tcl\tcl8\8.5\msgcat1.4.2.tm","","","","","","",""
"","","","","","","","","","","","","","","C:\Python27\Lib\test\test_doctest4.txt","C:\Python27\Lib\lib2to3\tests\data\fixers\\DECRYPT_INFORMATION.html","C:\Python27\tcl\tcl8\8.5\tcltest2.3.0.tm","","","","","","",""
"","","","","","","","","","","","","","","C:\Python27\Lib\test\tokenize_tests.txt","C:\Python27\Lib\multiprocessing\\DECRYPT_INFORMATION.html","C:\Python27\tcl\tcl8.5\msgs\af.msg","","","","","","",""
"","","","","","","","","","","","","","","C:\Python27\Lib\test\zipdir.zip","C:\Python27\Lib\sitepackages\\DECRYPT_INFORMATION.html","C:\Python27\tcl\tcl8.5\msgs\af_za.msg","","","","","","",""
"","","","","","","","","","","","","","","C:\Python27\LICENSE.txt","C:\Python27\Lib\sitepackages\PIL.pth","C:\Python27\tcl\tcl8.5\msgs\ar.msg","","","","","","",""
"","","","","","","","","","","","","","","C:\Python27\NEWS.txt","C:\Python27\Lib\sitepackages\README.txt","C:\Python27\tcl\tcl8.5\msgs\ar_in.msg","","","","","","",""
"","","","","","","","","","","","","","","C:\Python27\README.txt","C:\Python27\Lib\sqlite3\\DECRYPT_INFORMATION.html","C:\Python27\tcl\tcl8.5\msgs\ar_jo.msg","","","","","","",""
"","","","","","","","","","","","","","","C:\Python27\tcl\tcl8\8.4\http2.7.tm","C:\Python27\Lib\test\185test.db","C:\Python27\tcl\tcl8.5\msgs\be.msg","","","","","","",""
"","","","","","","","","","","","","","","C:\Python27\tcl\tcl8\8.4\platform\shell1.1.3.tm","C:\Python27\Lib\test\\DECRYPT_INFORMATION.html","C:\Python27\tcl\tcl8.5\msgs\bn.msg","","","","","","",""
"","","","","","","","","","","","","","","C:\Python27\tcl\tcl8\8.4\platform1.0.3.tm","C:\Python27\Lib\test\cjkencodings\big5utf8.txt","C:\Python27\tcl\tcl8.5\msgs\cs.msg","","","","","","",""
"","","","","","","","","","","","","","","C:\Python27\tcl\tcl8\8.5\msgcat1.4.2.tm","C:\Python27\Lib\test\cjkencodings\big5.txt","C:\Python27\tcl\tcl8.5\msgs\da.msg","","","","","","",""
"","","","","","","","","","","","","","","C:\Python27\tcl\tcl8\8.5\tcltest2.3.0.tm","C:\Python27\Lib\test\cjkencodings\big5hkscsutf8.txt","C:\Python27\tcl\tcl8.5\msgs\de.msg","","","","","","",""
"","","","","","","","","","","","","","","C:\Python27\tcl\tcl8.5\msgs\af.msg","C:\Python27\Lib\test\cjkencodings\big5hkscs.txt","C:\Python27\tcl\tcl8.5\msgs\de_at.msg","","","","","","",""
"","","","","","","","","","","","","","","C:\Python27\tcl\tcl8.5\msgs\af_za.msg","C:\Python27\Lib\test\cjkencodings\cp949utf8.txt","C:\Python27\tcl\tcl8.5\msgs\el.msg","","","","","","",""
"","","","","","","","","","","","","","","C:\Python27\tcl\tcl8.5\msgs\ar.msg","C:\Python27\Lib\test\cjkencodings\cp949.txt","C:\Python27\tcl\tcl8.5\msgs\en_au.msg","","","","","","",""
"","","","","","","","","","","","","","","C:\Python27\tcl\tcl8.5\msgs\ar_in.msg","C:\Python27\Lib\test\cjkencodings\euc_jisx0213utf8.txt","C:\Python27\tcl\tcl8.5\msgs\en_be.msg","","","","","","",""
"","","","","","","","","","","","","","","C:\Python27\tcl\tcl8.5\msgs\ar_jo.msg","C:\Python27\Lib\test\cjkencodings\euc_jisx0213.txt","C:\Python27\tcl\tcl8.5\msgs\en_gb.msg","","","","","","",""
"","","","","","","","","","","","","","","C:\Python27\tcl\tcl8.5\msgs\be.msg","C:\Python27\Lib\test\cjkencodings\euc_jputf8.txt","C:\Python27\tcl\tcl8.5\msgs\es.msg","","","","","","",""
"","","","","","","","","","","","","","","C:\Python27\tcl\tcl8.5\msgs\bg.msg","C:\Python27\Lib\test\cjkencodings\euc_jp.txt","C:\Python27\tcl\tcl8.5\msgs\et.msg","","","","","","",""
"","","","","","","","","","","","","","","C:\Python27\tcl\tcl8.5\msgs\bn.msg","C:\Python27\Lib\test\cjkencodings\euc_krutf8.txt","C:\Python27\tcl\tcl8.5\msgs\fa.msg","","","","","","",""
"","","","","","","","","","","","","","","C:\Python27\tcl\tcl8.5\msgs\ca.msg","C:\Python27\Lib\test\cjkencodings\euc_kr.txt","C:\Python27\tcl\tcl8.5\msgs\fa_ir.msg","","","","","","",""
"","","","","","","","","","","","","","","C:\Python27\tcl\tcl8.5\msgs\cs.msg","C:\Python27\Lib\test\cjkencodings\gb18030utf8.txt","C:\Python27\tcl\tcl8.5\msgs\gl.msg","","","","","","",""
"","","","","","","","","","","","","","","C:\Python27\tcl\tcl8.5\msgs\da.msg","C:\Python27\Lib\test\cjkencodings\gb18030.txt","C:\Python27\tcl\tcl8.5\msgs\gv.msg","","","","","","",""
"","","","","","","","","","","","","","","C:\Python27\tcl\tcl8.5\msgs\de.msg","C:\Python27\Lib\test\cjkencodings\gb2312utf8.txt","C:\Python27\tcl\tcl8.5\msgs\he.msg","","","","","","",""
"","","","","","","","","","","","","","","C:\Python27\tcl\tcl8.5\msgs\de_at.msg","C:\Python27\Lib\test\cjkencodings\gb2312.txt","C:\Python27\tcl\tcl8.5\msgs\hi.msg","","","","","","",""
"","","","","","","","","","","","","","","C:\Python27\tcl\tcl8.5\msgs\de_be.msg","C:\Python27\Lib\test\cjkencodings\gbkutf8.txt","C:\Python27\tcl\tcl8.5\msgs\hu.msg","","","","","","",""
"","","","","","","","","","","","","","","C:\Python27\tcl\tcl8.5\msgs\el.msg","C:\Python27\Lib\test\cjkencodings\gbk.txt","C:\Python27\tcl\tcl8.5\msgs\id.msg","","","","","","",""
"","","","","","","","","","","","","","","C:\Python27\tcl\tcl8.5\msgs\en_au.msg","C:\Python27\Lib\test\cjkencodings\hzutf8.txt","C:\Python27\tcl\tcl8.5\msgs\is.msg","","","","","","",""
"","","","","","","","","","","","","","","C:\Python27\tcl\tcl8.5\msgs\en_be.msg","C:\Python27\Lib\test\cjkencodings\hz.txt","C:\Python27\tcl\tcl8.5\msgs\it.msg","","","","","","",""
"","","","","","","","","","","","","","","C:\Python27\tcl\tcl8.5\msgs\en_ca.msg","C:\Python27\Lib\test\cjkencodings\iso2022_jputf8.txt","C:\Python27\tcl\tcl8.5\msgs\ko.msg","","","","","","",""
"","","","","","","","","","","","","","","C:\Python27\tcl\tcl8.5\msgs\en_gb.msg","C:\Python27\Lib\test\cjkencodings\iso2022_jp.txt","C:\Python27\tcl\tcl8.5\msgs\kw.msg","","","","","","",""
"","","","","","","","","","","","","","","C:\Python27\tcl\tcl8.5\msgs\en_hk.msg","C:\Python27\Lib\test\cjkencodings\iso2022_krutf8.txt","C:\Python27\tcl\tcl8.5\msgs\mr.msg","","","","","","",""
"","","","","","","","","","","","","","","C:\Python27\tcl\tcl8.5\msgs\en_in.msg","C:\Python27\Lib\test\cjkencodings\iso2022_kr.txt","C:\Python27\tcl\tcl8.5\msgs\ms.msg","","","","","","",""
"","","","","","","","","","","","","","","C:\Python27\tcl\tcl8.5\msgs\en_za.msg","C:\Python27\Lib\test\cjkencodings\johabutf8.txt","C:\Python27\tcl\tcl8.5\msgs\mt.msg","","","","","","",""
"","","","","","","","","","","","","","","C:\Python27\tcl\tcl8.5\msgs\eo.msg","C:\Python27\Lib\test\cjkencodings\johab.txt","C:\Python27\tcl\tcl8.5\msgs\nl.msg","","","","","","",""
"","","","","","","","","","","","","","","C:\Python27\tcl\tcl8.5\msgs\es.msg","C:\Python27\Lib\test\cjkencodings\shift_jisutf8.txt","C:\Python27\tcl\tcl8.5\msgs\ru.msg","","","","","","",""
"","","","","","","","","","","","","","","C:\Python27\tcl\tcl8.5\msgs\es_ar.msg","C:\Python27\Lib\test\cjkencodings\shift_jis.txt","C:\Python27\tcl\tcl8.5\msgs\sq.msg","","","","","","",""
"","","","","","","","","","","","","","","C:\Python27\tcl\tcl8.5\msgs\et.msg","C:\Python27\Lib\test\cjkencodings\shift_jisx0213utf8.txt","C:\Python27\tcl\tcl8.5\msgs\ta.msg","","","","","","",""
"","","","","","","","","","","","","","","C:\Python27\tcl\tcl8.5\msgs\eu.msg","C:\Python27\Lib\test\cjkencodings\shift_jisx0213.txt","C:\Python27\tcl\tcl8.5\msgs\te_in.msg","","","","","","",""
"","","","","","","","","","","","","","","C:\Python27\tcl\tcl8.5\msgs\eu_es.msg","C:\Python27\Lib\test\cmath_testcases.txt","C:\Python27\tcl\tcl8.5\msgs\th.msg","","","","","","",""
"","","","","","","","","","","","","","","C:\Python27\tcl\tcl8.5\msgs\fa.msg","C:\Python27\Lib\test\exception_hierarchy.txt","C:\Python27\tcl\tcl8.5\msgs\uk.msg","","","","","","",""
"","","","","","","","","","","","","","","C:\Python27\tcl\tcl8.5\msgs\fa_in.msg","C:\Python27\Lib\test\floating_points.txt","C:\Python27\tcl\tcl8.5\msgs\vi.msg","","","","","","",""
"","","","","","","","","","","","","","","C:\Python27\tcl\tcl8.5\msgs\fa_ir.msg","C:\Python27\Lib\test\formatfloat_testcases.txt","C:\Python27\tcl\tcl8.5\msgs\zh.msg","","","","","","",""
"","","","","","","","","","","","","","","C:\Python27\tcl\tcl8.5\msgs\fi.msg","C:\Python27\Lib\test\ieee754.txt","C:\Python27\tcl\tix8.4.3\bitmaps\act_fold.gif","","","","","","",""
"","","","","","","","","","","","","","","C:\Python27\tcl\tcl8.5\msgs\fo.msg","C:\Python27\Lib\test\leakers\README.txt","C:\Python27\tcl\tix8.4.3\bitmaps\act_fold.xpm","","","","","","",""
"","","","","","","","","","","","","","","C:\Python27\tcl\tcl8.5\msgs\fr.msg","C:\Python27\Lib\test\math_testcases.txt","C:\Python27\tcl\tix8.4.3\bitmaps\file.gif","","","","","","",""
"","","","","","","","","","","","","","","C:\Python27\tcl\tcl8.5\msgs\fr_ch.msg","C:\Python27\Lib\test\sgml_input.html","C:\Python27\tcl\tix8.4.3\bitmaps\file.xpm","","","","","","",""
"","","","","","","","","","","","","","","C:\Python27\tcl\tcl8.5\msgs\ga.msg","C:\Python27\Lib\test\test_difflib_expect.html","C:\Python27\tcl\tix8.4.3\bitmaps\folder.xpm","","","","","","",""
"","","","","","","","","","","","","","","C:\Python27\tcl\tcl8.5\msgs\gl.msg","C:\Python27\Lib\test\test_doctest.txt","C:\Python27\tcl\tix8.4.3\bitmaps\info.gif","","","","","","",""
"","","","","","","","","","","","","","","C:\Python27\tcl\tcl8.5\msgs\gv.msg","C:\Python27\Lib\test\test_doctest2.txt","C:\Python27\tcl\tix8.4.3\bitmaps\info.xpm","","","","","","",""
"","","","","","","","","","","","","","","C:\Python27\tcl\tcl8.5\msgs\he.msg","C:\Python27\Lib\test\test_doctest3.txt","C:\Python27\tcl\tix8.4.3\bitmaps\minus.gif","","","","","","",""
"","","","","","","","","","","","","","","C:\Python27\tcl\tcl8.5\msgs\hi.msg","C:\Python27\Lib\test\test_doctest4.txt","C:\Python27\tcl\tix8.4.3\bitmaps\minus.xpm","","","","","","",""
"","","","","","","","","","","","","","","C:\Python27\tcl\tcl8.5\msgs\hr.msg","C:\Python27\Lib\test\tokenize_tests.txt","C:\Python27\tcl\tix8.4.3\bitmaps\minusarm.xpm","","","","","","",""
"","","","","","","","","","","","","","","C:\Python27\tcl\tcl8.5\msgs\hu.msg","C:\Python27\Lib\test\zipdir.zip","C:\Python27\tcl\tix8.4.3\bitmaps\no_entry.gif","","","","","","",""
"","","","","","","","","","","","","","","C:\Python27\tcl\tcl8.5\msgs\id.msg","C:\Python27\Lib\unittest\\DECRYPT_INFORMATION.html","C:\Python27\tcl\tix8.4.3\bitmaps\no_entry.xpm","","","","","","",""
"","","","","","","","","","","","","","","C:\Python27\tcl\tcl8.5\msgs\is.msg","C:\Python27\Lib\xml\\DECRYPT_INFORMATION.html","C:\Python27\tcl\tix8.4.3\demos\bitmaps\about.xpm","","","","","","",""
"","","","","","","","","","","","","","","C:\Python27\tcl\tcl8.5\msgs\it.msg","C:\Python27\LICENSE.txt","C:\Python27\tcl\tix8.4.3\demos\bitmaps\code.xpm","","","","","","",""
"","","","","","","","","","","","","","","C:\Python27\tcl\tcl8.5\msgs\it_ch.msg","C:\Python27\NEWS.txt","C:\Python27\tcl\tix8.4.3\demos\bitmaps\drivea.xpm","","","","","","",""
"","","","","","","","","","","","","","","C:\Python27\tcl\tcl8.5\msgs\kl.msg","C:\Python27\README.txt","C:\Python27\tcl\tix8.4.3\demos\bitmaps\exit.xpm","","","","","","",""
"","","","","","","","","","","","","","","C:\Python27\tcl\tcl8.5\msgs\ko.msg","C:\Python27\tcl\\DECRYPT_INFORMATION.html","C:\Python27\tcl\tix8.4.3\demos\bitmaps\netw.xpm","","","","","","",""
"","","","","","","","","","","","","","","C:\Python27\tcl\tcl8.5\msgs\kok.msg","C:\Python27\tcl\tcl8\\DECRYPT_INFORMATION.html","C:\Python27\tcl\tix8.4.3\demos\bitmaps\select.xpm","","","","","","",""
"","","","","","","","","","","","","","","C:\Python27\tcl\tcl8.5\msgs\kok_in.msg","C:\Python27\tcl\tcl8\8.4\http2.7.tm","C:\Python27\tcl\tix8.4.3\demos\bitmaps\tix.gif","","","","","","",""
"","","","","","","","","","","","","","","C:\Python27\tcl\tcl8.5\msgs\kw.msg","C:\Python27\tcl\tcl8\8.4\\DECRYPT_INFORMATION.html","C:\Python27\tcl\tk8.5\demos\en.msg","","","","","","",""
"","","","","","","","","","","","","","","C:\Python27\tcl\tcl8.5\msgs\lv.msg","C:\Python27\tcl\tcl8\8.4\platform\shell1.1.3.tm","C:\Python27\tcl\tk8.5\demos\images\earth.gif","","","","","","",""
"","","","","","","","","","","","","","","C:\Python27\tcl\tcl8.5\msgs\mr.msg","C:\Python27\tcl\tcl8\8.4\platform1.0.3.tm","C:\Python27\tcl\tk8.5\demos\images\earthris.gif","","","","","","",""
"","","","","","","","","","","","","","","C:\Python27\tcl\tcl8.5\msgs\ms.msg","C:\Python27\tcl\tcl8\8.5\msgcat1.4.2.tm","C:\Python27\tcl\tk8.5\demos\images\tcllogo.gif","","","","","","",""
"","","","","","","","","","","","","","","C:\Python27\tcl\tcl8.5\msgs\mt.msg","C:\Python27\tcl\tcl8\8.5\tcltest2.3.0.tm","C:\Python27\tcl\tk8.5\demos\images\teapot.ppm","","","","","","",""
"","","","","","","","","","","","","","","C:\Python27\tcl\tcl8.5\msgs\nb.msg","C:\Python27\tcl\tcl8.5\\DECRYPT_INFORMATION.html","C:\Python27\tcl\tk8.5\demos\nl.msg","","","","","","",""
"","","","","","","","","","","","","","","C:\Python27\tcl\tcl8.5\msgs\nl.msg","C:\Python27\tcl\tcl8.5\msgs\af.msg","C:\Python27\tcl\tk8.5\images\logo.eps","","","","","","",""
"","","","","","","","","","","","","","","C:\Python27\tcl\tcl8.5\msgs\nn.msg","C:\Python27\tcl\tcl8.5\msgs\af_za.msg","C:\Python27\tcl\tk8.5\images\logo100.gif","","","","","","",""
"","","","","","","","","","","","","","","C:\Python27\tcl\tcl8.5\msgs\pl.msg","C:\Python27\tcl\tcl8.5\msgs\ar.msg","C:\Python27\tcl\tk8.5\images\logo64.gif","","","","","","",""
"","","","","","","","","","","","","","","C:\Python27\tcl\tcl8.5\msgs\ro.msg","C:\Python27\tcl\tcl8.5\msgs\ar_in.msg","C:\Python27\tcl\tk8.5\images\logoLarge.gif","","","","","","",""
"","","","","","","","","","","","","","","C:\Python27\tcl\tcl8.5\msgs\ru.msg","C:\Python27\tcl\tcl8.5\msgs\ar_jo.msg","C:\Python27\tcl\tk8.5\images\logoMed.gif","","","","","","",""
"","","","","","","","","","","","","","","C:\Python27\tcl\tcl8.5\msgs\sh.msg","C:\Python27\tcl\tcl8.5\msgs\ar_lb.msg","C:\Python27\tcl\tk8.5\images\pwrdLogo.eps","","","","","","",""
"","","","","","","","","","","","","","","C:\Python27\tcl\tcl8.5\msgs\sk.msg","C:\Python27\tcl\tcl8.5\msgs\ar_sy.msg","C:\Python27\tcl\tk8.5\images\pwrdLogo100.gif","","","","","","",""
"","","","","","","","","","","","","","","C:\Python27\tcl\tcl8.5\msgs\sl.msg","C:\Python27\tcl\tcl8.5\msgs\be.msg","C:\Python27\tcl\tk8.5\images\pwrdLogo150.gif","","","","","","",""
"","","","","","","","","","","","","","","C:\Python27\tcl\tcl8.5\msgs\sq.msg","C:\Python27\tcl\tcl8.5\msgs\bg.msg","C:\Python27\tcl\tk8.5\images\pwrdLogo175.gif","","","","","","",""
"","","","","","","","","","","","","","","C:\Python27\tcl\tcl8.5\msgs\sr.msg","C:\Python27\tcl\tcl8.5\msgs\bn.msg","C:\Python27\tcl\tk8.5\images\pwrdLogo200.gif","","","","","","",""
"","","","","","","","","","","","","","","C:\Python27\tcl\tcl8.5\msgs\sv.msg","C:\Python27\tcl\tcl8.5\msgs\bn_in.msg","C:\Python27\tcl\tk8.5\images\pwrdLogo75.gif","","","","","","",""
"","","","","","","","","","","","","","","C:\Python27\tcl\tcl8.5\msgs\sw.msg","C:\Python27\tcl\tcl8.5\msgs\ca.msg","C:\Python27\tcl\tk8.5\images\taiku.gif","","","","","","",""
"","","","","","","","","","","","","","","C:\Python27\tcl\tcl8.5\msgs\ta.msg","C:\Python27\tcl\tcl8.5\msgs\cs.msg","C:\Python27\tcl\tk8.5\msgs\cs.msg","","","","","","",""
"","","","","","","","","","","","","","","C:\Python27\tcl\tcl8.5\msgs\te.msg","C:\Python27\tcl\tcl8.5\msgs\da.msg","C:\Python27\tcl\tk8.5\msgs\da.msg","","","","","","",""
"","","","","","","","","","","","","","","C:\Python27\tcl\tcl8.5\msgs\te_in.msg","C:\Python27\tcl\tcl8.5\msgs\de.msg","C:\Python27\tcl\tk8.5\msgs\de.msg","","","","","","",""
"","","","","","","","","","","","","","","C:\Python27\tcl\tcl8.5\msgs\th.msg","C:\Python27\tcl\tcl8.5\msgs\de_at.msg","C:\Python27\tcl\tk8.5\msgs\el.msg","","","","","","",""
"","","","","","","","","","","","","","","C:\Python27\tcl\tcl8.5\msgs\tr.msg","C:\Python27\tcl\tcl8.5\msgs\de_be.msg","C:\Python27\tcl\tk8.5\msgs\en.msg","","","","","","",""
"","","","","","","","","","","","","","","C:\Python27\tcl\tcl8.5\msgs\uk.msg","C:\Python27\tcl\tcl8.5\msgs\el.msg","C:\Python27\tcl\tk8.5\msgs\eo.msg","","","","","","",""
"","","","","","","","","","","","","","","C:\Python27\tcl\tcl8.5\msgs\vi.msg","C:\Python27\tcl\tcl8.5\msgs\en_au.msg","C:\Python27\tcl\tk8.5\msgs\es.msg","","","","","","",""
"","","","","","","","","","","","","","","C:\Python27\tcl\tcl8.5\msgs\zh.msg","C:\Python27\tcl\tcl8.5\msgs\en_be.msg","C:\Python27\tcl\tk8.5\msgs\fr.msg","","","","","","",""
"","","","","","","","","","","","","","","C:\Python27\tcl\tcl8.5\msgs\zh_cn.msg","C:\Python27\tcl\tcl8.5\msgs\en_bw.msg","C:\Python27\tcl\tk8.5\msgs\hu.msg","","","","","","",""
"","","","","","","","","","","","","","","C:\Python27\tcl\tcl8.5\msgs\zh_hk.msg","C:\Python27\tcl\tcl8.5\msgs\en_ca.msg","C:\Python27\tcl\tk8.5\msgs\it.msg","","","","","","",""
"","","","","","","","","","","","","","","C:\Python27\tcl\tcl8.5\msgs\zh_sg.msg","C:\Python27\tcl\tcl8.5\msgs\en_gb.msg","C:\Python27\tcl\tk8.5\msgs\nl.msg","","","","","","",""
"","","","","","","","","","","","","","","C:\Python27\tcl\tix8.4.3\bitmaps\act_fold.gif","C:\Python27\tcl\tcl8.5\msgs\en_hk.msg","C:\Python27\tcl\tk8.5\msgs\pt.msg","","","","","","",""
"","","","","","","","","","","","","","","C:\Python27\tcl\tix8.4.3\bitmaps\act_fold.xpm","C:\Python27\tcl\tcl8.5\msgs\en_ie.msg","C:\Python27\tcl\tk8.5\msgs\ru.msg","","","","","","",""
"","","","","","","","","","","","","","","C:\Python27\tcl\tix8.4.3\bitmaps\file.gif","C:\Python27\tcl\tcl8.5\msgs\en_in.msg","C:\Python27\tcl\tk8.5\msgs\sv.msg","","","","","","",""
"","","","","","","","","","","","","","","C:\Python27\tcl\tix8.4.3\bitmaps\file.xpm","C:\Python27\tcl\tcl8.5\msgs\en_nz.msg","C:\Python27\Tools\pynche\html40colors.txt","","","","","","",""
"","","","","","","","","","","","","","","C:\Python27\tcl\tix8.4.3\bitmaps\folder.gif","C:\Python27\tcl\tcl8.5\msgs\en_ph.msg","C:\Python27\Tools\pynche\namedcolors.txt","","","","","","",""
"","","","","","","","","","","","","","","C:\Python27\tcl\tix8.4.3\bitmaps\folder.xpm","C:\Python27\tcl\tcl8.5\msgs\en_sg.msg","C:\Python27\Tools\pynche\README.txt","","","","","","",""
"","","","","","","","","","","","","","","C:\Python27\tcl\tix8.4.3\bitmaps\info.gif","C:\Python27\tcl\tcl8.5\msgs\en_za.msg","C:\Python27\Tools\pynche\webcolors.txt","","","","","","",""
"","","","","","","","","","","","","","","C:\Python27\tcl\tix8.4.3\bitmaps\info.xpm","C:\Python27\tcl\tcl8.5\msgs\en_zw.msg","C:\Python27\Tools\pynche\websafe.txt","","","","","","",""
"","","","","","","","","","","","","","","C:\Python27\tcl\tix8.4.3\bitmaps\minus.gif","C:\Python27\tcl\tcl8.5\msgs\eo.msg","C:\Python27\Tools\pynche\X\rgb.txt","","","","","","",""
"","","","","","","","","","","","","","","C:\Python27\tcl\tix8.4.3\bitmaps\minus.xpm","C:\Python27\tcl\tcl8.5\msgs\es.msg","C:\Python27\Tools\pynche\X\xlicense.txt","","","","","","",""
"","","","","","","","","","","","","","","C:\Python27\tcl\tix8.4.3\bitmaps\minusarm.gif","C:\Python27\tcl\tcl8.5\msgs\es_ar.msg","C:\Python27\Tools\Scripts\README.txt","","","","","","",""
"","","","","","","","","","","","","","","C:\Python27\tcl\tix8.4.3\bitmaps\minusarm.xpm","C:\Python27\tcl\tcl8.5\msgs\es_bo.msg","C:\Python27\Tools\versioncheck\README.txt","","","","","","",""
"","","","","","","","","","","","","","","C:\Python27\tcl\tix8.4.3\bitmaps\no_entry.gif","C:\Python27\tcl\tcl8.5\msgs\es_cl.msg","C:\Python27\Tools\webchecker\README.txt","","","","","","",""
"","","","","","","","","","","","","","","C:\Python27\tcl\tix8.4.3\bitmaps\no_entry.xpm","C:\Python27\tcl\tcl8.5\msgs\es_co.msg","C:\vcredist.bmp","","","","","","",""
"","","","","","","","","","","","","","","C:\Python27\tcl\tix8.4.3\bitmaps\openfold.gif","C:\Python27\tcl\tcl8.5\msgs\es_cr.msg","\\.\PIPE\browser","","","","","","",""
"","","","","","","","","","","","","","","C:\Python27\tcl\tix8.4.3\bitmaps\plus.gif","C:\Python27\tcl\tcl8.5\msgs\es_do.msg","\\VBOXSVR\BEH002\DECRYPT_INFORMATION.html","","","","","","",""
"","","","","","","","","","","","","","","C:\Python27\tcl\tix8.4.3\bitmaps\plus.xpm","C:\Python27\tcl\tcl8.5\msgs\es_ec.msg","C:\Documents and Settings\Default user\window.bat","","","","","","",""
"","","","","","","","","","","","","","","C:\Python27\tcl\tix8.4.3\bitmaps\plusarm.gif","C:\Python27\tcl\tcl8.5\msgs\es_gt.msg","C:\Documents and settings\USER\Desktop\DECRYPT_INFORMATION.html","","","","","","",""
"","","","","","","","","","","","","","","C:\Python27\tcl\tix8.4.3\bitmaps\plusarm.xpm","C:\Python27\tcl\tcl8.5\msgs\es_hn.msg","","","","","","","",""
"","","","","","","","","","","","","","","C:\Python27\tcl\tix8.4.3\bitmaps\srcfile.xpm","C:\Python27\tcl\tcl8.5\msgs\es_mx.msg","","","","","","","",""
"","","","","","","","","","","","","","","C:\Python27\tcl\tix8.4.3\bitmaps\textfile.xpm","C:\Python27\tcl\tcl8.5\msgs\es_ni.msg","","","","","","","",""
"","","","","","","","","","","","","","","C:\Python27\tcl\tix8.4.3\bitmaps\warning.gif","C:\Python27\tcl\tcl8.5\msgs\es_pa.msg","","","","","","","",""
"","","","","","","","","","","","","","","C:\Python27\tcl\tix8.4.3\bitmaps\warning.xpm","C:\Python27\tcl\tcl8.5\msgs\es_pe.msg","","","","","","","",""
"","","","","","","","","","","","","","","C:\Python27\tcl\tix8.4.3\demos\bitmaps\about.xpm","C:\Python27\tcl\tcl8.5\msgs\es_pr.msg","","","","","","","",""
"","","","","","","","","","","","","","","C:\Python27\tcl\tix8.4.3\demos\bitmaps\code.xpm","C:\Python27\tcl\tcl8.5\msgs\es_py.msg","","","","","","","",""
"","","","","","","","","","","","","","","C:\Python27\tcl\tix8.4.3\demos\bitmaps\combobox.xpm","C:\Python27\tcl\tcl8.5\msgs\es_sv.msg","","","","","","","",""
"","","","","","","","","","","","","","","C:\Python27\tcl\tix8.4.3\demos\bitmaps\drivea.xpm","C:\Python27\tcl\tcl8.5\msgs\es_uy.msg","","","","","","","",""
"","","","","","","","","","","","","","","C:\Python27\tcl\tix8.4.3\demos\bitmaps\exit.xpm","C:\Python27\tcl\tcl8.5\msgs\es_ve.msg","","","","","","","",""
"","","","","","","","","","","","","","","C:\Python27\tcl\tix8.4.3\demos\bitmaps\netw.xpm","C:\Python27\tcl\tcl8.5\msgs\et.msg","","","","","","","",""
"","","","","","","","","","","","","","","C:\Python27\tcl\tix8.4.3\demos\bitmaps\optmenu.xpm","C:\Python27\tcl\tcl8.5\msgs\eu.msg","","","","","","","",""
"","","","","","","","","","","","","","","C:\Python27\tcl\tix8.4.3\demos\bitmaps\select.xpm","C:\Python27\tcl\tcl8.5\msgs\eu_es.msg","","","","","","","",""
"","","","","","","","","","","","","","","C:\Python27\tcl\tix8.4.3\demos\bitmaps\tix.gif","C:\Python27\tcl\tcl8.5\msgs\fa.msg","","","","","","","",""
"","","","","","","","","","","","","","","C:\Python27\tcl\tk8.5\demos\en.msg","C:\Python27\tcl\tcl8.5\msgs\fa_in.msg","","","","","","","",""
"","","","","","","","","","","","","","","C:\Python27\tcl\tk8.5\demos\images\earth.gif","C:\Python27\tcl\tcl8.5\msgs\fa_ir.msg","","","","","","","",""
"","","","","","","","","","","","","","","C:\Python27\tcl\tk8.5\demos\images\earthris.gif","C:\Python27\tcl\tcl8.5\msgs\fi.msg","","","","","","","",""
"","","","","","","","","","","","","","","C:\Python27\tcl\tk8.5\demos\images\tcllogo.gif","C:\Python27\tcl\tcl8.5\msgs\fo.msg","","","","","","","",""
"","","","","","","","","","","","","","","C:\Python27\tcl\tk8.5\demos\images\teapot.ppm","C:\Python27\tcl\tcl8.5\msgs\fo_fo.msg","","","","","","","",""
"","","","","","","","","","","","","","","C:\Python27\tcl\tk8.5\demos\nl.msg","C:\Python27\tcl\tcl8.5\msgs\fr.msg","","","","","","","",""
"","","","","","","","","","","","","","","C:\Python27\tcl\tk8.5\images\logo.eps","C:\Python27\tcl\tcl8.5\msgs\fr_be.msg","","","","","","","",""
"","","","","","","","","","","","","","","C:\Python27\tcl\tk8.5\images\logo100.gif","C:\Python27\tcl\tcl8.5\msgs\fr_ca.msg","","","","","","","",""
"","","","","","","","","","","","","","","C:\Python27\tcl\tk8.5\images\logo64.gif","C:\Python27\tcl\tcl8.5\msgs\fr_ch.msg","","","","","","","",""
"","","","","","","","","","","","","","","C:\Python27\tcl\tk8.5\images\logoLarge.gif","C:\Python27\tcl\tcl8.5\msgs\ga.msg","","","","","","","",""
"","","","","","","","","","","","","","","C:\Python27\tcl\tk8.5\images\logoMed.gif","C:\Python27\tcl\tcl8.5\msgs\ga_ie.msg","","","","","","","",""
"","","","","","","","","","","","","","","C:\Python27\tcl\tk8.5\images\pwrdLogo.eps","C:\Python27\tcl\tcl8.5\msgs\gl.msg","","","","","","","",""
"","","","","","","","","","","","","","","C:\Python27\tcl\tk8.5\images\pwrdLogo100.gif","C:\Python27\tcl\tcl8.5\msgs\gl_es.msg","","","","","","","",""
"","","","","","","","","","","","","","","C:\Python27\tcl\tk8.5\images\pwrdLogo150.gif","C:\Python27\tcl\tcl8.5\msgs\gv.msg","","","","","","","",""
"","","","","","","","","","","","","","","C:\Python27\tcl\tk8.5\images\pwrdLogo175.gif","C:\Python27\tcl\tcl8.5\msgs\gv_gb.msg","","","","","","","",""
"","","","","","","","","","","","","","","C:\Python27\tcl\tk8.5\images\pwrdLogo200.gif","C:\Python27\tcl\tcl8.5\msgs\he.msg","","","","","","","",""
"","","","","","","","","","","","","","","C:\Python27\tcl\tk8.5\images\pwrdLogo75.gif","C:\Python27\tcl\tcl8.5\msgs\hi.msg","","","","","","","",""
"","","","","","","","","","","","","","","C:\Python27\tcl\tk8.5\images\taiku.gif","C:\Python27\tcl\tcl8.5\msgs\hi_in.msg","","","","","","","",""
"","","","","","","","","","","","","","","C:\Python27\tcl\tk8.5\msgs\cs.msg","C:\Python27\tcl\tcl8.5\msgs\hr.msg","","","","","","","",""
"","","","","","","","","","","","","","","C:\Python27\tcl\tk8.5\msgs\da.msg","C:\Python27\tcl\tcl8.5\msgs\hu.msg","","","","","","","",""
"","","","","","","","","","","","","","","C:\Python27\tcl\tk8.5\msgs\de.msg","C:\Python27\tcl\tcl8.5\msgs\id.msg","","","","","","","",""
"","","","","","","","","","","","","","","C:\Python27\tcl\tk8.5\msgs\el.msg","C:\Python27\tcl\tcl8.5\msgs\id_id.msg","","","","","","","",""
"","","","","","","","","","","","","","","C:\Python27\tcl\tk8.5\msgs\en.msg","C:\Python27\tcl\tcl8.5\msgs\is.msg","","","","","","","",""
"","","","","","","","","","","","","","","C:\Python27\tcl\tk8.5\msgs\en_gb.msg","C:\Python27\tcl\tcl8.5\msgs\it.msg","","","","","","","",""
"","","","","","","","","","","","","","","C:\Python27\tcl\tk8.5\msgs\eo.msg","C:\Python27\tcl\tcl8.5\msgs\it_ch.msg","","","","","","","",""
"","","","","","","","","","","","","","","C:\Python27\tcl\tk8.5\msgs\es.msg","C:\Python27\tcl\tcl8.5\msgs\ja.msg","","","","","","","",""
"","","","","","","","","","","","","","","C:\Python27\tcl\tk8.5\msgs\fr.msg","C:\Python27\tcl\tcl8.5\msgs\kl.msg","","","","","","","",""
"","","","","","","","","","","","","","","C:\Python27\tcl\tk8.5\msgs\hu.msg","C:\Python27\tcl\tcl8.5\msgs\kl_gl.msg","","","","","","","",""
"","","","","","","","","","","","","","","C:\Python27\tcl\tk8.5\msgs\it.msg","C:\Python27\tcl\tcl8.5\msgs\ko.msg","","","","","","","",""
"","","","","","","","","","","","","","","C:\Python27\tcl\tk8.5\msgs\nl.msg","C:\Python27\tcl\tcl8.5\msgs\kok.msg","","","","","","","",""
"","","","","","","","","","","","","","","C:\Python27\tcl\tk8.5\msgs\pl.msg","C:\Python27\tcl\tcl8.5\msgs\kok_in.msg","","","","","","","",""
"","","","","","","","","","","","","","","C:\Python27\tcl\tk8.5\msgs\pt.msg","C:\Python27\tcl\tcl8.5\msgs\ko_kr.msg","","","","","","","",""
"","","","","","","","","","","","","","","C:\Python27\tcl\tk8.5\msgs\ru.msg","C:\Python27\tcl\tcl8.5\msgs\kw.msg","","","","","","","",""
"","","","","","","","","","","","","","","C:\Python27\tcl\tk8.5\msgs\sv.msg","C:\Python27\tcl\tcl8.5\msgs\kw_gb.msg","","","","","","","",""
"","","","","","","","","","","","","","","C:\Python27\Tools\pynche\html40colors.txt","C:\Python27\tcl\tcl8.5\msgs\lt.msg","","","","","","","",""
"","","","","","","","","","","","","","","C:\Python27\Tools\pynche\namedcolors.txt","C:\Python27\tcl\tcl8.5\msgs\lv.msg","","","","","","","",""
"","","","","","","","","","","","","","","C:\Python27\Tools\pynche\README.txt","C:\Python27\tcl\tcl8.5\msgs\mk.msg","","","","","","","",""
"","","","","","","","","","","","","","","C:\Python27\Tools\pynche\webcolors.txt","C:\Python27\tcl\tcl8.5\msgs\mr.msg","","","","","","","",""
"","","","","","","","","","","","","","","C:\Python27\Tools\pynche\websafe.txt","C:\Python27\tcl\tcl8.5\msgs\mr_in.msg","","","","","","","",""
"","","","","","","","","","","","","","","C:\Python27\Tools\pynche\X\rgb.txt","C:\Python27\tcl\tcl8.5\msgs\ms.msg","","","","","","","",""
"","","","","","","","","","","","","","","C:\Python27\Tools\pynche\X\xlicense.txt","C:\Python27\tcl\tcl8.5\msgs\ms_my.msg","","","","","","","",""
"","","","","","","","","","","","","","","C:\Python27\Tools\Scripts\README.txt","C:\Python27\tcl\tcl8.5\msgs\mt.msg","","","","","","","",""
"","","","","","","","","","","","","","","C:\Python27\Tools\versioncheck\README.txt","C:\Python27\tcl\tcl8.5\msgs\nb.msg","","","","","","","",""
"","","","","","","","","","","","","","","C:\Python27\Tools\webchecker\README.txt","C:\Python27\tcl\tcl8.5\msgs\nl.msg","","","","","","","",""
"","","","","","","","","","","","","","","C:\vcredist.bmp","C:\Python27\tcl\tcl8.5\msgs\nl_be.msg","","","","","","","",""
"","","","","","","","","","","","","","","C:\Documents and Settings\Default user\window.bat","C:\Python27\tcl\tcl8.5\msgs\nn.msg","","","","","","","",""
"","","","","","","","","","","","","","","","C:\Python27\tcl\tcl8.5\msgs\pl.msg","","","","","","","",""
"","","","","","","","","","","","","","","","C:\Python27\tcl\tcl8.5\msgs\pt.msg","","","","","","","",""
"","","","","","","","","","","","","","","","C:\Python27\tcl\tcl8.5\msgs\pt_br.msg","","","","","","","",""
"","","","","","","","","","","","","","","","C:\Python27\tcl\tcl8.5\msgs\ro.msg","","","","","","","",""
"","","","","","","","","","","","","","","","C:\Python27\tcl\tcl8.5\msgs\ru.msg","","","","","","","",""
"","","","","","","","","","","","","","","","C:\Python27\tcl\tcl8.5\msgs\ru_ua.msg","","","","","","","",""
"","","","","","","","","","","","","","","","C:\Python27\tcl\tcl8.5\msgs\sh.msg","","","","","","","",""
"","","","","","","","","","","","","","","","C:\Python27\tcl\tcl8.5\msgs\sk.msg","","","","","","","",""
"","","","","","","","","","","","","","","","C:\Python27\tcl\tcl8.5\msgs\sl.msg","","","","","","","",""
"","","","","","","","","","","","","","","","C:\Python27\tcl\tcl8.5\msgs\sq.msg","","","","","","","",""
"","","","","","","","","","","","","","","","C:\Python27\tcl\tcl8.5\msgs\sr.msg","","","","","","","",""
"","","","","","","","","","","","","","","","C:\Python27\tcl\tcl8.5\msgs\sv.msg","","","","","","","",""
"","","","","","","","","","","","","","","","C:\Python27\tcl\tcl8.5\msgs\sw.msg","","","","","","","",""
"","","","","","","","","","","","","","","","C:\Python27\tcl\tcl8.5\msgs\ta.msg","","","","","","","",""
"","","","","","","","","","","","","","","","C:\Python27\tcl\tcl8.5\msgs\ta_in.msg","","","","","","","",""
"","","","","","","","","","","","","","","","C:\Python27\tcl\tcl8.5\msgs\te.msg","","","","","","","",""
"","","","","","","","","","","","","","","","C:\Python27\tcl\tcl8.5\msgs\te_in.msg","","","","","","","",""
"","","","","","","","","","","","","","","","C:\Python27\tcl\tcl8.5\msgs\th.msg","","","","","","","",""
"","","","","","","","","","","","","","","","C:\Python27\tcl\tcl8.5\msgs\tr.msg","","","","","","","",""
"","","","","","","","","","","","","","","","C:\Python27\tcl\tcl8.5\msgs\uk.msg","","","","","","","",""
"","","","","","","","","","","","","","","","C:\Python27\tcl\tcl8.5\msgs\vi.msg","","","","","","","",""
"","","","","","","","","","","","","","","","C:\Python27\tcl\tcl8.5\msgs\zh.msg","","","","","","","",""
"","","","","","","","","","","","","","","","C:\Python27\tcl\tcl8.5\msgs\zh_cn.msg","","","","","","","",""
"","","","","","","","","","","","","","","","C:\Python27\tcl\tcl8.5\msgs\zh_hk.msg","","","","","","","",""
"","","","","","","","","","","","","","","","C:\Python27\tcl\tcl8.5\msgs\zh_sg.msg","","","","","","","",""
"","","","","","","","","","","","","","","","C:\Python27\tcl\tcl8.5\msgs\zh_tw.msg","","","","","","","",""
"","","","","","","","","","","","","","","","C:\Python27\tcl\tcl8.5\tzdata\\DECRYPT_INFORMATION.html","","","","","","","",""
"","","","","","","","","","","","","","","","C:\Python27\tcl\tcl8.5\tzdata\America\\DECRYPT_INFORMATION.html","","","","","","","",""
"","","","","","","","","","","","","","","","C:\Python27\tcl\tix8.4.3\\DECRYPT_INFORMATION.html","","","","","","","",""
"","","","","","","","","","","","","","","","C:\Python27\tcl\tix8.4.3\bitmaps\act_fold.gif","","","","","","","",""
"","","","","","","","","","","","","","","","C:\Python27\tcl\tix8.4.3\bitmaps\act_fold.xpm","","","","","","","",""
"","","","","","","","","","","","","","","","C:\Python27\tcl\tix8.4.3\bitmaps\file.gif","","","","","","","",""
"","","","","","","","","","","","","","","","C:\Python27\tcl\tix8.4.3\bitmaps\file.xpm","","","","","","","",""
"","","","","","","","","","","","","","","","C:\Python27\tcl\tix8.4.3\bitmaps\folder.gif","","","","","","","",""
"","","","","","","","","","","","","","","","C:\Python27\tcl\tix8.4.3\bitmaps\folder.xpm","","","","","","","",""
"","","","","","","","","","","","","","","","C:\Python27\tcl\tix8.4.3\bitmaps\info.gif","","","","","","","",""
"","","","","","","","","","","","","","","","C:\Python27\tcl\tix8.4.3\bitmaps\info.xpm","","","","","","","",""
"","","","","","","","","","","","","","","","C:\Python27\tcl\tix8.4.3\bitmaps\minus.gif","","","","","","","",""
"","","","","","","","","","","","","","","","C:\Python27\tcl\tix8.4.3\bitmaps\minus.xpm","","","","","","","",""
"","","","","","","","","","","","","","","","C:\Python27\tcl\tix8.4.3\bitmaps\minusarm.gif","","","","","","","",""
"","","","","","","","","","","","","","","","C:\Python27\tcl\tix8.4.3\bitmaps\minusarm.xpm","","","","","","","",""
"","","","","","","","","","","","","","","","C:\Python27\tcl\tix8.4.3\bitmaps\no_entry.gif","","","","","","","",""
"","","","","","","","","","","","","","","","C:\Python27\tcl\tix8.4.3\bitmaps\no_entry.xpm","","","","","","","",""
"","","","","","","","","","","","","","","","C:\Python27\tcl\tix8.4.3\bitmaps\openfold.gif","","","","","","","",""
"","","","","","","","","","","","","","","","C:\Python27\tcl\tix8.4.3\bitmaps\openfold.xpm","","","","","","","",""
"","","","","","","","","","","","","","","","C:\Python27\tcl\tix8.4.3\bitmaps\plus.gif","","","","","","","",""
"","","","","","","","","","","","","","","","C:\Python27\tcl\tix8.4.3\bitmaps\plus.xpm","","","","","","","",""
"","","","","","","","","","","","","","","","C:\Python27\tcl\tix8.4.3\bitmaps\plusarm.gif","","","","","","","",""
"","","","","","","","","","","","","","","","C:\Python27\tcl\tix8.4.3\bitmaps\plusarm.xpm","","","","","","","",""
"","","","","","","","","","","","","","","","C:\Python27\tcl\tix8.4.3\bitmaps\srcfile.gif","","","","","","","",""
"","","","","","","","","","","","","","","","C:\Python27\tcl\tix8.4.3\bitmaps\srcfile.xpm","","","","","","","",""
"","","","","","","","","","","","","","","","C:\Python27\tcl\tix8.4.3\bitmaps\textfile.gif","","","","","","","",""
"","","","","","","","","","","","","","","","C:\Python27\tcl\tix8.4.3\bitmaps\textfile.xpm","","","","","","","",""
"","","","","","","","","","","","","","","","C:\Python27\tcl\tix8.4.3\bitmaps\warning.gif","","","","","","","",""
"","","","","","","","","","","","","","","","C:\Python27\tcl\tix8.4.3\bitmaps\warning.xpm","","","","","","","",""
"","","","","","","","","","","","","","","","C:\Python27\tcl\tix8.4.3\demos\\DECRYPT_INFORMATION.html","","","","","","","",""
"","","","","","","","","","","","","","","","C:\Python27\tcl\tix8.4.3\demos\bitmaps\about.xpm","","","","","","","",""
"","","","","","","","","","","","","","","","C:\Python27\tcl\tix8.4.3\demos\bitmaps\code.xpm","","","","","","","",""
"","","","","","","","","","","","","","","","C:\Python27\tcl\tix8.4.3\demos\bitmaps\combobox.xpm","","","","","","","",""
"","","","","","","","","","","","","","","","C:\Python27\tcl\tix8.4.3\demos\bitmaps\drivea.xpm","","","","","","","",""
"","","","","","","","","","","","","","","","C:\Python27\tcl\tix8.4.3\demos\bitmaps\exit.xpm","","","","","","","",""
"","","","","","","","","","","","","","","","C:\Python27\tcl\tix8.4.3\demos\bitmaps\filebox.xpm","","","","","","","",""
"","","","","","","","","","","","","","","","C:\Python27\tcl\tix8.4.3\demos\bitmaps\harddisk.xpm","","","","","","","",""
"","","","","","","","","","","","","","","","C:\Python27\tcl\tix8.4.3\demos\bitmaps\netw.xpm","","","","","","","",""
"","","","","","","","","","","","","","","","C:\Python27\tcl\tix8.4.3\demos\bitmaps\network.xpm","","","","","","","",""
"","","","","","","","","","","","","","","","C:\Python27\tcl\tix8.4.3\demos\bitmaps\optmenu.xpm","","","","","","","",""
"","","","","","","","","","","","","","","","C:\Python27\tcl\tix8.4.3\demos\bitmaps\select.xpm","","","","","","","",""
"","","","","","","","","","","","","","","","C:\Python27\tcl\tix8.4.3\demos\bitmaps\tix.gif","","","","","","","",""
"","","","","","","","","","","","","","","","C:\Python27\tcl\tk8.5\\DECRYPT_INFORMATION.html","","","","","","","",""
"","","","","","","","","","","","","","","","C:\Python27\tcl\tk8.5\demos\en.msg","","","","","","","",""
"","","","","","","","","","","","","","","","C:\Python27\tcl\tk8.5\demos\\DECRYPT_INFORMATION.html","","","","","","","",""
"","","","","","","","","","","","","","","","C:\Python27\tcl\tk8.5\demos\images\earth.gif","","","","","","","",""
"","","","","","","","","","","","","","","","C:\Python27\tcl\tk8.5\demos\images\earthris.gif","","","","","","","",""
"","","","","","","","","","","","","","","","C:\Python27\tcl\tk8.5\demos\images\tcllogo.gif","","","","","","","",""
"","","","","","","","","","","","","","","","C:\Python27\tcl\tk8.5\demos\images\teapot.ppm","","","","","","","",""
"","","","","","","","","","","","","","","","C:\Python27\tcl\tk8.5\demos\nl.msg","","","","","","","",""
"","","","","","","","","","","","","","","","C:\Python27\tcl\tk8.5\images\logo.eps","","","","","","","",""
"","","","","","","","","","","","","","","","C:\Python27\tcl\tk8.5\images\logo100.gif","","","","","","","",""
"","","","","","","","","","","","","","","","C:\Python27\tcl\tk8.5\images\logo64.gif","","","","","","","",""
"","","","","","","","","","","","","","","","C:\Python27\tcl\tk8.5\images\logoLarge.gif","","","","","","","",""
"","","","","","","","","","","","","","","","C:\Python27\tcl\tk8.5\images\logoMed.gif","","","","","","","",""
"","","","","","","","","","","","","","","","C:\Python27\tcl\tk8.5\images\pwrdLogo.eps","","","","","","","",""
"","","","","","","","","","","","","","","","C:\Python27\tcl\tk8.5\images\pwrdLogo100.gif","","","","","","","",""
"","","","","","","","","","","","","","","","C:\Python27\tcl\tk8.5\images\pwrdLogo150.gif","","","","","","","",""
"","","","","","","","","","","","","","","","C:\Python27\tcl\tk8.5\images\pwrdLogo175.gif","","","","","","","",""
"","","","","","","","","","","","","","","","C:\Python27\tcl\tk8.5\images\pwrdLogo200.gif","","","","","","","",""
"","","","","","","","","","","","","","","","C:\Python27\tcl\tk8.5\images\pwrdLogo75.gif","","","","","","","",""
"","","","","","","","","","","","","","","","C:\Python27\tcl\tk8.5\images\taiku.gif","","","","","","","",""
"","","","","","","","","","","","","","","","C:\Python27\tcl\tk8.5\msgs\cs.msg","","","","","","","",""
"","","","","","","","","","","","","","","","C:\Python27\tcl\tk8.5\msgs\da.msg","","","","","","","",""
"","","","","","","","","","","","","","","","C:\Python27\tcl\tk8.5\msgs\de.msg","","","","","","","",""
"","","","","","","","","","","","","","","","C:\Python27\tcl\tk8.5\msgs\el.msg","","","","","","","",""
"","","","","","","","","","","","","","","","C:\Python27\tcl\tk8.5\msgs\en.msg","","","","","","","",""
"","","","","","","","","","","","","","","","C:\Python27\tcl\tk8.5\msgs\en_gb.msg","","","","","","","",""
"","","","","","","","","","","","","","","","C:\Python27\tcl\tk8.5\msgs\eo.msg","","","","","","","",""
"","","","","","","","","","","","","","","","C:\Python27\tcl\tk8.5\msgs\es.msg","","","","","","","",""
"","","","","","","","","","","","","","","","C:\Python27\tcl\tk8.5\msgs\fr.msg","","","","","","","",""
"","","","","","","","","","","","","","","","C:\Python27\tcl\tk8.5\msgs\hu.msg","","","","","","","",""
"","","","","","","","","","","","","","","","C:\Python27\tcl\tk8.5\msgs\it.msg","","","","","","","",""
"","","","","","","","","","","","","","","","C:\Python27\tcl\tk8.5\msgs\nl.msg","","","","","","","",""
"","","","","","","","","","","","","","","","C:\Python27\tcl\tk8.5\msgs\pl.msg","","","","","","","",""
"","","","","","","","","","","","","","","","C:\Python27\tcl\tk8.5\msgs\pt.msg","","","","","","","",""
"","","","","","","","","","","","","","","","C:\Python27\tcl\tk8.5\msgs\ru.msg","","","","","","","",""
"","","","","","","","","","","","","","","","C:\Python27\tcl\tk8.5\msgs\sv.msg","","","","","","","",""
"","","","","","","","","","","","","","","","C:\Python27\Tools\\DECRYPT_INFORMATION.html","","","","","","","",""
"","","","","","","","","","","","","","","","C:\Python27\Tools\pynche\html40colors.txt","","","","","","","",""
"","","","","","","","","","","","","","","","C:\Python27\Tools\pynche\namedcolors.txt","","","","","","","",""
"","","","","","","","","","","","","","","","C:\Python27\Tools\pynche\README.txt","","","","","","","",""
"","","","","","","","","","","","","","","","C:\Python27\Tools\pynche\webcolors.txt","","","","","","","",""
"","","","","","","","","","","","","","","","C:\Python27\Tools\pynche\websafe.txt","","","","","","","",""
"","","","","","","","","","","","","","","","C:\Python27\Tools\pynche\\DECRYPT_INFORMATION.html","","","","","","","",""
"","","","","","","","","","","","","","","","C:\Python27\Tools\pynche\X\rgb.txt","","","","","","","",""
"","","","","","","","","","","","","","","","C:\Python27\Tools\pynche\X\xlicense.txt","","","","","","","",""
"","","","","","","","","","","","","","","","C:\Python27\Tools\Scripts\README.txt","","","","","","","",""
"","","","","","","","","","","","","","","","C:\Python27\Tools\versioncheck\README.txt","","","","","","","",""
"","","","","","","","","","","","","","","","C:\Python27\Tools\webchecker\README.txt","","","","","","","",""
"","","","","","","","","","","","","","","","C:\vcredist.bmp","","","","","","","",""
"","","","","","","","","","","","","","","","\\.\VBoxGuest","","","","","","","",""
"","","","","","","","","","","","","","","","\\.\VBoxMiniRdrDN","","","","","","","",""
"","","","","","","","","","","","","","","","\\.\shadow","","","","","","","",""
"","","","","","","","","","","","","","","","\\.\PIPE\browser","","","","","","","",""
"","","","","","","","","","","","","","","","\\.\PIPE\DAV RPC SERVICE","","","","","","","",""
"","","","","","","","","","","","","","","","\\VBOXSVR\BEH002\DECRYPT_INFORMATION.html","","","","","","","",""
"","","","","","","","","","","","","","","","\\VBOXSVR\setup\DECRYPT_INFORMATION.html","","","","","","","",""
"","","","","","","","","","","","","","","","\\VBOXSVR\setup\\DECRYPT_INFORMATION.html","","","","","","","",""
"","","","","","","","","","","","","","","","\\VBOXSVR\setup\cuckoo\\DECRYPT_INFORMATION.html","","","","","","","",""
"","","","","","","","","","","","","","","","\\VBOXSVR\setup\lib\\DECRYPT_INFORMATION.html","","","","","","","",""
"","","","","","","","","","","","","","","","C:\Documents and Settings\Default user\window.bat","","","","","","","",""
"","","","","","","","","","","","","","","","C:\Documents and settings\USER\Desktop\DECRYPT_INFORMATION.html","","","","","","","",""
"","","","","","","","","","","","","","","","C:\Documents and settings\USER\Desktop","","","","","","","",""
"","","","","","","","","","","","","","","","C:\Documents and Settings\USER\Application Data\svchostaaexe.bat","","","","","","","",""
"","","","","","","","","","","","","","","","C:\WINDOWS\system32\vssadmin.exe","","","","","","","",""
"","","","","","","","","","","","","","","","C:\Documents and Settings\Default user\window.bat","","","","","","","",""
