"Imports","Runtime_DLL","Reg_Set","Reg_Set_Val","Reg_Set_Type","Reg_Del","Service_Opened","Service_Controlled","Service_Created","Service_Started","Proc_Terminated","Proc_Created","Proc_Injected","Proc_Shellcmds","File_Read","File_Opened","File_Written","File_Replaced","File_Moved_src","File_Moved_dst","File_Copied_src","File_Copied_dst","File_Deleted","oleaut32.dll","gdiplus.dll","version.dll","winmm.dll","gdi32.dll","advapi32.dll","KERNEL32.DLL","msvcrt.dll","wsock32.dll","shell32.dll","crypt32.dll","comctl32.dll","ole32.dll","user32.dll","winspool.drv"
"oleaut32.dll","kernel32.dll","","","","","","","","","","","","","C:\WINDOWS\Registration\R000000000007.clb","\\.\Ip","C:\documents\user\local\Temp\winlogon","","","","C:\e7ef341ad0b17df0b35c191edaa77c0abf2da0d20238cf1e594aa9d0805d3f39","C:\documents\user\local\Temp\rundll32.exe","","VariantChangeType","GdipDrawImageRectRect","VerQueryValueW","timeGetTime","SetDIBits","RegCreateKeyExW","SetThreadLocale","memset","ioctlsocket","Shell_NotifyIconW","CryptUnprotectData","ImageList_BeginDrag","CreateStreamOnHGlobal","MapWindowPoints","ClosePrinter"
"gdiplus.dll","c:\windows\system32\imm32.dll","","","","","","","","","","","","","C:\WINDOWS\system32\wbem\wbemdisp.TLB","C:\WINDOWS\Registration\R000000000007.clb","C:\documents\user\local\Temp\winlogonftp","","","","","","","SafeArrayGetLBound","GdipSetClipPath","GetFileVersionInfoW","","GetTextMetricsW","RegFlushKey","GetStdHandle","memcpy","WSAStartup","SHGetSpecialFolderLocation","","ImageList_GetImageCount","OleUninitialize","GetMessagePos","DocumentPropertiesW"
"version.dll","imm32.dll","","","","","","","","","","","","","C:\e7ef341ad0b17df0b35c191edaa77c0abf2da0d20238cf1e594aa9d0805d3f39","C:\WINDOWS\system32\wbem\wbemdisp.TLB","","","","","","","","SafeArrayGetUBound","GdipAddPathCurve2I","GetFileVersionInfoSizeW","","SetMapMode","OpenProcessToken","WaitForSingleObject","","connect","SHGetPathFromIDListW","","ImageList_SetBkColor","OleDraw","SetWindowRgn","GetDefaultPrinterW"
"winmm.dll","wtsapi32.dll","","","","","","","","","","","","","","\\.\PIPE\lsarpc","","","","","","","","SafeArrayPtrOfIndex","GdipFlush","","","GetWindowOrgEx","RegCloseKey","HeapDestroy","","getsockname","","","ImageList_GetImageInfo","CoInitialize","RedrawWindow","EnumPrintersW"
"gdi32.dll","rpcrt4.dll","","","","","","","","","","","","","","C:\documents\user\local\Temp\winlogon","","","","","","","","SysAllocStringLen","GdipSetClipRect","","","ResizePalette","RegUnLoadKeyW","GetFileAttributesW","","htons","","","FlatSB_SetScrollInfo","OleInitialize","DdeAccessData","OpenPrinterW"
"advapi32.dll","security.dll","","","","","","","","","","","","","","\\.\MountPointManager","","","","","","","","VariantClear","GdipAddPathEllipse","","","GetPaletteEntries","RegDeleteKeyW","VerifyVersionInfoW","","inet_ntoa","","","ImageList_SetImageCount","IsAccelerator","LoadBitmapW",""
"KERNEL32.DLL","olepro32.dll","","","","","","","","","","","","","","C:\documents\user\local\Temp\winlogonftp","","","","","","","","SafeArrayCreate","GdipGetImageAttributesAdjustedPalette","","","CombineRgn","RegSetValueExW","DeleteCriticalSection","","WSAGetLastError","","","FlatSB_GetScrollInfo","CoCreateInstance","EnableScrollBar",""
"msvcrt.dll","uxtheme.dll","","","","","","","","","","","","","","C:\e7ef341ad0b17df0b35c191edaa77c0abf2da0d20238cf1e594aa9d0805d3f39","","","","","","","","SysReAllocStringLen","GdipGetHatchBackgroundColor","","","GetObjectType","RegDeleteValueW","GetCurrentProcess","","WSACancelAsyncRequest","","","ImageList_GetDragImage","CLSIDFromProgID","DestroyMenu",""
"wsock32.dll","ws2_32.dll","","","","","","","","","","","","","","","","","","","","","","VariantCopy","GdipGetGenericFontFamilySansSerif","","","CopyEnhMetaFileW","RegQueryInfoKeyW","LocalAlloc","","gethostname","","","FlatSB_SetScrollProp","OleRegEnumVerbs","PostQuitMessage",""
"shell32.dll","fwpuclnt.dll","","","","","","","","","","","","","","","","","","","","","","GetErrorInfo","GdipTranslateMatrix","","","SetPixel","RegConnectRegistryW","UnhandledExceptionFilter","","WSAAsyncGetHostByName","","","ImageList_Create","CoUninitialize","GetForegroundWindow",""
"crypt32.dll","idndl.dll","","","","","","","","","","","","","","","","","","","","","","SysFreeString","GdipCreateLineBrushFromRectWithAngle","","","EndDoc","RegEnumValueW","SetErrorMode","","closesocket","","","ImageList_DragMove","CoGetClassObject","SetWindowPos",""
"comctl32.dll","normaliz.dll","","","","","","","","","","","","","","","","","","","","","","VariantInit","GdipSetPenBrushFill","","","IntersectClipRect","RegOpenKeyExW","GetLocaleInfoW","","inet_addr","","","ImageList_DrawEx","OleSetMenuDescriptor","DdeDisconnect",""
"ole32.dll","iphlpapi.dll","","","","","","","","","","","","","","","","","","","","","","","GdipFillPolygonI","","","AngleArc","RegEnumKeyExW","WideCharToMultiByte","","send","","","ImageList_SetIconSize","IsEqualGUID","DdeCreateStringHandleA",""
"user32.dll","oleaut32.dll","","","","","","","","","","","","","","","","","","","","","","","GdipSetImageAttributesColorKeys","","","GetTextExtentPointW","AdjustTokenPrivileges","GetDiskFreeSpaceW","","ntohs","","","ImageList_Write","CoTaskMemFree","IsWindow",""
"winspool.drv","clbcatq.dll","","","","","","","","","","","","","","","","","","","","","","","GdipDrawEllipseI","","","CreatePalette","RegSaveKeyW","InterlockedExchange","","gethostbyaddr","","","ImageList_Read","CoTaskMemAlloc","CountClipboardFormats",""
"","sxs.dll","","","","","","","","","","","","","","","","","","","","","","","GdipCombineRegionPath","","","CreateDIBitmap","RegReplaceKeyW","WriteFile","","listen","","","ImageList_Replace","","DispatchMessageA",""
"","c:\windows\system32\mswsock.dll","","","","","","","","","","","","","","","","","","","","","","","GdipDisposeImage","","","GetDIBits","RegLoadKeyW","ResumeThread","","WSAAsyncGetServByName","","","ImageList_SetOverlayImage","","EndPaint",""
"","dnsapi.dll","","","","","","","","","","","","","","","","","","","","","","","GdipResetPath","","","GetEnhMetaFileBits","RegRestoreKeyW","FreeLibrary","","WSACleanup","","","ImageList_Destroy","","WindowFromPoint",""
"","c:\windows\system32\winrnr.dll","","","","","","","","","","","","","","","","","","","","","","","GdipAddPathPie","","","StretchBlt","LookupPrivilegeValueW","LocalFree","","gethostbyname","","","_TrackMouseEvent","","DrawIcon",""
"","rasadhlp.dll","","","","","","","","","","","","","","","","","","","","","","","GdipCreatePath2","","","StretchDIBits","GetUserNameW","FormatMessageW","","getpeername","","","ImageList_Draw","","GetMessageTime",""
"","ole32","","","","","","","","","","","","","","","","","","","","","","","GdipSetLineGammaCorrection","","","ArcTo","RegQueryValueExW","GetThreadPriority","","WSAAsyncSelect","","","ImageList_GetIconSize","","VkKeyScanW",""
"","ole32.dll","","","","","","","","","","","","","","","","","","","","","","","GdipSaveAddImage","","","Pie","","InitializeCriticalSection","","recv","","","ImageList_DragLeave","","SetMenuItemInfoW",""
"","secur32.dll","","","","","","","","","","","","","","","","","","","","","","","GdipGetTextRenderingHint","","","Arc","","LoadResource","","socket","","","ImageList_GetBkColor","","SetActiveWindow",""
"","hnetcfg.dll","","","","","","","","","","","","","","","","","","","","","","","GdipSetImageAttributesGamma","","","SetBkColor","","GlobalHandle","","bind","","","ImageList_GetIcon","","GetMenuItemID",""
"","c:\windows\system32\wshtcpip.dll","","","","","","","","","","","","","","","","","","","","","","","GdipDrawImageI","","","SetWinMetaFileBits","","EnumCalendarInfoW","","getservbyname","","","FlatSB_SetScrollPos","","GetCursorPos",""
"","setupapi.dll","","","","","","","","","","","","","","","","","","","","","","","GdipScaleTextureTransform","","","SetRectRgn","","FindClose","","","","","ImageList_ReplaceIcon","","ReleaseDC",""
"","shell32.dll","","","","","","","","","","","","","","","","","","","","","","","GdipGetTextureImage","","","GetDIBColorTable","","TlsGetValue","","","","","ImageList_DragEnter","","DdeInitializeA",""
"","","","","","","","","","","","","","","","","","","","","","","","","GdipSetStringFormatAlign","","","DeleteEnhMetaFile","","GetFullPathNameW","","","","","ImageList_Add","","GetDlgCtrlID",""
"","","","","","","","","","","","","","","","","","","","","","","","","GdipGetImageWidth","","","CreateFontIndirectW","","GetCurrentThread","","","","","InitializeFlatSB","","SendMessageW",""
"","","","","","","","","","","","","","","","","","","","","","","","","GdipCreateLineBrushFromRectI","","","SetStretchBltMode","","GetEnvironmentVariableW","","","","","FlatSB_GetScrollPos","","EndMenu",""
"","","","","","","","","","","","","","","","","","","","","","","","","GdipResetImageAttributes","","","EnumFontsW","","SetLastError","","","","","ImageList_DragShowNolock","","SendMessageA",""
"","","","","","","","","","","","","","","","","","","","","","","","","GdipAddPathPolygon","","","GetCurrentPositionEx","","GetUserDefaultUILanguage","","","","","ImageList_Remove","","UnregisterClassW",""
"","","","","","","","","","","","","","","","","","","","","","","","","GdipCreateFont","","","LPtoDP","","GlobalFindAtomW","","","","","ImageList_Copy","","GetClientRect",""
"","","","","","","","","","","","","","","","","","","","","","","","","GdipDeleteRegion","","","GetPixel","","RemoveDirectoryW","","","","","ImageList_LoadImageW","","GetMenuItemInfoW",""
"","","","","","","","","","","","","","","","","","","","","","","","","GdipMultiplyWorldTransform","","","GetBrushOrgEx","","TryEnterCriticalSection","","","","","ImageList_EndDrag","","DefMDIChildProcW",""
"","","","","","","","","","","","","","","","","","","","","","","","","GdipCloneStringFormat","","","ExcludeClipRect","","IsDebuggerPresent","","","","","","","DrawTextW",""
"","","","","","","","","","","","","","","","","","","","","","","","","GdipRotateTextureTransform","","","SetBkMode","","HeapAlloc","","","","","","","DdeFreeStringHandle",""
"","","","","","","","","","","","","","","","","","","","","","","","","GdipDrawBezier","","","BitBlt","","VerSetConditionMask","","","","","","","SetScrollPos",""
"","","","","","","","","","","","","","","","","","","","","","","","","GdipFree","","","CreateEnhMetaFileW","","SetThreadPriority","","","","","","","CallNextHookEx",""
"","","","","","","","","","","","","","","","","","","","","","","","","GdipGetImageRawFormat","","","SetAbortProc","","GetUserDefaultLCID","","","","","","","DdeFreeDataHandle",""
"","","","","","","","","","","","","","","","","","","","","","","","","GdipSetCompositingQuality","","","FrameRgn","","EnumSystemLocalesW","","","","","","","IsClipboardFormatAvailable",""
"","","","","","","","","","","","","","","","","","","","","","","","","GdipGetImageHeight","","","CreateBrushIndirect","","LoadLibraryExW","","","","","","","GetSysColor",""
"","","","","","","","","","","","","","","","","","","","","","","","","GdipDeleteStringFormat","","","SelectPalette","","MultiByteToWideChar","","","","","","","GetKeyboardState",""
"","","","","","","","","","","","","","","","","","","","","","","","","GdipTranslateWorldTransform","","","CloseEnhMetaFile","","GetLocalTime","","","","","","","GetKeyboardLayoutNameW",""
"","","","","","","","","","","","","","","","","","","","","","","","","GdipGetStringFormatHotkeyPrefix","","","SetROP2","","GetPrivateProfileStringW","","","","","","","ClientToScreen",""
"","","","","","","","","","","","","","","","","","","","","","","","","GdipSetPenDashStyle","","","EndPage","","CreateEventW","","","","","","","GetTopWindow",""
"","","","","","","","","","","","","","","","","","","","","","","","","GdipCreateTextureIA","","","AbortDoc","","GlobalAddAtomW","","","","","","","ShowCursor",""
"","","","","","","","","","","","","","","","","","","","","","","","","GdipAddPathBezier","","","GetNearestPaletteIndex","","CreateThread","","","","","","","GetWindowTextW",""
"","","","","","","","","","","","","","","","","","","","","","","","","GdipMultiplyMatrix","","","SetDIBColorTable","","GetSystemDefaultUILanguage","","","","","","","EnumClipboardFormats",""
"","","","","","","","","","","","","","","","","","","","","","","","","GdipSetImageAttributesColorMatrix","","","DeleteObject","","GetExitCodeThread","","","","","","","LockWindowUpdate",""
"","","","","","","","","","","","","","","","","","","","","","","","","GdipAddPathLine","","","CreatePenIndirect","","MulDiv","","","","","","","GetWindowTextLengthW",""
"","","","","","","","","","","","","","","","","","","","","","","","","GdipScaleWorldTransform","","","PatBlt","","ExitThread","","","","","","","MsgWaitForMultipleObjects",""
"","","","","","","","","","","","","","","","","","","","","","","","","GdipGetPenFillType","","","GetClipBox","","WaitForMultipleObjectsEx","","","","","","","ScrollWindow",""
"","","","","","","","","","","","","","","","","","","","","","","","","GdipSetStringFormatFlags","","","Rectangle","","TerminateProcess","","","","","","","CopyImage",""
"","","","","","","","","","","","","","","","","","","","","","","","","GdipSaveImageToFile","","","GetDeviceCaps","","GetVersion","","","","","","","DdeQueryStringA",""
"","","","","","","","","","","","","","","","","","","","","","","","","GdipDeleteBrush","","","LineTo","","GlobalAlloc","","","","","","","DestroyWindow",""
"","","","","","","","","","","","","","","","","","","","","","","","","GdipGetStringFormatAlign","","","DeleteDC","","VirtualQueryEx","","","","","","","DrawEdge",""
"","","","","","","","","","","","","","","","","","","","","","","","","GdipCreateFromHDC","","","GetSystemPaletteEntries","","SetEndOfFile","","","","","","","GetParent",""
"","","","","","","","","","","","","","","","","","","","","","","","","GdipMeasureString","","","StartPage","","GetCurrentThreadId","","","","","","","UpdateWindow",""
"","","","","","","","","","","","","","","","","","","","","","","","","GdipTransformMatrixPoints","","","GetObjectW","","HeapFree","","","","","","","GetPropW",""
"","","","","","","","","","","","","","","","","","","","","","","","","GdipSetImageAttributesToIdentity","","","CreateDCW","","EnterCriticalSection","","","","","","","EqualRect",""
"","","","","","","","","","","","","","","","","","","","","","","","","GdipCreatePen1","","","RealizePalette","","LoadLibraryW","","","","","","","SetClassLongW",""
"","","","","","","","","","","","","","","","","","","","","","","","","GdipCreateTexture","","","SetEnhMetaFileBits","","GetVersionExW","","","","","","","EnumWindows",""
"","","","","","","","","","","","","","","","","","","","","","","","","GdiplusStartup","","","CreateBitmap","","SetEvent","","","","","","","DdeUninitialize",""
"","","","","","","","","","","","","","","","","","","","","","","","","GdipAddPathCurveI","","","RectVisible","","QueryPerformanceCounter","","","","","","","ShowWindow",""
"","","","","","","","","","","","","","","","","","","","","","","","","GdipFillPath","","","GetStockObject","","GetTickCount","","","","","","","DrawFrameControl",""
"","","","","","","","","","","","","","","","","","","","","","","","","GdipGetImageThumbnail","","","PlayEnhMetaFile","","VirtualProtect","","","","","","","SetPropW",""
"","","","","","","","","","","","","","","","","","","","","","","","","GdipCombineRegionRegion","","","UnrealizeObject","","LoadLibraryA","","","","","","","GetDesktopWindow",""
"","","","","","","","","","","","","","","","","","","","","","","","","GdipCreateLineBrushFromRect","","","GdiFlush","","RtlUnwind","","","","","","","PeekMessageW",""
"","","","","","","","","","","","","","","","","","","","","","","","","GdipSetLinePresetBlend","","","RoundRect","","CopyFileW","","","","","","","TranslateMDISysAccel",""
"","","","","","","","","","","","","","","","","","","","","","","","","GdipCreateTexture2","","","GetWinMetaFileBits","","GlobalSize","","","","","","","InsertMenuItemW",""
"","","","","","","","","","","","","","","","","","","","","","","","","GdipGetHatchForegroundColor","","","GetEnhMetaFileDescriptionW","","GetFileSize","","","","","","","SetWindowPlacement",""
"","","","","","","","","","","","","","","","","","","","","","","","","GdipGetCompositingQuality","","","GetEnhMetaFileHeader","","OpenProcess","","","","","","","CharUpperW",""
"","","","","","","","","","","","","","","","","","","","","","","","","GdipCloneMatrix","","","SetWindowOrgEx","","GetDateFormatW","","","","","","","PeekMessageA",""
"","","","","","","","","","","","","","","","","","","","","","","","","GdipGetPointCount","","","GetTextExtentPoint32W","","GetStartupInfoW","","","","","","","TranslateMessage",""
"","","","","","","","","","","","","","","","","","","","","","","","","GdipSetImageAttributesOutputChannel","","","Polygon","","DeleteFileW","","","","","","","IsWindowEnabled",""
"","","","","","","","","","","","","","","","","","","","","","","","","GdipTransformMatrixPointsI","","","CreateHalftonePalette","","GetProcAddress","","","","","","","GetWindow",""
"","","","","","","","","","","","","","","","","","","","","","","","","GdipDisposeImageAttributes","","","GetRgnBox","","GetComputerNameW","","","","","","","ActivateKeyboardLayout",""
"","","","","","","","","","","","","","","","","","","","","","","","","GdipAddPathArc","","","SaveDC","","EnumResourceNamesW","","","","","","","RegisterClassW",""
"","","","","","","","","","","","","","","","","","","","","","","","","GdipAddPathLine2I","","","CreateICW","","CompareStringW","","","","","","","GetIconInfo",""
"","","","","","","","","","","","","","","","","","","","","","","","","GdipResetTextureTransform","","","MaskBlt","","GetModuleFileNameW","","","","","","","SetParent",""
"","","","","","","","","","","","","","","","","","","","","","","","","GdipClosePathFigure","","","GetEnhMetaFilePaletteEntries","","ResetEvent","","","","","","","SetClipboardData",""
"","","","","","","","","","","","","","","","","","","","","","","","","GdipCreateMatrix","","","RestoreDC","","FindFirstFileW","","","","","","","IsZoomed",""
"","","","","","","","","","","","","","","","","","","","","","","","","GdipResetClip","","","GetBitmapBits","","IsValidLocale","","","","","","","GetWindowPlacement",""
"","","","","","","","","","","","","","","","","","","","","","","","","GdipGetHatchStyle","","","CreateDIBSection","","GlobalLock","","","","","","","LoadStringW",""
"","","","","","","","","","","","","","","","","","","","","","","","","GdipDrawLine","","","SetTextColor","","GetTimeZoneInformation","","","","","","","DdeConnect",""
"","","","","","","","","","","","","","","","","","","","","","","","","GdipRotateMatrix","","","ExtFloodFill","","CreateFileW","","","","","","","GetKeyboardLayoutList",""
"","","","","","","","","","","","","","","","","","","","","","","","","GdipDrawEllipse","","","MoveToEx","","TlsSetValue","","","","","","","DrawMenuBar",""
"","","","","","","","","","","","","","","","","","","","","","","","","GdipAddPathRectangleI","","","EnumFontFamiliesExW","","ExitProcess","","","","","","","IsIconic",""
"","","","","","","","","","","","","","","","","","","","","","","","","GdipGetImageGraphicsContext","","","SetViewportOrgEx","","LeaveCriticalSection","","","","","","","GetSubMenu",""
"","","","","","","","","","","","","","","","","","","","","","","","","GdipSetStringFormatLineAlign","","","ExtTextOutW","","GetLastError","","","","","","","SetTimer",""
"","","","","","","","","","","","","","","","","","","","","","","","","GdipSetMatrixElements","","","CreateCompatibleDC","","GlobalDeleteAtom","","","","","","","DdeClientTransaction",""
"","","","","","","","","","","","","","","","","","","","","","","","","GdipCreateRegionRect","","","PolyBezierTo","","GetSystemInfo","","","","","","","DdeUnaccessData",""
"","","","","","","","","","","","","","","","","","","","","","","","","GdipCreateLineBrush","","","PolyBezier","","GlobalFree","","","","","","","GetActiveWindow",""
"","","","","","","","","","","","","","","","","","","","","","","","","GdipDrawBeziers","","","Chord","","FindResourceW","","","","","","","IsDialogMessageW",""
"","","","","","","","","","","","","","","","","","","","","","","","","GdipCreateMatrix2","","","SetBrushOrgEx","","GetThreadLocale","","","","","","","FillRect",""
"","","","","","","","","","","","","","","","","","","","","","","","","GdipCreateMatrix3","","","CreateRectRgn","","GlobalUnlock","","","","","","","EnumThreadWindows",""
"","","","","","","","","","","","","","","","","","","","","","","","","GdipTranslateTextureTransform","","","SelectObject","","VirtualQuery","","","","","","","MonitorFromPoint",""
"","","","","","","","","","","","","","","","","","","","","","","","","GdipCreateMatrix3I","","","CreateCompatibleBitmap","","lstrlenW","","","","","","","CreateAcceleratorTableW",""
"","","","","","","","","","","","","","","","","","","","","","","","","GdipDrawPath","","","CreateSolidBrush","","WinExec","","","","","","","GetSysColorBrush",""
"","","","","","","","","","","","","","","","","","","","","","","","","GdipAddPathCurve","","","Polyline","","SwitchToThread","","","","","","","IsWindowUnicode",""
"","","","","","","","","","","","","","","","","","","","","","","","","GdipShearMatrix","","","StartDocW","","SizeofResource","","","","","","","CreateWindowExW",""
"","","","","","","","","","","","","","","","","","","","","","","","","GdipCreateLineBrushFromRectWithAngleI","","","Ellipse","","RaiseException","","","","","","","GetWindowLongW",""
"","","","","","","","","","","","","","","","","","","","","","","","","GdipDeleteFontFamily","","","","","LockResource","","","","","","","GetMenuStringW",""
"","","","","","","","","","","","","","","","","","","","","","","","","GdipCreateTextureIAI","","","","","GetCommandLineW","","","","","","","IsChild",""
"","","","","","","","","","","","","","","","","","","","","","","","","GdipCreatePath","","","","","GetCPInfo","","","","","","","IsDialogMessageA",""
"","","","","","","","","","","","","","","","","","","","","","","","","GdipDeletePen","","","","","HeapSize","","","","","","","SetFocus",""
"","","","","","","","","","","","","","","","","","","","","","","","","GdipCreateSolidFill","","","","","InterlockedCompareExchange","","","","","","","RegisterWindowMessageW",""
"","","","","","","","","","","","","","","","","","","","","","","","","GdipSetStringFormatHotkeyPrefix","","","","","WritePrivateProfileStringW","","","","","","","GetMonitorInfoW",""
"","","","","","","","","","","","","","","","","","","","","","","","","GdipFillRectangle","","","","","SuspendThread","","","","","","","EmptyClipboard",""
"","","","","","","","","","","","","","","","","","","","","","","","","GdipDeleteFont","","","","","QueryPerformanceFrequency","","","","","","","BeginPaint",""
"","","","","","","","","","","","","","","","","","","","","","","","","GdipSetImageAttributesThreshold","","","","","SetFilePointer","","","","","","","OffsetRect",""
"","","","","","","","","","","","","","","","","","","","","","","","","GdipGetStringFormatTrimming","","","","","ReadFile","","","","","","","DefWindowProcW",""
"","","","","","","","","","","","","","","","","","","","","","","","","GdipVectorTransformMatrixPoints","","","","","CloseHandle","","","","","","","GetScrollPos",""
"","","","","","","","","","","","","","","","","","","","","","","","","GdipCreateTexture2I","","","","","GetACP","","","","","","","CopyIcon",""
"","","","","","","","","","","","","","","","","","","","","","","","","GdiplusShutdown","","","","","GetModuleHandleW","","","","","","","keybd_event",""
"","","","","","","","","","","","","","","","","","","","","","","","","GdipGetGenericFontFamilyMonospace","","","","","FreeResource","","","","","","","KillTimer",""
"","","","","","","","","","","","","","","","","","","","","","","","","GdipLoadImageFromFileICM","","","","","GetCPInfoExW","","","","","","","MapVirtualKeyW",""
"","","","","","","","","","","","","","","","","","","","","","","","","GdipSaveImageToStream","","","","","HeapCreate","","","","","","","ClipCursor",""
"","","","","","","","","","","","","","","","","","","","","","","","","GdipIsMatrixIdentity","","","","","GetTempPathW","","","","","","","GetClipboardData",""
"","","","","","","","","","","","","","","","","","","","","","","","","GdipGetStringFormatLineAlign","","","","","VirtualFree","","","","","","","GetClassInfoExW",""
"","","","","","","","","","","","","","","","","","","","","","","","","GdipGetPathPoints","","","","","Sleep","","","","","","","GetSystemMetrics",""
"","","","","","","","","","","","","","","","","","","","","","","","","GdipCreateFontFamilyFromName","","","","","VirtualAlloc","","","","","","","SetWindowLongW",""
"","","","","","","","","","","","","","","","","","","","","","","","","GdipAddPathRectangle","","","","","GetCurrentProcessId","","","","","","","SetScrollRange",""
"","","","","","","","","","","","","","","","","","","","","","","","","GdipCreateStringFormat","","","","","","","","","","","","GetWindowRect",""
"","","","","","","","","","","","","","","","","","","","","","","","","GdipGetPenBrushFill","","","","","","","","","","","","SetCapture",""
"","","","","","","","","","","","","","","","","","","","","","","","","GdipRotateWorldTransform","","","","","","","","","","","","ReleaseCapture",""
"","","","","","","","","","","","","","","","","","","","","","","","","GdipInvertMatrix","","","","","","","","","","","","EnumChildWindows",""
"","","","","","","","","","","","","","","","","","","","","","","","","GdipSetWorldTransform","","","","","","","","","","","","GetScrollRange",""
"","","","","","","","","","","","","","","","","","","","","","","","","GdipSetImageAttributesWrapMode","","","","","","","","","","","","GetMessageExtraInfo",""
"","","","","","","","","","","","","","","","","","","","","","","","","GdipAlloc","","","","","","","","","","","","CharLowerW",""
"","","","","","","","","","","","","","","","","","","","","","","","","GdipGetStringFormatFlags","","","","","","","","","","","","SetKeyboardState",""
"","","","","","","","","","","","","","","","","","","","","","","","","GdipSetImageAttributesRemapTable","","","","","","","","","","","","GetKeyNameTextW",""
"","","","","","","","","","","","","","","","","","","","","","","","","GdipImageRotateFlip","","","","","","","","","","","","DdeCmpStringHandles",""
"","","","","","","","","","","","","","","","","","","","","","","","","GdipLoadImageFromStreamICM","","","","","","","","","","","","DrawTextExW",""
"","","","","","","","","","","","","","","","","","","","","","","","","GdipGetImagePixelFormat","","","","","","","","","","","","WaitMessage",""
"","","","","","","","","","","","","","","","","","","","","","","","","GdipAddPathPolygonI","","","","","","","","","","","","CreatePopupMenu",""
"","","","","","","","","","","","","","","","","","","","","","","","","GdipSetSmoothingMode","","","","","","","","","","","","ShowCaret",""
"","","","","","","","","","","","","","","","","","","","","","","","","GdipCreateLineBrushI","","","","","","","","","","","","DrawFocusRect",""
"","","","","","","","","","","","","","","","","","","","","","","","","GdipFillEllipseI","","","","","","","","","","","","GetClassLongW",""
"","","","","","","","","","","","","","","","","","","","","","","","","GdipSetImageAttributesNoOp","","","","","","","","","","","","CharNextW",""
"","","","","","","","","","","","","","","","","","","","","","","","","GdipFillPolygon","","","","","","","","","","","","GetLastActivePopup",""
"","","","","","","","","","","","","","","","","","","","","","","","","GdipSetStringFormatTrimming","","","","","","","","","","","","DrawIconEx",""
"","","","","","","","","","","","","","","","","","","","","","","","","GdipGetDC","","","","","","","","","","","","CharUpperBuffW",""
"","","","","","","","","","","","","","","","","","","","","","","","","GdipDrawArc","","","","","","","","","","","","SetWindowTextW",""
"","","","","","","","","","","","","","","","","","","","","","","","","GdipCreateHatchBrush","","","","","","","","","","","","GetDCEx",""
"","","","","","","","","","","","","","","","","","","","","","","","","GdipIsMatrixInvertible","","","","","","","","","","","","DdeGetLastError",""
"","","","","","","","","","","","","","","","","","","","","","","","","GdipDeleteMatrix","","","","","","","","","","","","RemovePropW",""
"","","","","","","","","","","","","","","","","","","","","","","","","GdipSetTextRenderingHint","","","","","","","","","","","","BringWindowToTop",""
"","","","","","","","","","","","","","","","","","","","","","","","","GdipSetPenEndCap","","","","","","","","","","","","GetSystemMenu",""
"","","","","","","","","","","","","","","","","","","","","","","","","GdipGetGenericFontFamilySerif","","","","","","","","","","","","ScreenToClient",""
"","","","","","","","","","","","","","","","","","","","","","","","","GdipDeleteGraphics","","","","","","","","","","","","PostMessageW",""
"","","","","","","","","","","","","","","","","","","","","","","","","GdipGetPathWorldBounds","","","","","","","","","","","","TrackPopupMenu",""
"","","","","","","","","","","","","","","","","","","","","","","","","GdipGetSmoothingMode","","","","","","","","","","","","GetMenuItemCount",""
"","","","","","","","","","","","","","","","","","","","","","","","","GdipGraphicsClear","","","","","","","","","","","","AttachThreadInput",""
"","","","","","","","","","","","","","","","","","","","","","","","","GdipCreateImageAttributes","","","","","","","","","","","","GetMenuState",""
"","","","","","","","","","","","","","","","","","","","","","","","","GdipVectorTransformMatrixPointsI","","","","","","","","","","","","ShowOwnedPopups",""
"","","","","","","","","","","","","","","","","","","","","","","","","GdipCreatePen2","","","","","","","","","","","","LoadCursorW",""
"","","","","","","","","","","","","","","","","","","","","","","","","GdipLoadImageFromStream","","","","","","","","","","","","LoadIconW",""
"","","","","","","","","","","","","","","","","","","","","","","","","GdipCreateRegionPath","","","","","","","","","","","","FindWindowExW",""
"","","","","","","","","","","","","","","","","","","","","","","","","GdipDrawRectangle","","","","","","","","","","","","GetDC",""
"","","","","","","","","","","","","","","","","","","","","","","","","GdipScaleMatrix","","","","","","","","","","","","InsertMenuW",""
"","","","","","","","","","","","","","","","","","","","","","","","","GdipSetImageAttributesOutputChannelColorProfile","","","","","","","","","","","","SetForegroundWindow",""
"","","","","","","","","","","","","","","","","","","","","","","","","GdipDrawImageRect","","","","","","","","","","","","ExitWindowsEx",""
"","","","","","","","","","","","","","","","","","","","","","","","","GdipLoadImageFromFile","","","","","","","","","","","","OpenClipboard",""
"","","","","","","","","","","","","","","","","","","","","","","","","GdipGetPathTypes","","","","","","","","","","","","GetAsyncKeyState",""
"","","","","","","","","","","","","","","","","","","","","","","","","GdipResetWorldTransform","","","","","","","","","","","","GetScrollBarInfo",""
"","","","","","","","","","","","","","","","","","","","","","","","","GdipDeletePath","","","","","","","","","","","","CharLowerBuffW",""
"","","","","","","","","","","","","","","","","","","","","","","","","GdipGetPenDashStyle","","","","","","","","","","","","IntersectRect",""
"","","","","","","","","","","","","","","","","","","","","","","","","GdipAddPathString","","","","","","","","","","","","GetScrollInfo",""
"","","","","","","","","","","","","","","","","","","","","","","","","GdipSetClipRegion","","","","","","","","","","","","HideCaret",""
"","","","","","","","","","","","","","","","","","","","","","","","","GdipGetMatrixElements","","","","","","","","","","","","GetKeyboardLayout",""
"","","","","","","","","","","","","","","","","","","","","","","","","GdipFillEllipse","","","","","","","","","","","","FindWindowW",""
"","","","","","","","","","","","","","","","","","","","","","","","","GdipDrawString","","","","","","","","","","","","GetCapture",""
"","","","","","","","","","","","","","","","","","","","","","","","","GdipGetTextureWrapMode","","","","","","","","","","","","MessageBeep",""
"","","","","","","","","","","","","","","","","","","","","","","","","GdipReleaseDC","","","","","","","","","","","","RemoveMenu",""
"","","","","","","","","","","","","","","","","","","","","","","","","GdipSetTextureWrapMode","","","","","","","","","","","","GetWindowThreadProcessId",""
"","","","","","","","","","","","","","","","","","","","","","","","","GdipCloneImageAttributes","","","","","","","","","","","","DdeCreateDataHandle",""
"","","","","","","","","","","","","","","","","","","","","","","","","","","","","","","","","","","","","ShowScrollBar",""
"","","","","","","","","","","","","","","","","","","","","","","","","","","","","","","","","","","","","MessageBoxW",""
"","","","","","","","","","","","","","","","","","","","","","","","","","","","","","","","","","","","","GetMenu",""
"","","","","","","","","","","","","","","","","","","","","","","","","","","","","","","","","","","","","MonitorFromRect",""
"","","","","","","","","","","","","","","","","","","","","","","","","","","","","","","","","","","","","DestroyIcon",""
"","","","","","","","","","","","","","","","","","","","","","","","","","","","","","","","","","","","","UnhookWindowsHookEx",""
"","","","","","","","","","","","","","","","","","","","","","","","","","","","","","","","","","","","","DdeSetUserHandle",""
"","","","","","","","","","","","","","","","","","","","","","","","","","","","","","","","","","","","","LoadKeyboardLayoutW",""
"","","","","","","","","","","","","","","","","","","","","","","","","","","","","","","","","","","","","DdePostAdvise",""
"","","","","","","","","","","","","","","","","","","","","","","","","","","","","","","","","","","","","GetWindowDC",""
"","","","","","","","","","","","","","","","","","","","","","","","","","","","","","","","","","","","","DestroyCursor",""
"","","","","","","","","","","","","","","","","","","","","","","","","","","","","","","","","","","","","AdjustWindowRectEx",""
"","","","","","","","","","","","","","","","","","","","","","","","","","","","","","","","","","","","","mouse_event",""
"","","","","","","","","","","","","","","","","","","","","","","","","","","","","","","","","","","","","GetFocus",""
"","","","","","","","","","","","","","","","","","","","","","","","","","","","","","","","","","","","","MsgWaitForMultipleObjectsEx",""
"","","","","","","","","","","","","","","","","","","","","","","","","","","","","","","","","","","","","RegisterClipboardFormatW",""
"","","","","","","","","","","","","","","","","","","","","","","","","","","","","","","","","","","","","SetScrollInfo",""
"","","","","","","","","","","","","","","","","","","","","","","","","","","","","","","","","","","","","GetKeyState",""
"","","","","","","","","","","","","","","","","","","","","","","","","","","","","","","","","","","","","EnableMenuItem",""
"","","","","","","","","","","","","","","","","","","","","","","","","","","","","","","","","","","","","EnumDisplayMonitors",""
"","","","","","","","","","","","","","","","","","","","","","","","","","","","","","","","","","","","","DefFrameProcW",""
"","","","","","","","","","","","","","","","","","","","","","","","","","","","","","","","","","","","","IsWindowVisible",""
"","","","","","","","","","","","","","","","","","","","","","","","","","","","","","","","","","","","","DdeNameService",""
"","","","","","","","","","","","","","","","","","","","","","","","","","","","","","","","","","","","","SetCursorPos",""
"","","","","","","","","","","","","","","","","","","","","","","","","","","","","","","","","","","","","SystemParametersInfoW",""
"","","","","","","","","","","","","","","","","","","","","","","","","","","","","","","","","","","","","DispatchMessageW",""
"","","","","","","","","","","","","","","","","","","","","","","","","","","","","","","","","","","","","FrameRect",""
"","","","","","","","","","","","","","","","","","","","","","","","","","","","","","","","","","","","","SetRect",""
"","","","","","","","","","","","","","","","","","","","","","","","","","","","","","","","","","","","","DeleteMenu",""
"","","","","","","","","","","","","","","","","","","","","","","","","","","","","","","","","","","","","InvalidateRect",""
"","","","","","","","","","","","","","","","","","","","","","","","","","","","","","","","","","","","","DdeQueryConvInfo",""
"","","","","","","","","","","","","","","","","","","","","","","","","","","","","","","","","","","","","CreateIcon",""
"","","","","","","","","","","","","","","","","","","","","","","","","","","","","","","","","","","","","CallWindowProcW",""
"","","","","","","","","","","","","","","","","","","","","","","","","","","","","","","","","","","","","GetClassNameW",""
"","","","","","","","","","","","","","","","","","","","","","","","","","","","","","","","","","","","","GetClassInfoW",""
"","","","","","","","","","","","","","","","","","","","","","","","","","","","","","","","","","","","","MonitorFromWindow",""
"","","","","","","","","","","","","","","","","","","","","","","","","","","","","","","","","","","","","SetWindowsHookExW",""
"","","","","","","","","","","","","","","","","","","","","","","","","","","","","","","","","","","","","GetCursor",""
"","","","","","","","","","","","","","","","","","","","","","","","","","","","","","","","","","","","","SendMessageTimeoutW",""
"","","","","","","","","","","","","","","","","","","","","","","","","","","","","","","","","","","","","CreateMenu",""
"","","","","","","","","","","","","","","","","","","","","","","","","","","","","","","","","","","","","EnableWindow",""
"","","","","","","","","","","","","","","","","","","","","","","","","","","","","","","","","","","","","CloseClipboard",""
"","","","","","","","","","","","","","","","","","","","","","","","","","","","","","","","","","","","","CheckMenuItem",""
"","","","","","","","","","","","","","","","","","","","","","","","","","","","","","","","","","","","","SetMenu",""
"","","","","","","","","","","","","","","","","","","","","","","","","","","","","","","","","","","","","SetCursor",""
