"Imports","Runtime_DLL","Reg_Set","Reg_Set_Val","Reg_Set_Type","Reg_Del","Service_Opened","Service_Controlled","Service_Created","Service_Started","Proc_Terminated","Proc_Created","Proc_Injected","Proc_Shellcmds","File_Read","File_Opened","File_Written","File_Replaced","File_Moved_src","File_Moved_dst","File_Copied_src","File_Copied_dst","File_Deleted","SHLWAPI.dll","COMDLG32.dll","IMM32.dll","IPHLPAPI.DLL","OLEAUT32.dll","WINMM.dll","WININET.dll","GDI32.dll","SHELL32.dll","KERNEL32.dll","WINSPOOL.DRV","oledlg.dll","OLEACC.dll","ADVAPI32.dll","WSOCK32.dll","ole32.dll","MSIMG32.dll","gdiplus.dll","USER32.dll","COMCTL32.dll"
"SHLWAPI.dll","uxtheme.dll","","","","","","","","","","","","","","","","","","","","","","PathFindExtensionA","GetFileTitleA","ImmReleaseContext","GetAdaptersInfo","OleCreateFontIndirect","PlaySoundA","HttpSendRequestA","SetMapMode","SHGetFileInfoA","GetStdHandle","OpenPrinterA","Ord(8)","LresultFromObject","RegDeleteKeyA","WSAStartup","OleUninitialize","TransparentBlt","GdipBitmapLockBits","RedrawWindow","ImageList_GetIconSize"
"COMDLG32.dll","dwmapi.dll","","","","","","","","","","","","","","","","","","","","","","StrStrIA","","ImmGetContext","","VariantTimeToSystemTime","","HttpOpenRequestA","GetWindowOrgEx","SHBrowseForFolderA","FileTimeToSystemTime","DocumentPropertiesA","","AccessibleObjectFromWindow","RegCloseKey","gethostbyname","CLSIDFromProgID","AlphaBlend","GdipGetImagePixelFormat","GetForegroundWindow","InitCommonControlsEx"
"IMM32.dll","kernel32.dll","","","","","","","","","","","","","","","","","","","","","","PathIsUNCA","","ImmGetOpenStatus","","SysStringLen","","InternetReadFile","GetTextMetricsA","DragFinish","GetFileAttributesA","ClosePrinter","","CreateStdAccessibleObject","RegSetValueExA","gethostname","OleTranslateAccelerator","","GdipCreateBitmapFromScan0","SetWindowRgn",""
"IPHLPAPI.DLL","c:\9c837e3026dabe3ad114b4e7902ad3ac9d701c1476456c2a6904f6b5bc02dd55enu.dll","","","","","","","","","","","","","","","","","","","","","","PathRemoveFileSpecW","","","","SystemTimeToVariantTime","","InternetCloseHandle","CombineRgn","DragQueryFileA","DeactivateActCtx","","","","RegQueryValueA","inet_addr","OleLockRunning","","GdiplusShutdown","SetMenuItemBitmaps",""
"OLEAUT32.dll","c:\9c837e3026dabe3ad114b4e7902ad3ac9d701c1476456c2a6904f6b5bc02dd55loc.dll","","","","","","","","","","","","","","","","","","","","","","PathStripToRootA","","","","VarBstrFromDate","","InternetOpenA","GetViewportOrgEx","SHGetSpecialFolderLocation","SetEvent","","","","RegQueryValueExA","WSACleanup","OleDestroyMenuDescriptor","","GdipGetImagePalette","LoadBitmapW",""
"WINMM.dll","ole32.dll","","","","","","","","","","","","","","","","","","","","","","PathFindFileNameA","","","","SysAllocStringLen","","InternetConnectA","GetObjectType","SHAppBarMessage","EncodePointer","","","","GetUserNameA","","DoDragDrop","","GdipDisposeImage","DrawStateA",""
"WININET.dll","","","","","","","","","","","","","","","","","","","","","","","PathRemoveFileSpecA","","","","VariantChangeType","","InternetErrorDlg","GetBoundsRect","SHGetDesktopFolder","lstrcmpW","","","","RegEnumKeyA","","StgOpenStorageOnILockBytes","","GdipBitmapUnlockBits","SetRectEmpty",""
"GDI32.dll","","","","","","","","","","","","","","","","","","","","","","","PathFileExistsA","","","","VariantClear","","HttpQueryInfoA","SetLayout","SHGetPathFromIDListA","DeleteCriticalSection","","","","RegDeleteValueA","","CreateStreamOnHGlobal","","GdiplusStartup","EnableScrollBar",""
"SHELL32.dll","","","","","","","","","","","","","","","","","","","","","","","","","","","SysAllocString","","","SetPixel","SHGetMalloc","GetCurrentProcess","","","","RegCreateKeyExA","","OleFlushClipboard","","GdipDeleteGraphics","DestroyMenu",""
"KERNEL32.dll","","","","","","","","","","","","","","","","","","","","","","","","","","","SafeArrayDestroy","","","SetPaletteEntries","ShellExecuteA","GetCurrentDirectoryA","","","","RegOpenKeyExA","","ReleaseStgMedium","","GdipCreateBitmapFromStream","PostQuitMessage",""
"WINSPOOL.DRV","","","","","","","","","","","","","","","","","","","","","","","","","","","VariantCopy","","","OffsetWindowOrgEx","","GetConsoleMode","","","","RegEnumValueA","","CoCreateGuid","","GdipCreateFromHDC","GetMessagePos",""
"oledlg.dll","","","","","","","","","","","","","","","","","","","","","","","","","","","SysFreeString","","","CreateEllipticRgn","","GetLocaleInfoA","","","","RegEnumKeyExA","","RegisterDragDrop","","GdipGetImageWidth","SetWindowPos",""
"OLEACC.dll","","","","","","","","","","","","","","","","","","","","","","","","","","","SysAllocStringByteLen","","","CreatePalette","","LocalAlloc","","","","","","RevokeDragDrop","","GdipCreateBitmapFromHBITMAP","GetNextDlgTabItem",""
"ADVAPI32.dll","","","","","","","","","","","","","","","","","","","","","","","","","","","VariantInit","","","CreateDIBitmap","","SetErrorMode","","","","","","CoRegisterMessageFilter","","GdipAlloc","IsWindow",""
"WSOCK32.dll","","","","","","","","","","","","","","","","","","","","","","","","","","","","","","SetTextAlign","","FreeEnvironmentStringsW","","","","","","OleGetClipboard","","GdipGetImagePaletteSize","DispatchMessageA",""
"ole32.dll","","","","","","","","","","","","","","","","","","","","","","","","","","","","","","StretchBlt","","SetStdHandle","","","","","","OleDuplicateData","","GdipDrawImageI","EndPaint",""
"MSIMG32.dll","","","","","","","","","","","","","","","","","","","","","","","","","","","","","","GetTextFaceA","","GetFileTime","","","","","","CLSIDFromString","","GdipDrawImageRectI","GetWindowLongA",""
"gdiplus.dll","","","","","","","","","","","","","","","","","","","","","","","","","","","","","","ScaleViewportExtEx","","GetTempPathA","","","","","","CreateILockBytesOnHGlobal","","GdipSetInterpolationMode","CharUpperBuffA",""
"USER32.dll","","","","","","","","","","","","","","","","","","","","","","","","","","","","","","GetPaletteEntries","","WideCharToMultiByte","","","","","","CoGetClassObject","","GdipFree","GrayStringA",""
"COMCTL32.dll","","","","","","","","","","","","","","","","","","","","","","","","","","","","","","SetWindowExtEx","","LoadLibraryW","","","","","","CoInitialize","","GdipGetImageHeight","WindowFromPoint",""
"","","","","","","","","","","","","","","","","","","","","","","","","","","","","","","SetViewportExtEx","","InterlockedExchange","","","","","","OleInitialize","","GdipCloneImage","DrawIcon",""
"","","","","","","","","","","","","","","","","","","","","","","","","","","","","","","SetBkColor","","FindResourceExW","","","","","","CoLockObjectExternal","","GdipGetImageGraphicsContext","GetMessageTime",""
"","","","","","","","","","","","","","","","","","","","","","","","","","","","","","","GetBkColor","","WaitForSingleObject","","","","","","CoCreateInstance","","","SetActiveWindow",""
"","","","","","","","","","","","","","","","","","","","","","","","","","","","","","","SetRectRgn","","GetSystemTimeAsFileTime","","","","","","CoInitializeEx","","","GetDC",""
"","","","","","","","","","","","","","","","","","","","","","","","","","","","","","","GetTextCharsetInfo","","ReleaseActCtx","","","","","","CoTaskMemAlloc","","","GetAsyncKeyState",""
"","","","","","","","","","","","","","","","","","","","","","","","","","","","","","","GetSystemPaletteEntries","","HeapReAlloc","","","","","","StgCreateDocfileOnILockBytes","","","ReleaseDC",""
"","","","","","","","","","","","","","","","","","","","","","","","","","","","","","","OffsetRgn","","GetStringTypeW","","","","","","CoUninitialize","","","GetDlgCtrlID",""
"","","","","","","","","","","","","","","","","","","","","","","","","","","","","","","TextOutA","","GetFullPathNameA","","","","","","OleCreateMenuDescriptor","","","GetClassInfoA",""
"","","","","","","","","","","","","","","","","","","","","","","","","","","","","","","CreateFontIndirectA","","GetOEMCP","","","","","","CoRevokeClassObject","","","GetMenu",""
"","","","","","","","","","","","","","","","","","","","","","","","","","","","","","","CreateRectRgnIndirect","","LocalFree","","","","","","CoFreeUnusedLibraries","","","UnregisterClassA",""
"","","","","","","","","","","","","","","","","","","","","","","","","","","","","","","LPtoDP","","ResumeThread","","","","","","IsAccelerator","","","IsClipboardFormatAvailable",""
"","","","","","","","","","","","","","","","","","","","","","","","","","","","","","","GetPixel","","InitializeCriticalSection","","","","","","OleIsCurrentClipboard","","","DefFrameProcA",""
"","","","","","","","","","","","","","","","","","","","","","","","","","","","","","","GetLayout","","LoadResource","","","","","","CoTaskMemFree","","","GetClientRect",""
"","","","","","","","","","","","","","","","","","","","","","","","","","","","","","","ExcludeClipRect","","GlobalHandle","","","","","","","","","SetWindowContextHelpId",""
"","","","","","","","","","","","","","","","","","","","","","","","","","","","","","","OffsetViewportOrgEx","","FindClose","","","","","","","","","SetMenuDefaultItem",""
"","","","","","","","","","","","","","","","","","","","","","","","","","","","","","","SetBkMode","","TlsGetValue","","","","","","","","","LoadImageW",""
"","","","","","","","","","","","","","","","","","","","","","","","","","","","","","","PtInRegion","","GetProfileIntA","","","","","","","","","SetScrollPos",""
"","","","","","","","","","","","","","","","","","","","","","","","","","","","","","","BitBlt","","SetLastError","","","","","","","","","CallNextHookEx",""
"","","","","","","","","","","","","","","","","","","","","","","","","","","","","","","EnumFontFamiliesA","","GetUserDefaultUILanguage","","","","","","","","","LoadAcceleratorsA",""
"","","","","","","","","","","","","","","","","","","","","","","","","","","","","","","GetDeviceCaps","","WriteProcessMemory","","","","","","","","","GetWindowTextLengthA",""
"","","","","","","","","","","","","","","","","","","","","","","","","","","","","","","FillRgn","","GetModuleFileNameW","","","","","","","","","GetMenuDefaultItem",""
"","","","","","","","","","","","","","","","","","","","","","","","","","","","","","","FrameRgn","","IsDebuggerPresent","","","","","","","","","CopyAcceleratorTableA",""
"","","","","","","","","","","","","","","","","","","","","","","","","","","","","","","ScaleWindowExtEx","","HeapAlloc","","","","","","","","","TrackPopupMenu",""
"","","","","","","","","","","","","","","","","","","","","","","","","","","","","","","PtVisible","","FlushFileBuffers","","","","","","","","","ClientToScreen",""
"","","","","","","","","","","","","","","","","","","","","","","","","","","","","","","ExtSelectClipRgn","","GetModuleFileNameA","","","","","","","","","GetTopWindow",""
"","","","","","","","","","","","","","","","","","","","","","","","","","","","","","","SelectPalette","","HeapSetInformation","","","","","","","","","LoadImageA",""
"","","","","","","","","","","","","","","","","","","","","","","","","","","","","","","SetROP2","","GetVolumeInformationA","","","","","","","","","LoadAcceleratorsW",""
"","","","","","","","","","","","","","","","","","","","","","","","","","","","","","","GetNearestPaletteIndex","","CreateActCtxW","","","","","","","","","ScrollWindow",""
"","","","","","","","","","","","","","","","","","","","","","","","","","","","","","","SetDIBColorTable","","GetPrivateProfileStringA","","","","","","","","","GetWindowTextA",""
"","","","","","","","","","","","","","","","","","","","","","","","","","","","","","","GetTextColor","","SetThreadPriority","","","","","","","","","InvalidateRgn",""
"","","","","","","","","","","","","","","","","","","","","","","","","","","","","","","SetPixelV","","ActivateActCtx","","","","","","","","","GetKeyState",""
"","","","","","","","","","","","","","","","","","","","","","","","","","","","","","","DeleteObject","","UnhandledExceptionFilter","","","","","","","","","DestroyWindow",""
"","","","","","","","","","","","","","","","","","","","","","","","","","","","","","","GetWindowExtEx","","InterlockedDecrement","","","","","","","","","DrawEdge",""
"","","","","","","","","","","","","","","","","","","","","","","","","","","","","","","PatBlt","","MultiByteToWideChar","","","","","","","","","GetParent",""
"","","","","","","","","","","","","","","","","","","","","","","","","","","","","","","CreatePen","","FormatMessageA","","","","","","","","","MapDialogRect",""
"","","","","","","","","","","","","","","","","","","","","","","","","","","","","","","GetClipBox","","SetFilePointer","","","","","","","","","UpdateWindow",""
"","","","","","","","","","","","","","","","","","","","","","","","","","","","","","","Rectangle","","CreateThread","","","","","","","","","SetPropA",""
"","","","","","","","","","","","","","","","","","","","","","","","","","","","","","","GetObjectA","","GetSystemDefaultUILanguage","","","","","","","","","EqualRect",""
"","","","","","","","","","","","","","","","","","","","","","","","","","","","","","","CreateDCA","","GlobalAddAtomA","","","","","","","","","DefMDIChildProcA",""
"","","","","","","","","","","","","","","","","","","","","","","","","","","","","","","LineTo","","SetUnhandledExceptionFilter","","","","","","","","","GetClassInfoExA",""
"","","","","","","","","","","","","","","","","","","","","","","","","","","","","","","DeleteDC","","ConvertDefaultLocale","","","","","","","","","ShowWindow",""
"","","","","","","","","","","","","","","","","","","","","","","","","","","","","","","GetMapMode","","MulDiv","","","","","","","","","SetClassLongA",""
"","","","","","","","","","","","","","","","","","","","","","","","","","","","","","","RealizePalette","","IsProcessorFeaturePresent","","","","","","","","","DrawFrameControl",""
"","","","","","","","","","","","","","","","","","","","","","","","","","","","","","","CreateHatchBrush","","ExitThread","","","","","","","","","GetNextDlgGroupItem",""
"","","","","","","","","","","","","","","","","","","","","","","","","","","","","","","CreatePatternBrush","","DecodePointer","","","","","","","","","EnumDisplayMonitors",""
"","","","","","","","","","","","","","","","","","","","","","","","","","","","","","","IntersectClipRect","","SetEnvironmentVariableA","","","","","","","","","GetCursorPos",""
"","","","","","","","","","","","","","","","","","","","","","","","","","","","","","","CreateBitmap","","TerminateProcess","","","","","","","","","TranslateMDISysAccel",""
"","","","","","","","","","","","","","","","","","","","","","","","","","","","","","","RectVisible","","GetNumberFormatA","","","","","","","","","EnableWindow",""
"","","","","","","","","","","","","","","","","","","","","","","","","","","","","","","GetStockObject","","VirtualQuery","","","","","","","","","SetWindowPlacement",""
"","","","","","","","","","","","","","","","","","","","","","","","","","","","","","","ExtTextOutA","","SearchPathA","","","","","","","","","LockWindowUpdate",""
"","","","","","","","","","","","","","","","","","","","","","","","","","","","","","","SelectClipRgn","","SetEndOfFile","","","","","","","","","PeekMessageA",""
"","","","","","","","","","","","","","","","","","","","","","","","","","","","","","","GetTextExtentPoint32A","","GetCurrentThreadId","","","","","","","","","TranslateMessage",""
"","","","","","","","","","","","","","","","","","","","","","","","","","","","","","","SetWindowOrgEx","","LeaveCriticalSection","","","","","","","","","IsWindowEnabled",""
"","","","","","","","","","","","","","","","","","","","","","","","","","","","","","","GetViewportExtEx","","WriteConsoleW","","","","","","","","","GetWindow",""
"","","","","","","","","","","","","","","","","","","","","","","","","","","","","","","CreatePolygonRgn","","CreateToolhelp32Snapshot","","","","","","","","","CharUpperA",""
"","","","","","","","","","","","","","","","","","","","","","","","","","","","","","","Polygon","","InitializeCriticalSectionAndSpinCount","","","","","","","","","InsertMenuItemA",""
"","","","","","","","","","","","","","","","","","","","","","","","","","","","","","","GetRgnBox","","HeapFree","","","","","","","","","GetIconInfo",""
"","","","","","","","","","","","","","","","","","","","","","","","","","","","","","","SaveDC","","EnterCriticalSection","","","","","","","","","SetParent",""
"","","","","","","","","","","","","","","","","","","","","","","","","","","","","","","RestoreDC","","SetHandleCount","","","","","","","","","SetClipboardData",""
"","","","","","","","","","","","","","","","","","","","","","","","","","","","","","","CreateDIBSection","","lstrcmpiA","","","","","","","","","IsCharLowerA",""
"","","","","","","","","","","","","","","","","","","","","","","","","","","","","","","SetTextColor","","FreeLibrary","","","","","","","","","IsZoomed",""
"","","","","","","","","","","","","","","","","","","","","","","","","","","","","","","ExtFloodFill","","QueryPerformanceCounter","","","","","","","","","GetWindowPlacement",""
"","","","","","","","","","","","","","","","","","","","","","","","","","","","","","","MoveToEx","","GetTickCount","","","","","","","","","MapVirtualKeyExA",""
"","","","","","","","","","","","","","","","","","","","","","","","","","","","","","","SetViewportOrgEx","","TlsAlloc","","","","","","","","","GetWindowRgn",""
"","","","","","","","","","","","","","","","","","","","","","","","","","","","","","","CreateRoundRectRgn","","VirtualProtect","","","","","","","","","DrawMenuBar",""
"","","","","","","","","","","","","","","","","","","","","","","","","","","","","","","CreateCompatibleDC","","GetVersionExA","","","","","","","","","EnableMenuItem",""
"","","","","","","","","","","","","","","","","","","","","","","","","","","","","","","CreateRectRgn","","LoadLibraryA","","","","","","","","","InvertRect",""
"","","","","","","","","","","","","","","","","","","","","","","","","","","","","","","Escape","","RtlUnwind","","","","","","","","","GetMenuItemCount",""
"","","","","","","","","","","","","","","","","","","","","","","","","","","","","","","SelectObject","","Process32Next","","","","","","","","","TabbedTextOutA",""
"","","","","","","","","","","","","","","","","","","","","","","","","","","","","","","SetPolyFillMode","","GlobalSize","","","","","","","","","DrawFocusRect",""
"","","","","","","","","","","","","","","","","","","","","","","","","","","","","","","CreateCompatibleBitmap","","UnlockFile","","","","","","","","","SetTimer",""
"","","","","","","","","","","","","","","","","","","","","","","","","","","","","","","CreateSolidBrush","","GetFileSize","","","","","","","","","GetActiveWindow",""
"","","","","","","","","","","","","","","","","","","","","","","","","","","","","","","Polyline","","GlobalDeleteAtom","","","","","","","","","GetKeyboardLayout",""
"","","","","","","","","","","","","","","","","","","","","","","","","","","","","","","DPtoLP","","Process32First","","","","","","","","","FillRect",""
"","","","","","","","","","","","","","","","","","","","","","","","","","","","","","","CopyMetaFileA","","GetPrivateProfileIntA","","","","","","","","","MonitorFromPoint",""
"","","","","","","","","","","","","","","","","","","","","","","","","","","","","","","Ellipse","","DeleteFileA","","","","","","","","","CharNextA",""
"","","","","","","","","","","","","","","","","","","","","","","","","","","","","","","EnumFontFamiliesExA","","GetWindowsDirectoryA","","","","","","","","","GetSysColorBrush",""
"","","","","","","","","","","","","","","","","","","","","","","","","","","","","","","","","GetStartupInfoW","","","","","","","","","RealChildWindowFromPoint",""
"","","","","","","","","","","","","","","","","","","","","","","","","","","","","","","","","GetProcAddress","","","","","","","","","CreateMenu",""
"","","","","","","","","","","","","","","","","","","","","","","","","","","","","","","","","GetProcessHeap","","","","","","","","","GetUpdateRect",""
"","","","","","","","","","","","","","","","","","","","","","","","","","","","","","","","","CompareStringW","","","","","","","","","CreateAcceleratorTableA",""
"","","","","","","","","","","","","","","","","","","","","","","","","","","","","","","","","WriteFile","","","","","","","","","IsChild",""
"","","","","","","","","","","","","","","","","","","","","","","","","","","","","","","","","GetFileSizeEx","","","","","","","","","IsDialogMessageA",""
"","","","","","","","","","","","","","","","","","","","","","","","","","","","","","","","","GlobalReAlloc","","","","","","","","","SetFocus",""
"","","","","","","","","","","","","","","","","","","","","","","","","","","","","","","","","lstrcmpA","","","","","","","","","MapVirtualKeyA",""
"","","","","","","","","","","","","","","","","","","","","","","","","","","","","","","","","FindFirstFileA","","","","","","","","","GetMessageA",""
"","","","","","","","","","","","","","","","","","","","","","","","","","","","","","","","","lstrcpyA","","","","","","","","","PostMessageA",""
"","","","","","","","","","","","","","","","","","","","","","","","","","","","","","","","","CompareStringA","","","","","","","","","BeginPaint",""
"","","","","","","","","","","","","","","","","","","","","","","","","","","","","","","","","GetTempFileNameA","","","","","","","","","OffsetRect",""
"","","","","","","","","","","","","","","","","","","","","","","","","","","","","","","","","GetComputerNameA","","","","","","","","","EndDialog",""
"","","","","","","","","","","","","","","","","","","","","","","","","","","","","","","","","DuplicateHandle","","","","","","","","","GetScrollPos",""
"","","","","","","","","","","","","","","","","","","","","","","","","","","","","","","","","GlobalLock","","","","","","","","","CopyIcon",""
"","","","","","","","","","","","","","","","","","","","","","","","","","","","","","","","","GetTimeZoneInformation","","","","","","","","","KillTimer",""
"","","","","","","","","","","","","","","","","","","","","","","","","","","","","","","","","CreateFileW","","","","","","","","","GetMonitorInfoA",""
"","","","","","","","","","","","","","","","","","","","","","","","","","","","","","","","","CreateEventA","","","","","","","","","RegisterWindowMessageA",""
"","","","","","","","","","","","","","","","","","","","","","","","","","","","","","","","","GlobalFindAtomA","","","","","","","","","DefWindowProcA",""
"","","","","","","","","","","","","","","","","","","","","","","","","","","","","","","","","GetFileType","","","","","","","","","ToAsciiEx",""
"","","","","","","","","","","","","","","","","","","","","","","","","","","","","","","","","TlsSetValue","","","","","","","","","MapWindowPoints",""
"","","","","","","","","","","","","","","","","","","","","","","","","","","","","","","","","CreateFileA","","","","","","","","","SendDlgItemMessageA",""
"","","","","","","","","","","","","","","","","","","","","","","","","","","","","","","","","ExitProcess","","","","","","","","","GetSystemMetrics",""
"","","","","","","","","","","","","","","","","","","","","","","","","","","","","","","","","InterlockedIncrement","","","","","","","","","IsIconic",""
"","","","","","","","","","","","","","","","","","","","","","","","","","","","","","","","","GetLastError","","","","","","","","","SetScrollRange",""
"","","","","","","","","","","","","","","","","","","","","","","","","","","","","","","","","LocalReAlloc","","","","","","","","","GetWindowRect",""
"","","","","","","","","","","","","","","","","","","","","","","","","","","","","","","","","LCMapStringW","","","","","","","","","InflateRect",""
"","","","","","","","","","","","","","","","","","","","","","","","","","","","","","","","","GetSystemInfo","","","","","","","","","RegisterClassA",""
"","","","","","","","","","","","","","","","","","","","","","","","","","","","","","","","","lstrlenA","","","","","","","","","SetCapture",""
"","","","","","","","","","","","","","","","","","","","","","","","","","","","","","","","","GlobalFree","","","","","","","","","ReleaseCapture",""
"","","","","","","","","","","","","","","","","","","","","","","","","","","","","","","","","GetConsoleCP","","","","","","","","","GetScrollRange",""
"","","","","","","","","","","","","","","","","","","","","","","","","","","","","","","","","GlobalGetAtomNameA","","","","","","","","","SetWindowLongA",""
"","","","","","","","","","","","","","","","","","","","","","","","","","","","","","","","","GetThreadLocale","","","","","","","","","CheckDlgButton",""
"","","","","","","","","","","","","","","","","","","","","","","","","","","","","","","","","GetEnvironmentStringsW","","","","","","","","","RemovePropA",""
"","","","","","","","","","","","","","","","","","","","","","","","","","","","","","","","","GlobalUnlock","","","","","","","","","SetWindowTextA",""
"","","","","","","","","","","","","","","","","","","","","","","","","","","","","","","","","GlobalAlloc","","","","","","","","","CheckMenuItem",""
"","","","","","","","","","","","","","","","","","","","","","","","","","","","","","","","","lstrlenW","","","","","","","","","GetSubMenu",""
"","","","","","","","","","","","","","","","","","","","","","","","","","","","","","","","","LockFile","","","","","","","","","GetLastActivePopup",""
"","","","","","","","","","","","","","","","","","","","","","","","","","","","","","","","","FileTimeToLocalFileTime","","","","","","","","","PtInRect",""
"","","","","","","","","","","","","","","","","","","","","","","","","","","","","","","","","SizeofResource","","","","","","","","","DrawIconEx",""
"","","","","","","","","","","","","","","","","","","","","","","","","","","","","","","","","WritePrivateProfileStringA","","","","","","","","","CreateWindowExA",""
"","","","","","","","","","","","","","","","","","","","","","","","","","","","","","","","","GetCurrentProcessId","","","","","","","","","GetDlgItem",""
"","","","","","","","","","","","","","","","","","","","","","","","","","","","","","","","","LockResource","","","","","","","","","GetMenuCheckMarkDimensions",""
"","","","","","","","","","","","","","","","","","","","","","","","","","","","","","","","","HeapQueryInformation","","","","","","","","","BringWindowToTop",""
"","","","","","","","","","","","","","","","","","","","","","","","","","","","","","","","","GetCPInfo","","","","","","","","","ScreenToClient",""
"","","","","","","","","","","","","","","","","","","","","","","","","","","","","","","","","HeapSize","","","","","","","","","GetClassLongA",""
"","","","","","","","","","","","","","","","","","","","","","","","","","","","","","","","","GetCommandLineA","","","","","","","","","InsertMenuA",""
"","","","","","","","","","","","","","","","","","","","","","","","","","","","","","","","","GetCurrentThread","","","","","","","","","CreateDialogIndirectParamA",""
"","","","","","","","","","","","","","","","","","","","","","","","","","","","","","","","","SuspendThread","","","","","","","","","LoadCursorA",""
"","","","","","","","","","","","","","","","","","","","","","","","","","","","","","","","","RaiseException","","","","","","","","","LoadIconA",""
"","","","","","","","","","","","","","","","","","","","","","","","","","","","","","","","","TlsFree","","","","","","","","","GetKeyboardState",""
"","","","","","","","","","","","","","","","","","","","","","","","","","","","","","","","","GetModuleHandleA","","","","","","","","","SetWindowsHookExA",""
"","","","","","","","","","","","","","","","","","","","","","","","","","","","","","","","","ReadFile","","","","","","","","","GetMenuItemInfoA",""
"","","","","","","","","","","","","","","","","","","","","","","","","","","","","","","","","GlobalFlags","","","","","","","","","DestroyAcceleratorTable",""
"","","","","","","","","","","","","","","","","","","","","","","","","","","","","","","","","CloseHandle","","","","","","","","","ValidateRect",""
"","","","","","","","","","","","","","","","","","","","","","","","","","","","","","","","","GetACP","","","","","","","","","ShowOwnedPopups",""
"","","","","","","","","","","","","","","","","","","","","","","","","","","","","","","","","CopyFileA","","","","","","","","","LoadCursorW",""
"","","","","","","","","","","","","","","","","","","","","","","","","","","","","","","","","GetModuleHandleW","","","","","","","","","GetSystemMenu",""
"","","","","","","","","","","","","","","","","","","","","","","","","","","","","","","","","FreeResource","","","","","","","","","ReuseDDElParam",""
"","","","","","","","","","","","","","","","","","","","","","","","","","","","","","","","","IsValidCodePage","","","","","","","","","GetMenuItemID",""
"","","","","","","","","","","","","","","","","","","","","","","","","","","","","","","","","HeapCreate","","","","","","","","","SetForegroundWindow",""
"","","","","","","","","","","","","","","","","","","","","","","","","","","","","","","","","FindResourceW","","","","","","","","","NotifyWinEvent",""
"","","","","","","","","","","","","","","","","","","","","","","","","","","","","","","","","Sleep","","","","","","","","","PostThreadMessageA",""
"","","","","","","","","","","","","","","","","","","","","","","","","","","","","","","","","GetFileAttributesExA","","","","","","","","","OpenClipboard",""
"","","","","","","","","","","","","","","","","","","","","","","","","","","","","","","","","FindResourceA","","","","","","","","","EmptyClipboard",""
"","","","","","","","","","","","","","","","","","","","","","","","","","","","","","","","","VirtualAlloc","","","","","","","","","DrawTextA",""
"","","","","","","","","","","","","","","","","","","","","","","","","","","","","","","","","","","","","","","","","","IntersectRect",""
"","","","","","","","","","","","","","","","","","","","","","","","","","","","","","","","","","","","","","","","","","SetLayeredWindowAttributes",""
"","","","","","","","","","","","","","","","","","","","","","","","","","","","","","","","","","","","","","","","","","GetScrollInfo",""
"","","","","","","","","","","","","","","","","","","","","","","","","","","","","","","","","","","","","","","","","","LoadMenuA",""
"","","","","","","","","","","","","","","","","","","","","","","","","","","","","","","","","","","","","","","","","","HideCaret",""
"","","","","","","","","","","","","","","","","","","","","","","","","","","","","","","","","","","","","","","","","","CopyRect",""
"","","","","","","","","","","","","","","","","","","","","","","","","","","","","","","","","","","","","","","","","","GetCapture",""
"","","","","","","","","","","","","","","","","","","","","","","","","","","","","","","","","","","","","","","","","","WaitMessage",""
"","","","","","","","","","","","","","","","","","","","","","","","","","","","","","","","","","","","","","","","","","CreatePopupMenu",""
"","","","","","","","","","","","","","","","","","","","","","","","","","","","","","","","","","","","","","","","","","MessageBeep",""
"","","","","","","","","","","","","","","","","","","","","","","","","","","","","","","","","","","","","","","","","","LoadMenuW",""
"","","","","","","","","","","","","","","","","","","","","","","","","","","","","","","","","","","","","","","","","","DrawTextExA",""
"","","","","","","","","","","","","","","","","","","","","","","","","","","","","","","","","","","","","","","","","","RemoveMenu",""
"","","","","","","","","","","","","","","","","","","","","","","","","","","","","","","","","","","","","","","","","","GetWindowThreadProcessId",""
"","","","","","","","","","","","","","","","","","","","","","","","","","","","","","","","","","","","","","","","","","DeferWindowPos",""
"","","","","","","","","","","","","","","","","","","","","","","","","","","","","","","","","","","","","","","","","","BeginDeferWindowPos",""
"","","","","","","","","","","","","","","","","","","","","","","","","","","","","","","","","","","","","","","","","","AppendMenuA",""
"","","","","","","","","","","","","","","","","","","","","","","","","","","","","","","","","","","","","","","","","","GetMenuState",""
"","","","","","","","","","","","","","","","","","","","","","","","","","","","","","","","","","","","","","","","","","GetPropA",""
"","","","","","","","","","","","","","","","","","","","","","","","","","","","","","","","","","","","","","","","","","SetMenu",""
"","","","","","","","","","","","","","","","","","","","","","","","","","","","","","","","","","","","","","","","","","RegisterClipboardFormatA",""
"","","","","","","","","","","","","","","","","","","","","","","","","","","","","","","","","","","","","","","","","","MoveWindow",""
"","","","","","","","","","","","","","","","","","","","","","","","","","","","","","","","","","","","","","","","","","GetMenuStringA",""
"","","","","","","","","","","","","","","","","","","","","","","","","","","","","","","","","","","","","","","","","","CallWindowProcA",""
"","","","","","","","","","","","","","","","","","","","","","","","","","","","","","","","","","","","","","","","","","MessageBoxA",""
"","","","","","","","","","","","","","","","","","","","","","","","","","","","","","","","","","","","","","","","","","GetClassNameA",""
"","","","","","","","","","","","","","","","","","","","","","","","","","","","","","","","","","","","","","","","","","GetWindowDC",""
"","","","","","","","","","","","","","","","","","","","","","","","","","","","","","","","","","","","","","","","","","DestroyCursor",""
"","","","","","","","","","","","","","","","","","","","","","","","","","","","","","","","","","","","","","","","","","AdjustWindowRectEx",""
"","","","","","","","","","","","","","","","","","","","","","","","","","","","","","","","","","","","","","","","","","GetSysColor",""
"","","","","","","","","","","","","","","","","","","","","","","","","","","","","","","","","","","","","","","","","","SetScrollInfo",""
"","","","","","","","","","","","","","","","","","","","","","","","","","","","","","","","","","","","","","","","","","CopyImage",""
"","","","","","","","","","","","","","","","","","","","","","","","","","","","","","","","","","","","","","","","","","EndDeferWindowPos",""
"","","","","","","","","","","","","","","","","","","","","","","","","","","","","","","","","","","","","","","","","","SystemParametersInfoA",""
"","","","","","","","","","","","","","","","","","","","","","","","","","","","","","","","","","","","","","","","","","UpdateLayeredWindow",""
"","","","","","","","","","","","","","","","","","","","","","","","","","","","","","","","","","","","","","","","","","GetDoubleClickTime",""
"","","","","","","","","","","","","","","","","","","","","","","","","","","","","","","","","","","","","","","","","","DestroyIcon",""
"","","","","","","","","","","","","","","","","","","","","","","","","","","","","","","","","","","","","","","","","","GetKeyNameTextA",""
"","","","","","","","","","","","","","","","","","","","","","","","","","","","","","","","","","","","","","","","","","ShowScrollBar",""
"","","","","","","","","","","","","","","","","","","","","","","","","","","","","","","","","","","","","","","","","","GetDesktopWindow",""
"","","","","","","","","","","","","","","","","","","","","","","","","","","","","","","","","","","","","","","","","","SubtractRect",""
"","","","","","","","","","","","","","","","","","","","","","","","","","","","","","","","","","","","","","","","","","UnpackDDElParam",""
"","","","","","","","","","","","","","","","","","","","","","","","","","","","","","","","","","","","","","","","","","SetCursorPos",""
"","","","","","","","","","","","","","","","","","","","","","","","","","","","","","","","","","","","","","","","","","WinHelpA",""
"","","","","","","","","","","","","","","","","","","","","","","","","","","","","","","","","","","","","","","","","","LoadIconW",""
"","","","","","","","","","","","","","","","","","","","","","","","","","","","","","","","","","","","","","","","","","UnionRect",""
"","","","","","","","","","","","","","","","","","","","","","","","","","","","","","","","","","","","","","","","","","MonitorFromWindow",""
"","","","","","","","","","","","","","","","","","","","","","","","","","","","","","","","","","","","","","","","","","FrameRect",""
"","","","","","","","","","","","","","","","","","","","","","","","","","","","","","","","","","","","","","","","","","SetRect",""
"","","","","","","","","","","","","","","","","","","","","","","","","","","","","","","","","","","","","","","","","","DeleteMenu",""
"","","","","","","","","","","","","","","","","","","","","","","","","","","","","","","","","","","","","","","","","","InvalidateRect",""
"","","","","","","","","","","","","","","","","","","","","","","","","","","","","","","","","","","","","","","","","","SendMessageA",""
"","","","","","","","","","","","","","","","","","","","","","","","","","","","","","","","","","","","","","","","","","TranslateAcceleratorA",""
"","","","","","","","","","","","","","","","","","","","","","","","","","","","","","","","","","","","","","","","","","IsRectEmpty",""
"","","","","","","","","","","","","","","","","","","","","","","","","","","","","","","","","","","","","","","","","","IsMenu",""
"","","","","","","","","","","","","","","","","","","","","","","","","","","","","","","","","","","","","","","","","","GetFocus",""
"","","","","","","","","","","","","","","","","","","","","","","","","","","","","","","","","","","","","","","","","","CloseClipboard",""
"","","","","","","","","","","","","","","","","","","","","","","","","","","","","","","","","","","","","","","","","","IsWindowVisible",""
"","","","","","","","","","","","","","","","","","","","","","","","","","","","","","","","","","","","","","","","","","ModifyMenuA",""
"","","","","","","","","","","","","","","","","","","","","","","","","","","","","","","","","","","","","","","","","","UnhookWindowsHookEx",""
"","","","","","","","","","","","","","","","","","","","","","","","","","","","","","","","","","","","","","","","","","SetCursor",""
