"Imports","Runtime_DLL","Reg_Set","Reg_Set_Val","Reg_Set_Type","Reg_Del","Service_Opened","Service_Controlled","Service_Created","Service_Started","Proc_Terminated","Proc_Created","Proc_Injected","Proc_Shellcmds","File_Read","File_Opened","File_Written","File_Replaced","File_Moved_src","File_Moved_dst","File_Copied_src","File_Copied_dst","File_Deleted","ADVAPI32.dll","COMDLG32.dll","WINHTTP.dll","WINMM.dll","oledlg.dll","IMM32.dll","CRYPT32.dll","MSIMG32.dll","GDI32.dll","KERNEL32.dll","WINSPOOL.DRV","OLEAUT32.dll","SHELL32.dll","ole32.dll","SHLWAPI.dll","gdiplus.dll","USER32.dll","OLEACC.dll","COMCTL32.dll"
"ADVAPI32.dll","","","","","","","","","","","","","","","","","","","","","","","RegDeleteKeyA","GetFileTitleA","WinHttpConnect","PlaySoundA","Ord(8)","ImmReleaseContext","CryptUnprotectData","TransparentBlt","SetMapMode","GetStdHandle","OpenPrinterA","VariantChangeType","SHGetFileInfoA","OleUninitialize","PathFindExtensionA","GdipBitmapLockBits","MapWindowPoints","CreateStdAccessibleObject","ImageList_GetIconSize"
"COMDLG32.dll","","","","","","","","","","","","","","","","","","","","","","","LookupPrivilegeValueA","","WinHttpSendRequest","","","ImmGetOpenStatus","","AlphaBlend","GetWindowOrgEx","FileTimeToSystemTime","DocumentPropertiesA","VariantTimeToSystemTime","DragFinish","CoUninitialize","PathIsUNCA","GdipGetImagePixelFormat","GetForegroundWindow","AccessibleObjectFromWindow","InitCommonControlsEx"
"WINHTTP.dll","","","","","","","","","","","","","","","","","","","","","","","RegCloseKey","","WinHttpCloseHandle","","","ImmGetContext","","","GetPaletteEntries","GetFileAttributesA","ClosePrinter","SysStringLen","SHGetDesktopFolder","OleTranslateAccelerator","PathRemoveExtensionA","GdipCreateBitmapFromScan0","SetWindowRgn","LresultFromObject","_TrackMouseEvent"
"WINMM.dll","","","","","","","","","","","","","","","","","","","","","","","RegQueryValueExA","","WinHttpQueryDataAvailable","","","","","","CombineRgn","DeactivateActCtx","","SystemTimeToVariantTime","DragQueryFileA","OleLockRunning","PathRemoveFileSpecW","GdiplusShutdown","RedrawWindow","",""
"oledlg.dll","","","","","","","","","","","","","","","","","","","","","","","AdjustTokenPrivileges","","WinHttpReceiveResponse","","","","","","GetViewportOrgEx","WaitForSingleObject","","SysAllocStringLen","SHGetSpecialFolderLocation","OleDestroyMenuDescriptor","PathStripToRootA","GdipGetImagePalette","SetMenuItemBitmaps","",""
"IMM32.dll","","","","","","","","","","","","","","","","","","","","","","","RegCreateKeyExA","","WinHttpOpen","","","","","","GetObjectType","HeapAlloc","","VarBstrFromDate","SHBrowseForFolderA","DoDragDrop","PathFindFileNameA","GdipDisposeImage","LoadBitmapW","",""
"CRYPT32.dll","","","","","","","","","","","","","","","","","","","","","","","CryptHashData","","WinHttpOpenRequest","","","","","","GetBoundsRect","EncodePointer","","OleCreateFontIndirect","SHAppBarMessage","StgOpenStorageOnILockBytes","","GdipBitmapUnlockBits","DrawStateA","",""
"MSIMG32.dll","","","","","","","","","","","","","","","","","","","","","","","CryptCreateHash","","WinHttpReadData","","","","","","SetLayout","GetFileAttributesW","","VariantClear","SHGetFolderPathA","CreateStreamOnHGlobal","","GdiplusStartup","SetRectEmpty","",""
"GDI32.dll","","","","","","","","","","","","","","","","","","","","","","","OpenProcessToken","","","","","","","","SetPixel","lstrcmpW","","SysAllocString","SHGetPathFromIDListA","OleFlushClipboard","","GdipDeleteGraphics","EnableScrollBar","",""
"KERNEL32.dll","","","","","","","","","","","","","","","","","","","","","","","RegQueryValueA","","","","","","","","DeleteObject","DeleteCriticalSection","","SafeArrayDestroy","ShellExecuteA","ReleaseStgMedium","","GdipCreateBitmapFromStream","DestroyMenu","",""
"WINSPOOL.DRV","","","","","","","","","","","","","","","","","","","","","","","RegOpenKeyExA","","","","","","","","SetPaletteEntries","GetDiskFreeSpaceA","","VariantCopy","","CoCreateGuid","","GdipCreateFromHDC","PostQuitMessage","",""
"OLEAUT32.dll","","","","","","","","","","","","","","","","","","","","","","","RegDeleteValueA","","","","","","","","OffsetWindowOrgEx","GetConsoleMode","","GetErrorInfo","","RegisterDragDrop","","GdipGetImageWidth","GetMessagePos","",""
"SHELL32.dll","","","","","","","","","","","","","","","","","","","","","","","CryptGetHashParam","","","","","","","","CreateEllipticRgn","GetLocaleInfoA","","SysFreeString","","RevokeDragDrop","","GdipCreateBitmapFromHBITMAP","SetWindowPos","",""
"ole32.dll","","","","","","","","","","","","","","","","","","","","","","","CryptReleaseContext","","","","","","","","CreatePalette","LocalAlloc","","SysAllocStringByteLen","","CoRegisterMessageFilter","","GdipAlloc","GetScrollInfo","",""
"SHLWAPI.dll","","","","","","","","","","","","","","","","","","","","","","","CryptAcquireContextA","","","","","","","","CreateDIBitmap","SetErrorMode","","VariantInit","","OleGetClipboard","","GdipGetImagePaletteSize","SetScrollPos","",""
"gdiplus.dll","","","","","","","","","","","","","","","","","","","","","","","GetUserNameA","","","","","","","","SetTextAlign","FreeEnvironmentStringsW","","","","OleDuplicateData","","GdipDrawImageI","IsWindow","",""
"USER32.dll","","","","","","","","","","","","","","","","","","","","","","","RegEnumKeyA","","","","","","","","StretchBlt","SetStdHandle","","","","CLSIDFromString","","GdipDrawImageRectI","DispatchMessageA","",""
"OLEACC.dll","","","","","","","","","","","","","","","","","","","","","","","RegEnumKeyExA","","","","","","","","GetTextFaceA","GetFileTime","","","","CreateILockBytesOnHGlobal","","GdipSetInterpolationMode","EndPaint","",""
"COMCTL32.dll","","","","","","","","","","","","","","","","","","","","","","","CryptDestroyHash","","","","","","","","ScaleViewportExtEx","GetTempPathA","","","","CoGetClassObject","","GdipFree","CharUpperBuffA","",""
"","","","","","","","","","","","","","","","","","","","","","","","CredFree","","","","","","","","GetTextMetricsA","GetCPInfo","","","","CoInitialize","","GdipGetImageHeight","GrayStringA","",""
"","","","","","","","","","","","","","","","","","","","","","","","RegSetValueExA","","","","","","","","SetWindowExtEx","LoadLibraryW","","","","OleInitialize","","GdipCloneImage","WindowFromPoint","",""
"","","","","","","","","","","","","","","","","","","","","","","","RegEnumValueA","","","","","","","","SetBkColor","GetDiskFreeSpaceW","","","","CoLockObjectExternal","","GdipGetImageGraphicsContext","CopyRect","",""
"","","","","","","","","","","","","","","","","","","","","","","","CredEnumerateA","","","","","","","","GetBkColor","InterlockedExchange","","","","CoCreateInstance","","","GetMessageTime","",""
"","","","","","","","","","","","","","","","","","","","","","","","","","","","","","","","SetRectRgn","FindResourceExW","","","","CoTaskMemAlloc","","","SetActiveWindow","",""
"","","","","","","","","","","","","","","","","","","","","","","","","","","","","","","","MoveToEx","GetSystemTimeAsFileTime","","","","CoInitializeEx","","","GetMenuItemID","",""
"","","","","","","","","","","","","","","","","","","","","","","","","","","","","","","","GetTextCharsetInfo","SetDllDirectoryA","","","","OleCreateMenuDescriptor","","","GetAsyncKeyState","",""
"","","","","","","","","","","","","","","","","","","","","","","","","","","","","","","","GetSystemPaletteEntries","ReleaseActCtx","","","","CoRevokeClassObject","","","MapDialogRect","",""
"","","","","","","","","","","","","","","","","","","","","","","","","","","","","","","","OffsetRgn","HeapReAlloc","","","","StgCreateDocfileOnILockBytes","","","GetDlgCtrlID","",""
"","","","","","","","","","","","","","","","","","","","","","","","","","","","","","","","TextOutA","GetStringTypeW","","","","CLSIDFromProgID","","","GetClassInfoA","",""
"","","","","","","","","","","","","","","","","","","","","","","","","","","","","","","","CreateFontIndirectA","GetFullPathNameA","","","","CoFreeUnusedLibraries","","","GetMenu","",""
"","","","","","","","","","","","","","","","","","","","","","","","","","","","","","","","CreateRectRgnIndirect","SetEvent","","","","IsAccelerator","","","UnregisterClassA","",""
"","","","","","","","","","","","","","","","","","","","","","","","","","","","","","","","LPtoDP","LocalFree","","","","OleIsCurrentClipboard","","","IsClipboardFormatAvailable","",""
"","","","","","","","","","","","","","","","","","","","","","","","","","","","","","","","GetPixel","ResumeThread","","","","CoTaskMemFree","","","DefFrameProcA","",""
"","","","","","","","","","","","","","","","","","","","","","","","","","","","","","","","GetLayout","InitializeCriticalSection","","","","","","","GetClientRect","",""
"","","","","","","","","","","","","","","","","","","","","","","","","","","","","","","","ExcludeClipRect","LoadResource","","","","","","","SetMenuDefaultItem","",""
"","","","","","","","","","","","","","","","","","","","","","","","","","","","","","","","OffsetViewportOrgEx","GlobalHandle","","","","","","","LoadImageW","",""
"","","","","","","","","","","","","","","","","","","","","","","","","","","","","","","","SetBkMode","FindClose","","","","","","","GetNextDlgTabItem","",""
"","","","","","","","","","","","","","","","","","","","","","","","","","","","","","","","PtInRegion","TlsGetValue","","","","","","","CallNextHookEx","",""
"","","","","","","","","","","","","","","","","","","","","","","","","","","","","","","","BitBlt","GetProfileIntA","","","","","","","LoadAcceleratorsA","",""
"","","","","","","","","","","","","","","","","","","","","","","","","","","","","","","","EnumFontFamiliesA","GetFullPathNameW","","","","","","","GetWindowTextLengthA","",""
"","","","","","","","","","","","","","","","","","","","","","","","","","","","","","","","GetObjectA","SetLastError","","","","","","","GetMenuDefaultItem","",""
"","","","","","","","","","","","","","","","","","","","","","","","","","","","","","","","FillRgn","GetUserDefaultUILanguage","","","","","","","CopyAcceleratorTableA","",""
"","","","","","","","","","","","","","","","","","","","","","","","","","","","","","","","FrameRgn","GetSystemTime","","","","","","","TrackPopupMenu","",""
"","","","","","","","","","","","","","","","","","","","","","","","","","","","","","","","SelectPalette","GetModuleFileNameW","","","","","","","ClientToScreen","",""
"","","","","","","","","","","","","","","","","","","","","","","","","","","","","","","","PtVisible","IsDebuggerPresent","","","","","","","GetActiveWindow","",""
"","","","","","","","","","","","","","","","","","","","","","","","","","","","","","","","ExtSelectClipRgn","CopyFileA","","","","","","","GetSubMenu","",""
"","","","","","","","","","","","","","","","","","","","","","","","","","","","","","","","ScaleWindowExtEx","GetVersionExA","","","","","","","LockWindowUpdate","",""
"","","","","","","","","","","","","","","","","","","","","","","","","","","","","","","","SetROP2","GetModuleFileNameA","","","","","","","LoadAcceleratorsW","",""
"","","","","","","","","","","","","","","","","","","","","","","","","","","","","","","","GetNearestPaletteIndex","HeapSetInformation","","","","","","","GetTopWindow","",""
"","","","","","","","","","","","","","","","","","","","","","","","","","","","","","","","SetDIBColorTable","GetVolumeInformationA","","","","","","","GetWindowTextA","",""
"","","","","","","","","","","","","","","","","","","","","","","","","","","","","","","","GetTextColor","LoadLibraryExA","","","","","","","InvalidateRgn","",""
"","","","","","","","","","","","","","","","","","","","","","","","","","","","","","","","Escape","CreateActCtxW","","","","","","","GetKeyState","",""
"","","","","","","","","","","","","","","","","","","","","","","","","","","","","","","","SetViewportExtEx","GetPrivateProfileStringA","","","","","","","DestroyWindow","",""
"","","","","","","","","","","","","","","","","","","","","","","","","","","","","","","","CreateCompatibleDC","SetThreadPriority","","","","","","","GetMessageA","",""
"","","","","","","","","","","","","","","","","","","","","","","","","","","","","","","","GetWindowExtEx","ActivateActCtx","","","","","","","GetParent","",""
"","","","","","","","","","","","","","","","","","","","","","","","","","","","","","","","PatBlt","UnhandledExceptionFilter","","","","","","","UpdateWindow","",""
"","","","","","","","","","","","","","","","","","","","","","","","","","","","","","","","CreatePen","InterlockedDecrement","","","","","","","SetPropA","",""
"","","","","","","","","","","","","","","","","","","","","","","","","","","","","","","","GetClipBox","MultiByteToWideChar","","","","","","","EqualRect","",""
"","","","","","","","","","","","","","","","","","","","","","","","","","","","","","","","Rectangle","FormatMessageA","","","","","","","DefWindowProcA","",""
"","","","","","","","","","","","","","","","","","","","","","","","","","","","","","","","GetDeviceCaps","GetModuleHandleA","","","","","","","GetClassInfoExA","",""
"","","","","","","","","","","","","","","","","","","","","","","","","","","","","","","","CreateDCA","LockFileEx","","","","","","","ShowWindow","",""
"","","","","","","","","","","","","","","","","","","","","","","","","","","","","","","","LineTo","CreateThread","","","","","","","SetClassLongA","",""
"","","","","","","","","","","","","","","","","","","","","","","","","","","","","","","","DeleteDC","GetSystemDirectoryW","","","","","","","DrawFrameControl","",""
"","","","","","","","","","","","","","","","","","","","","","","","","","","","","","","","GetMapMode","GetSystemDefaultUILanguage","","","","","","","GetNextDlgGroupItem","",""
"","","","","","","","","","","","","","","","","","","","","","","","","","","","","","","","RealizePalette","GlobalAddAtomA","","","","","","","EnumDisplayMonitors","",""
"","","","","","","","","","","","","","","","","","","","","","","","","","","","","","","","CreateHatchBrush","SetUnhandledExceptionFilter","","","","","","","GetCursorPos","",""
"","","","","","","","","","","","","","","","","","","","","","","","","","","","","","","","CreatePatternBrush","ConvertDefaultLocale","","","","","","","TranslateMDISysAccel","",""
"","","","","","","","","","","","","","","","","","","","","","","","","","","","","","","","IntersectClipRect","GetCurrentProcess","","","","","","","EnableWindow","",""
"","","","","","","","","","","","","","","","","","","","","","","","","","","","","","","","CreateBitmap","MulDiv","","","","","","","SetWindowPlacement","",""
"","","","","","","","","","","","","","","","","","","","","","","","","","","","","","","","RectVisible","IsProcessorFeaturePresent","","","","","","","LoadImageA","",""
"","","","","","","","","","","","","","","","","","","","","","","","","","","","","","","","GetStockObject","ExitThread","","","","","","","PeekMessageA","",""
"","","","","","","","","","","","","","","","","","","","","","","","","","","","","","","","ExtTextOutA","DecodePointer","","","","","","","TranslateMessage","",""
"","","","","","","","","","","","","","","","","","","","","","","","","","","","","","","","SelectClipRgn","SetEnvironmentVariableA","","","","","","","IsWindowEnabled","",""
"","","","","","","","","","","","","","","","","","","","","","","","","","","","","","","","GetTextExtentPoint32A","TerminateProcess","","","","","","","GetWindow","",""
"","","","","","","","","","","","","","","","","","","","","","","","","","","","","","","","SetWindowOrgEx","GetNumberFormatA","","","","","","","CharUpperA","",""
"","","","","","","","","","","","","","","","","","","","","","","","","","","","","","","","GetViewportExtEx","VirtualQuery","","","","","","","InsertMenuItemA","",""
"","","","","","","","","","","","","","","","","","","","","","","","","","","","","","","","CreateFontA","SearchPathA","","","","","","","GetIconInfo","",""
"","","","","","","","","","","","","","","","","","","","","","","","","","","","","","","","CreatePolygonRgn","SetEndOfFile","","","","","","","SetParent","",""
"","","","","","","","","","","","","","","","","","","","","","","","","","","","","","","","Polygon","GetCurrentThreadId","","","","","","","SetClipboardData","",""
"","","","","","","","","","","","","","","","","","","","","","","","","","","","","","","","GetRgnBox","InterlockedIncrement","","","","","","","ScrollWindow","",""
"","","","","","","","","","","","","","","","","","","","","","","","","","","","","","","","SaveDC","WriteConsoleW","","","","","","","IsCharLowerA","",""
"","","","","","","","","","","","","","","","","","","","","","","","","","","","","","","","RestoreDC","AreFileApisANSI","","","","","","","IsZoomed","",""
"","","","","","","","","","","","","","","","","","","","","","","","","","","","","","","","SetDIBitsToDevice","InitializeCriticalSectionAndSpinCount","","","","","","","IsWindowVisible","",""
"","","","","","","","","","","","","","","","","","","","","","","","","","","","","","","","CreateDIBSection","HeapFree","","","","","","","MapVirtualKeyExA","",""
"","","","","","","","","","","","","","","","","","","","","","","","","","","","","","","","SetTextColor","EnterCriticalSection","","","","","","","GetWindowRgn","",""
"","","","","","","","","","","","","","","","","","","","","","","","","","","","","","","","ExtFloodFill","SetHandleCount","","","","","","","DrawMenuBar","",""
"","","","","","","","","","","","","","","","","","","","","","","","","","","","","","","","SetPixelV","lstrcmpiA","","","","","","","GetWindowPlacement","",""
"","","","","","","","","","","","","","","","","","","","","","","","","","","","","","","","SetViewportOrgEx","GetLastError","","","","","","","InvertRect","",""
"","","","","","","","","","","","","","","","","","","","","","","","","","","","","","","","CreateRoundRectRgn","GetOEMCP","","","","","","","GetMenuItemCount","",""
"","","","","","","","","","","","","","","","","","","","","","","","","","","","","","","","EnumFontFamiliesExA","QueryPerformanceCounter","","","","","","","TabbedTextOutA","",""
"","","","","","","","","","","","","","","","","","","","","","","","","","","","","","","","SetStretchBltMode","GetTickCount","","","","","","","DrawFocusRect","",""
"","","","","","","","","","","","","","","","","","","","","","","","","","","","","","","","CreateRectRgn","TlsAlloc","","","","","","","SetTimer","",""
"","","","","","","","","","","","","","","","","","","","","","","","","","","","","","","","SelectObject","VirtualProtect","","","","","","","GetKeyboardLayout","",""
"","","","","","","","","","","","","","","","","","","","","","","","","","","","","","","","SetPolyFillMode","FlushFileBuffers","","","","","","","FillRect","",""
"","","","","","","","","","","","","","","","","","","","","","","","","","","","","","","","CreateCompatibleBitmap","LoadLibraryA","","","","","","","MonitorFromPoint","",""
"","","","","","","","","","","","","","","","","","","","","","","","","","","","","","","","CreateSolidBrush","RtlUnwind","","","","","","","SetWindowContextHelpId","",""
"","","","","","","","","","","","","","","","","","","","","","","","","","","","","","","","Polyline","FreeLibrary","","","","","","","GetSysColorBrush","",""
"","","","","","","","","","","","","","","","","","","","","","","","","","","","","","","","DPtoLP","GlobalSize","","","","","","","RealChildWindowFromPoint","",""
"","","","","","","","","","","","","","","","","","","","","","","","","","","","","","","","CopyMetaFileA","UnlockFile","","","","","","","ReleaseDC","",""
"","","","","","","","","","","","","","","","","","","","","","","","","","","","","","","","Ellipse","GetFileSize","","","","","","","CreateMenu","",""
"","","","","","","","","","","","","","","","","","","","","","","","","","","","","","","","","GlobalDeleteAtom","","","","","","","GetUpdateRect","",""
"","","","","","","","","","","","","","","","","","","","","","","","","","","","","","","","","GetPrivateProfileIntA","","","","","","","CreateAcceleratorTableA","",""
"","","","","","","","","","","","","","","","","","","","","","","","","","","","","","","","","DeleteFileA","","","","","","","IsChild","",""
"","","","","","","","","","","","","","","","","","","","","","","","","","","","","","","","","GetWindowsDirectoryA","","","","","","","IsDialogMessageA","",""
"","","","","","","","","","","","","","","","","","","","","","","","","","","","","","","","","GetStartupInfoW","","","","","","","SetFocus","",""
"","","","","","","","","","","","","","","","","","","","","","","","","","","","","","","","","DeleteFileW","","","","","","","MapVirtualKeyA","",""
"","","","","","","","","","","","","","","","","","","","","","","","","","","","","","","","","GlobalLock","","","","","","","ReleaseCapture","",""
"","","","","","","","","","","","","","","","","","","","","","","","","","","","","","","","","GetProcessHeap","","","","","","","DrawEdge","",""
"","","","","","","","","","","","","","","","","","","","","","","","","","","","","","","","","CompareStringW","","","","","","","PostMessageA","",""
"","","","","","","","","","","","","","","","","","","","","","","","","","","","","","","","","WriteFile","","","","","","","BeginPaint","",""
"","","","","","","","","","","","","","","","","","","","","","","","","","","","","","","","","GetFileSizeEx","","","","","","","OffsetRect","",""
"","","","","","","","","","","","","","","","","","","","","","","","","","","","","","","","","GlobalReAlloc","","","","","","","GetScrollPos","",""
"","","","","","","","","","","","","","","","","","","","","","","","","","","","","","","","","lstrcmpA","","","","","","","CopyIcon","",""
"","","","","","","","","","","","","","","","","","","","","","","","","","","","","","","","","FindFirstFileA","","","","","","","KillTimer","",""
"","","","","","","","","","","","","","","","","","","","","","","","","","","","","","","","","lstrcpyA","","","","","","","GetMonitorInfoA","",""
"","","","","","","","","","","","","","","","","","","","","","","","","","","","","","","","","CompareStringA","","","","","","","RegisterWindowMessageA","",""
"","","","","","","","","","","","","","","","","","","","","","","","","","","","","","","","","GetTempFileNameA","","","","","","","DefMDIChildProcA","",""
"","","","","","","","","","","","","","","","","","","","","","","","","","","","","","","","","DuplicateHandle","","","","","","","ToAsciiEx","",""
"","","","","","","","","","","","","","","","","","","","","","","","","","","","","","","","","GetProcAddress","","","","","","","SendDlgItemMessageA","",""
"","","","","","","","","","","","","","","","","","","","","","","","","","","","","","","","","GetTimeZoneInformation","","","","","","","GetSystemMetrics","",""
"","","","","","","","","","","","","","","","","","","","","","","","","","","","","","","","","CreateFileW","","","","","","","IsIconic","",""
"","","","","","","","","","","","","","","","","","","","","","","","","","","","","","","","","CreateEventA","","","","","","","SetScrollRange","",""
"","","","","","","","","","","","","","","","","","","","","","","","","","","","","","","","","GlobalFindAtomA","","","","","","","GetWindowRect","",""
"","","","","","","","","","","","","","","","","","","","","","","","","","","","","","","","","GetFileType","","","","","","","InflateRect","",""
"","","","","","","","","","","","","","","","","","","","","","","","","","","","","","","","","TlsSetValue","","","","","","","RegisterClassA","",""
"","","","","","","","","","","","","","","","","","","","","","","","","","","","","","","","","CreateFileA","","","","","","","SetCapture","",""
"","","","","","","","","","","","","","","","","","","","","","","","","","","","","","","","","ExitProcess","","","","","","","DrawIcon","",""
"","","","","","","","","","","","","","","","","","","","","","","","","","","","","","","","","LeaveCriticalSection","","","","","","","GetScrollRange","",""
"","","","","","","","","","","","","","","","","","","","","","","","","","","","","","","","","GetSystemWindowsDirectoryA","","","","","","","SetWindowLongA","",""
"","","","","","","","","","","","","","","","","","","","","","","","","","","","","","","","","LocalReAlloc","","","","","","","CheckDlgButton","",""
"","","","","","","","","","","","","","","","","","","","","","","","","","","","","","","","","LCMapStringW","","","","","","","WaitMessage","",""
"","","","","","","","","","","","","","","","","","","","","","","","","","","","","","","","","GetSystemInfo","","","","","","","CreatePopupMenu","",""
"","","","","","","","","","","","","","","","","","","","","","","","","","","","","","","","","lstrlenA","","","","","","","CheckMenuItem","",""
"","","","","","","","","","","","","","","","","","","","","","","","","","","","","","","","","GlobalFree","","","","","","","GetWindowLongA","",""
"","","","","","","","","","","","","","","","","","","","","","","","","","","","","","","","","GetConsoleCP","","","","","","","GetLastActivePopup","",""
"","","","","","","","","","","","","","","","","","","","","","","","","","","","","","","","","FindResourceW","","","","","","","PtInRect","",""
"","","","","","","","","","","","","","","","","","","","","","","","","","","","","","","","","GlobalGetAtomNameA","","","","","","","DrawIconEx","",""
"","","","","","","","","","","","","","","","","","","","","","","","","","","","","","","","","GetThreadLocale","","","","","","","CreateWindowExA","",""
"","","","","","","","","","","","","","","","","","","","","","","","","","","","","","","","","GetEnvironmentStringsW","","","","","","","GetDlgItem","",""
"","","","","","","","","","","","","","","","","","","","","","","","","","","","","","","","","GlobalUnlock","","","","","","","GetMenuCheckMarkDimensions","",""
"","","","","","","","","","","","","","","","","","","","","","","","","","","","","","","","","GlobalAlloc","","","","","","","BringWindowToTop","",""
"","","","","","","","","","","","","","","","","","","","","","","","","","","","","","","","","lstrlenW","","","","","","","GetSystemMenu","",""
"","","","","","","","","","","","","","","","","","","","","","","","","","","","","","","","","LockFile","","","","","","","ScreenToClient","",""
"","","","","","","","","","","","","","","","","","","","","","","","","","","","","","","","","FileTimeToLocalFileTime","","","","","","","GetClassLongA","",""
"","","","","","","","","","","","","","","","","","","","","","","","","","","","","","","","","SizeofResource","","","","","","","InsertMenuA","",""
"","","","","","","","","","","","","","","","","","","","","","","","","","","","","","","","","WritePrivateProfileStringA","","","","","","","GetCapture","",""
"","","","","","","","","","","","","","","","","","","","","","","","","","","","","","","","","GetCurrentProcessId","","","","","","","LoadCursorA","",""
"","","","","","","","","","","","","","","","","","","","","","","","","","","","","","","","","LockResource","","","","","","","LoadIconA","",""
"","","","","","","","","","","","","","","","","","","","","","","","","","","","","","","","","HeapQueryInformation","","","","","","","GetKeyboardState","",""
"","","","","","","","","","","","","","","","","","","","","","","","","","","","","","","","","GetCurrentDirectoryA","","","","","","","SetWindowsHookExA","",""
"","","","","","","","","","","","","","","","","","","","","","","","","","","","","","","","","HeapSize","","","","","","","GetMenuItemInfoA","",""
"","","","","","","","","","","","","","","","","","","","","","","","","","","","","","","","","GetCommandLineA","","","","","","","DestroyAcceleratorTable","",""
"","","","","","","","","","","","","","","","","","","","","","","","","","","","","","","","","GetCurrentThread","","","","","","","GetDesktopWindow","",""
"","","","","","","","","","","","","","","","","","","","","","","","","","","","","","","","","SuspendThread","","","","","","","ShowOwnedPopups","",""
"","","","","","","","","","","","","","","","","","","","","","","","","","","","","","","","","RaiseException","","","","","","","LoadCursorW","",""
"","","","","","","","","","","","","","","","","","","","","","","","","","","","","","","","","TlsFree","","","","","","","LoadIconW","",""
"","","","","","","","","","","","","","","","","","","","","","","","","","","","","","","","","SetFilePointer","","","","","","","ReuseDDElParam","",""
"","","","","","","","","","","","","","","","","","","","","","","","","","","","","","","","","ReadFile","","","","","","","GetDC","",""
"","","","","","","","","","","","","","","","","","","","","","","","","","","","","","","","","GlobalFlags","","","","","","","SetForegroundWindow","",""
"","","","","","","","","","","","","","","","","","","","","","","","","","","","","","","","","CloseHandle","","","","","","","NotifyWinEvent","",""
"","","","","","","","","","","","","","","","","","","","","","","","","","","","","","","","","lstrcpynA","","","","","","","PostThreadMessageA","",""
"","","","","","","","","","","","","","","","","","","","","","","","","","","","","","","","","GetACP","","","","","","","OpenClipboard","",""
"","","","","","","","","","","","","","","","","","","","","","","","","","","","","","","","","GetModuleHandleW","","","","","","","EmptyClipboard","",""
"","","","","","","","","","","","","","","","","","","","","","","","","","","","","","","","","FreeResource","","","","","","","DrawTextA","",""
"","","","","","","","","","","","","","","","","","","","","","","","","","","","","","","","","CreateProcessA","","","","","","","IntersectRect","",""
"","","","","","","","","","","","","","","","","","","","","","","","","","","","","","","","","WideCharToMultiByte","","","","","","","SetLayeredWindowAttributes","",""
"","","","","","","","","","","","","","","","","","","","","","","","","","","","","","","","","IsValidCodePage","","","","","","","EndDialog","",""
"","","","","","","","","","","","","","","","","","","","","","","","","","","","","","","","","HeapCreate","","","","","","","LoadMenuA","",""
"","","","","","","","","","","","","","","","","","","","","","","","","","","","","","","","","GetTempPathW","","","","","","","HideCaret","",""
"","","","","","","","","","","","","","","","","","","","","","","","","","","","","","","","","Sleep","","","","","","","CharNextA","",""
"","","","","","","","","","","","","","","","","","","","","","","","","","","","","","","","","GetFileAttributesExA","","","","","","","CreateDialogIndirectParamA","",""
"","","","","","","","","","","","","","","","","","","","","","","","","","","","","","","","","FindResourceA","","","","","","","RemovePropA","",""
"","","","","","","","","","","","","","","","","","","","","","","","","","","","","","","","","VirtualAlloc","","","","","","","SetWindowTextA","",""
"","","","","","","","","","","","","","","","","","","","","","","","","","","","","","","","","","","","","","","","MessageBeep","",""
"","","","","","","","","","","","","","","","","","","","","","","","","","","","","","","","","","","","","","","","LoadMenuW","",""
"","","","","","","","","","","","","","","","","","","","","","","","","","","","","","","","","","","","","","","","DrawTextExA","",""
"","","","","","","","","","","","","","","","","","","","","","","","","","","","","","","","","","","","","","","","RemoveMenu","",""
"","","","","","","","","","","","","","","","","","","","","","","","","","","","","","","","","","","","","","","","GetWindowThreadProcessId","",""
"","","","","","","","","","","","","","","","","","","","","","","","","","","","","","","","","","","","","","","","DeferWindowPos","",""
"","","","","","","","","","","","","","","","","","","","","","","","","","","","","","","","","","","","","","","","BeginDeferWindowPos","",""
"","","","","","","","","","","","","","","","","","","","","","","","","","","","","","","","","","","","","","","","AppendMenuA","",""
"","","","","","","","","","","","","","","","","","","","","","","","","","","","","","","","","","","","","","","","GetMenuState","",""
"","","","","","","","","","","","","","","","","","","","","","","","","","","","","","","","","","","","","","","","GetPropA","",""
"","","","","","","","","","","","","","","","","","","","","","","","","","","","","","","","","","","","","","","","SetMenu","",""
"","","","","","","","","","","","","","","","","","","","","","","","","","","","","","","","","","","","","","","","RegisterClipboardFormatA","",""
"","","","","","","","","","","","","","","","","","","","","","","","","","","","","","","","","","","","","","","","MoveWindow","",""
"","","","","","","","","","","","","","","","","","","","","","","","","","","","","","","","","","","","","","","","GetMenuStringA","",""
"","","","","","","","","","","","","","","","","","","","","","","","","","","","","","","","","","","","","","","","CallWindowProcA","",""
"","","","","","","","","","","","","","","","","","","","","","","","","","","","","","","","","","","","","","","","MessageBoxA","",""
"","","","","","","","","","","","","","","","","","","","","","","","","","","","","","","","","","","","","","","","GetClassNameA","",""
"","","","","","","","","","","","","","","","","","","","","","","","","","","","","","","","","","","","","","","","GetWindowDC","",""
"","","","","","","","","","","","","","","","","","","","","","","","","","","","","","","","","","","","","","","","DestroyCursor","",""
"","","","","","","","","","","","","","","","","","","","","","","","","","","","","","","","","","","","","","","","AdjustWindowRectEx","",""
"","","","","","","","","","","","","","","","","","","","","","","","","","","","","","","","","","","","","","","","GetSysColor","",""
"","","","","","","","","","","","","","","","","","","","","","","","","","","","","","","","","","","","","","","","SetScrollInfo","",""
"","","","","","","","","","","","","","","","","","","","","","","","","","","","","","","","","","","","","","","","CopyImage","",""
"","","","","","","","","","","","","","","","","","","","","","","","","","","","","","","","","","","","","","","","EndDeferWindowPos","",""
"","","","","","","","","","","","","","","","","","","","","","","","","","","","","","","","","","","","","","","","SystemParametersInfoA","",""
"","","","","","","","","","","","","","","","","","","","","","","","","","","","","","","","","","","","","","","","UpdateLayeredWindow","",""
"","","","","","","","","","","","","","","","","","","","","","","","","","","","","","","","","","","","","","","","GetDoubleClickTime","",""
"","","","","","","","","","","","","","","","","","","","","","","","","","","","","","","","","","","","","","","","DestroyIcon","",""
"","","","","","","","","","","","","","","","","","","","","","","","","","","","","","","","","","","","","","","","GetKeyNameTextA","",""
"","","","","","","","","","","","","","","","","","","","","","","","","","","","","","","","","","","","","","","","ShowScrollBar","",""
"","","","","","","","","","","","","","","","","","","","","","","","","","","","","","","","","","","","","","","","SubtractRect","",""
"","","","","","","","","","","","","","","","","","","","","","","","","","","","","","","","","","","","","","","","UnpackDDElParam","",""
"","","","","","","","","","","","","","","","","","","","","","","","","","","","","","","","","","","","","","","","SetCursorPos","",""
"","","","","","","","","","","","","","","","","","","","","","","","","","","","","","","","","","","","","","","","WinHelpA","",""
"","","","","","","","","","","","","","","","","","","","","","","","","","","","","","","","","","","","","","","","UnionRect","",""
"","","","","","","","","","","","","","","","","","","","","","","","","","","","","","","","","","","","","","","","MonitorFromWindow","",""
"","","","","","","","","","","","","","","","","","","","","","","","","","","","","","","","","","","","","","","","FrameRect","",""
"","","","","","","","","","","","","","","","","","","","","","","","","","","","","","","","","","","","","","","","SetRect","",""
"","","","","","","","","","","","","","","","","","","","","","","","","","","","","","","","","","","","","","","","DeleteMenu","",""
"","","","","","","","","","","","","","","","","","","","","","","","","","","","","","","","","","","","","","","","InvalidateRect","",""
"","","","","","","","","","","","","","","","","","","","","","","","","","","","","","","","","","","","","","","","SendMessageA","",""
"","","","","","","","","","","","","","","","","","","","","","","","","","","","","","","","","","","","","","","","TranslateAcceleratorA","",""
"","","","","","","","","","","","","","","","","","","","","","","","","","","","","","","","","","","","","","","","EnableMenuItem","",""
"","","","","","","","","","","","","","","","","","","","","","","","","","","","","","","","","","","","","","","","ValidateRect","",""
"","","","","","","","","","","","","","","","","","","","","","","","","","","","","","","","","","","","","","","","IsRectEmpty","",""
"","","","","","","","","","","","","","","","","","","","","","","","","","","","","","","","","","","","","","","","IsMenu","",""
"","","","","","","","","","","","","","","","","","","","","","","","","","","","","","","","","","","","","","","","GetFocus","",""
"","","","","","","","","","","","","","","","","","","","","","","","","","","","","","","","","","","","","","","","CloseClipboard","",""
"","","","","","","","","","","","","","","","","","","","","","","","","","","","","","","","","","","","","","","","ModifyMenuA","",""
"","","","","","","","","","","","","","","","","","","","","","","","","","","","","","","","","","","","","","","","UnhookWindowsHookEx","",""
"","","","","","","","","","","","","","","","","","","","","","","","","","","","","","","","","","","","","","","","SetCursor","",""
