"Imports","Runtime_DLL","Reg_Set","Reg_Set_Val","Reg_Set_Type","Reg_Del","Service_Opened","Service_Controlled","Service_Created","Service_Started","Proc_Terminated","Proc_Created","Proc_Injected","Proc_Shellcmds","File_Read","File_Opened","File_Written","File_Replaced","File_Moved_src","File_Moved_dst","File_Copied_src","File_Copied_dst","File_Deleted","XINPUT1_3.dll","d3d9.dll","CrashRpt1301.dll","fmod_event_net.dll","fmodex.dll","WINMM.dll","PhysX3Common_x86.dll","CRYPT32.dll","fmod_event.dll","ADVAPI32.dll","KERNEL32.dll","PhysX3_x86.dll","GDI32.dll","ts3client_win32.dll","IPHLPAPI.DLL","SHELL32.dll","PhysX3Cooking_x86.dll","d3dx9_43.dll","WS2_32.dll","DINPUT8.dll","USER32.dll"
"XINPUT1_3.dll","","","","","","","","","","","","","","","","","","","","","","","Ord(2)","D3DPERF_BeginEvent","Ord(12)","?NetEventSystem_Shutdown@FMOD@@YG?AW4FMOD_RESULT@@XZ","?createSound@System@FMOD@@QAG?AW4FMOD_RESULT@@PBDIPAUFMOD_CREATESOUNDEXINFO@@PAPAVSound@2@@Z","timeEndPeriod","?findOverlapHeightField@PxMeshQuery@physx@@SAIABVPxGeometry@2@ABVPxTransform@2@ABVPxHeightFieldGeometry@2@1PAIIIAA_N@Z","CertGetSubjectCertificateFromStore","?getPaused@Event@FMOD@@QAG?AW4FMOD_RESULT@@PA_N@Z","CryptDestroyKey","GetStdHandle","??0PxArticulationJointGeneratedInfo@physx@@QAE@XZ","CreateICA","ts3client_setClientSelfVariableAsInt","GetAdaptersInfo","ShellExecuteA","PxCreateCooking","D3DXMatrixOrthoLH","htonl","DirectInput8Create","SetFocus"
"d3d9.dll","","","","","","","","","","","","","","","","","","","","","","","","D3DPERF_SetOptions","Ord(24)","?NetEventSystem_Update@FMOD@@YG?AW4FMOD_RESULT@@XZ","?setSoftwareFormat@System@FMOD@@QAG?AW4FMOD_RESULT@@HW4FMOD_SOUND_FORMAT@@HHW4FMOD_DSP_RESAMPLER@@@Z","timeGetTime","?getCurrentCounterValue@Time@shdfnd@physx@@SA_KXZ","CertEnumCertificatesInStore","?preloadFSB@EventSystem@FMOD@@QAG?AW4FMOD_RESULT@@PBDHPAVSound@2@_N@Z","RegCloseKey","GetDriveTypeW","??0PxArticulationLinkGeneratedInfo@physx@@QAE@XZ","SetMapMode","ts3client_createIdentity","","SHGetFolderPathA","","D3DXMatrixInverse","shutdown","","EmptyClipboard"
"CrashRpt1301.dll","","","","","","","","","","","","","","","","","","","","","","","","Direct3DCreate9","Ord(11)","","?set3DSettings@System@FMOD@@QAG?AW4FMOD_RESULT@@MMM@Z","timeBeginPeriod","??6RenderOutput@Cm@physx@@QAEAAV012@I@Z","CertCreateCertificateContext","?keyOff@EventParameter@FMOD@@QAG?AW4FMOD_RESULT@@XZ","RegQueryValueExA","GetConsoleOutputCP","??0PxParticleFluidGeneratedInfo@physx@@QAE@XZ","CreatePen","ts3client_setPreProcessorConfigValue","","","","D3DXMatrixRotationQuaternion","accept","","ShowCursor"
"fmod_event_net.dll","","","","","","","","","","","","","","","","","","","","","","","","D3DPERF_EndEvent","Ord(16)","","?setDSPBufferSize@System@FMOD@@QAG?AW4FMOD_RESULT@@IH@Z","","?PxDiagonalize@physx@@YA?AVPxVec3@1@ABVPxMat33@1@AAVPxQuat@1@@Z","CertSetCertificateContextProperty","?getState@Event@FMOD@@QAG?AW4FMOD_RESULT@@PAI@Z","CryptSetHashParam","ReleaseMutex","PxRegisterHeightFields","GetDeviceCaps","ts3client_spawnNewServerConnectionHandler","","","","D3DXMatrixPerspectiveFovLH","ioctlsocket","","GetUserObjectInformationW"
"fmodex.dll","","","","","","","","","","","","","","","","","","","","","","","","","Ord(7)","","?setFileSystem@System@FMOD@@QAG?AW4FMOD_RESULT@@P6G?AW43@PBDHPAIPAPAX2@ZP6G?AW43@PAX4@ZP6G?AW43@44I14@ZP6G?AW43@4I4@ZP6G?AW43@PAUFMOD_ASYNCREADINFO@@4@Z5H@Z","","?getSize@SListImpl@shdfnd@physx@@SAABIXZ","CertGetCertificateContextProperty","?unloadFSB@EventSystem@FMOD@@QAG?AW4FMOD_RESULT@@PBDH@Z","RegCreateKeyExA","FileTimeToSystemTime","??0PxTolerancesScaleGeneratedInfo@physx@@QAE@XZ","CreateDCA","ts3client_setPlaybackConfigValue","","","","D3DXGetShaderConstantTable","WSAStartup","","UpdateWindow"
"WINMM.dll","","","","","","","","","","","","","","","","","","","","","","","","","Ord(9)","","?release@Sound@FMOD@@QAG?AW4FMOD_RESULT@@XZ","","?getTriangle@PxMeshQuery@physx@@SAXABVPxHeightFieldGeometry@2@ABVPxTransform@2@IAAVPxTriangle@2@PAI3@Z","CertFreeCertificateContext","?set3DAttributes@Event@FMOD@@QAG?AW4FMOD_RESULT@@PBUFMOD_VECTOR@@00@Z","CryptCreateHash","GetComputerNameA","??0PxHeightFieldDescGeneratedInfo@physx@@QAE@XZ","LineTo","ts3client_flushClientSelfUpdates","","","","D3DXMatrixRotationAxis","connect","","BeginPaint"
"PhysX3Common_x86.dll","","","","","","","","","","","","","","","","","","","","","","","","","","","?setSpeakerMode@System@FMOD@@QAG?AW4FMOD_RESULT@@W4FMOD_SPEAKERMODE@@@Z","","?raycast_box@Gu@physx@@YAIABVPxGeometry@2@ABVPxTransform@2@ABVPxVec3@2@2MV?PxFlags@W4Enum@PxSceneQueryFlag@physx@@I@2@IPIAUPxRaycastHit@2@_NP6A_NAAU72@PAX@Z7@Z","CryptMsgUpdate","FMOD_EventSystem_Create","DeregisterEventSource","GetFileAttributesA","??0PxConvexMeshGeometryGeneratedInfo@physx@@QAE@XZ","DeleteDC","ts3client_getDefaultCaptureMode","","","","D3DXCompileShader","getsockname","","DefWindowProcA"
"CRYPT32.dll","","","","","","","","","","","","","","","","","","","","","","","","","","","?getDriverInfo@System@FMOD@@QAG?AW4FMOD_RESULT@@HPADHPAUFMOD_GUID@@@Z","","??0SListImpl@shdfnd@physx@@QAE@XZ","CertCloseStore","?getInfo@Event@FMOD@@QAG?AW4FMOD_RESULT@@PAHPAPADPAUFMOD_EVENT_INFO@@@Z","RegisterEventSourceA","WaitForSingleObject","??0PxMeshScaleGeneratedInfo@physx@@QAE@XZ","BitBlt","ts3client_requestMuteClients","","","","D3DXSaveSurfaceToFileInMemory","htons","","GetMonitorInfoA"
"fmod_event.dll","","","","","","","","","","","","","","","","","","","","","","","","","","","?getDriverCaps@System@FMOD@@QAG?AW4FMOD_RESULT@@HPAIPAHPAW4FMOD_SPEAKERMODE@@@Z","","?set@Sync@shdfnd@physx@@QAEXXZ","CertOpenStore","?update@EventSystem@FMOD@@QAG?AW4FMOD_RESULT@@XZ","RegOpenKeyExA","GetDriveTypeA","?getGeometry@PxShapeGeometryPropertyHelper@physx@@QBE_NPBVPxShape@2@AAVPxHeightFieldGeometry@2@@Z","CreateDIBSection","ts3client_getClientVariableAsString","","","","D3DXGetImageInfoFromFileInMemory","inet_ntoa","","ClipCursor"
"ADVAPI32.dll","","","","","","","","","","","","","","","","","","","","","","","","","","","?setReverbAmbientProperties@System@FMOD@@QAG?AW4FMOD_RESULT@@PAUFMOD_REVERB_PROPERTIES@@@Z","","??0?PxFlags@W4Enum@PxSerialFlag@physx@@G@physx@@QAE@XZ","CryptMsgControl","?getReverbPreset@EventSystem@FMOD@@QAG?AW4FMOD_RESULT@@PBDPAUFMOD_REVERB_PROPERTIES@@PAH@Z","CryptReleaseContext","FindFirstFileW","?getGeometry@PxShapeGeometryPropertyHelper@physx@@QBE_NPBVPxShape@2@AAVPxSphereGeometry@2@@Z","SetTextColor","ts3client_getDefaultCaptureDevice","","","","D3DXMatrixDecompose","select","","GetMessageW"
"KERNEL32.dll","","","","","","","","","","","","","","","","","","","","","","","","","","","?getNumDrivers@System@FMOD@@QAG?AW4FMOD_RESULT@@PAH@Z","","??1Box@Gu@physx@@QAE@XZ","CertNameToStrW","?getPropertyByIndex@Event@FMOD@@QAG?AW4FMOD_RESULT@@HPAX_N@Z","CryptAcquireContextA","GetFileAttributesW","PxCreateBasePhysics","MoveToEx","ts3client_getPlaybackDeviceList","","","","D3DXMatrixOrthoOffCenterLH","gethostname","","SetClipboardViewer"
"PhysX3_x86.dll","","","","","","","","","","","","","","","","","","","","","","","","","","","?getVersion@System@FMOD@@QAG?AW4FMOD_RESULT@@PAI@Z","","?getSize@MutexImpl@shdfnd@physx@@SAABIXZ","CryptDecryptMessage","?start@Event@FMOD@@QAG?AW4FMOD_RESULT@@XZ","CryptGenRandom","GetLocalTime","??0PxAggregateGeneratedInfo@physx@@QAE@XZ","CreateFontA","ts3client_stopConnection","","","","D3DXCreateVolumeTextureFromFileInMemoryEx","getsockopt","","ShowWindow"
"GDI32.dll","","","","","","","","","","","","","","","","","","","","","","","","","","","?setOutput@System@FMOD@@QAG?AW4FMOD_RESULT@@W4FMOD_OUTPUTTYPE@@@Z","","??1SIMDGuard@shdfnd@physx@@QAE@XZ","CertDuplicateCertificateContext","?getEvent@EventSystem@FMOD@@QAG?AW4FMOD_RESULT@@PBDIPAPAVEvent@2@@Z","CryptAcquireContextW","FreeEnvironmentStringsA","?getGeometry@PxShapeGeometryPropertyHelper@physx@@QBE_NPBVPxShape@2@AAVPxTriangleMeshGeometry@2@@Z","GetStockObject","ts3client_getDefaultPlaybackDevice","","","","D3DXVec2Normalize","recv","","SetWindowLongA"
"ts3client_win32.dll","","","","","","","","","","","","","","","","","","","","","","","","","","","","","?quitIsSignalled@Thread@shdfnd@physx@@QAE_NXZ","CryptMsgOpenToDecode","?init@EventSystem@FMOD@@QAG?AW4FMOD_RESULT@@HIPAXI@Z","GetUserNameA","DeleteCriticalSection","??0PxClothGeneratedInfo@physx@@QAE@XZ","ExtTextOutA","ts3client_destroyServerConnectionHandler","","","","D3DXQuaternionRotationYawPitchRoll","ntohl","","GetClipboardData"
"IPHLPAPI.DLL","","","","","","","","","","","","","","","","","","","","","","","","","","","","","??I?PxFlags@W4Enum@PxSerialFlag@physx@@G@physx@@QBE?AV01@W4Enum@PxSerialFlag@1@@Z","CryptMsgClose","?release@Event@FMOD@@QAG?AW4FMOD_RESULT@@_N0@Z","CryptDecrypt","GetCurrentProcess","??0PxClothFabricGeneratedInfo@physx@@QAE@XZ","GetDIBits","ts3client_systemset3DListenerAttributes","","","","D3DXMatrixRotationY","inet_addr","","GetSystemMetrics"
"SHELL32.dll","","","","","","","","","","","","","","","","","","","","","","","","","","","","","??0FPUGuard@shdfnd@physx@@QAE@XZ","CryptEncodeObject","?setValue@EventParameter@FMOD@@QAG?AW4FMOD_RESULT@@M@Z","CryptGetProvParam","GetConsoleMode","??0PxPlaneGeometryGeneratedInfo@physx@@QAE@XZ","SetTextAlign","ts3client_getClientID","","","","D3DXMatrixRotationX","send","","PeekMessageW"
"PhysX3Cooking_x86.dll","","","","","","","","","","","","","","","","","","","","","","","","","","","","","?reset@Sync@shdfnd@physx@@QAEXXZ","CryptEncryptMessage","?setPaused@Event@FMOD@@QAG?AW4FMOD_RESULT@@_N@Z","CryptDestroyHash","GetLocaleInfoA","??0PxRigidStaticGeneratedInfo@physx@@QAE@XZ","CreateCompatibleDC","ts3client_closeCaptureDevice","","","","D3DXMatrixRotationZ","ntohs","","GetWindowRect"
"d3dx9_43.dll","","","","","","","","","","","","","","","","","","","","","","","","","","","","","??0Sync@shdfnd@physx@@QAE@XZ","CryptMsgGetParam","?createReverb@EventSystem@FMOD@@QAG?AW4FMOD_RESULT@@PAPAVEventReverb@2@@Z","CryptGetUserKey","UnhandledExceptionFilter","?getGeometry@PxShapeGeometryPropertyHelper@physx@@QBE_NPBVPxShape@2@AAVPxBoxGeometry@2@@Z","ExtEscape","ts3client_requestUnmuteClients","","","","D3DXVec3Project","WSAGetLastError","","DispatchMessageA"
"WS2_32.dll","","","","","","","","","","","","","","","","","","","","","","","","","","","","","?getTriangle@PxMeshQuery@physx@@SAXABVPxTriangleMeshGeometry@2@ABVPxTransform@2@IAAVPxTriangle@2@PAI3@Z","CertFindCertificateInStore","?getParentGroup@Event@FMOD@@QAG?AW4FMOD_RESULT@@PAPAVEventGroup@2@@Z","CryptExportKey","SetErrorMode","?getGeometry@PxShapeGeometryPropertyHelper@physx@@QBE_NPBVPxShape@2@AAVPxPlaneGeometry@2@@Z","SelectObject","ts3client_startConnection","","","","D3DXSaveTextureToFileA","listen","","ScreenToClient"
"DINPUT8.dll","","","","","","","","","","","","","","","","","","","","","","","","","","","","","?raycast_capsule@Gu@physx@@YAIABVPxGeometry@2@ABVPxTransform@2@ABVPxVec3@2@2MV?PxFlags@W4Enum@PxSceneQueryFlag@physx@@I@2@IPIAUPxRaycastHit@2@_NP6A_NAAU72@PAX@Z7@Z","CryptDecodeObject","?stop@Event@FMOD@@QAG?AW4FMOD_RESULT@@_N@Z","RegSetValueExA","FreeEnvironmentStringsW","?getGeometry@PxShapeGeometryPropertyHelper@physx@@QBE_NPBVPxShape@2@AAVPxConvexMeshGeometry@2@@Z","GetTextExtentPoint32A","ts3client_closePlaybackDevice","","","","D3DXMatrixTranslation","__WSAFDIsSet","","MoveWindow"
"USER32.dll","","","","","","","","","","","","","","","","","","","","","","","","","","","","","?signalQuit@Thread@shdfnd@physx@@QAEXXZ","","?release@EventSystem@FMOD@@QAG?AW4FMOD_RESULT@@XZ","CryptEnumProvidersA","GetLocaleInfoW","PxRegisterArticulations","SetBkColor","ts3client_getErrorMessage","","","","D3DXCreateTextureFromFileInMemoryEx","WSACleanup","","MessageBoxA"
"","","","","","","","","","","","","","","","","","","","","","","","","","","","","","??1FPUGuard@shdfnd@physx@@QAE@XZ","","?load@EventSystem@FMOD@@QAG?AW4FMOD_RESULT@@PBDPAUFMOD_EVENT_LOADINFO@@PAPAVEventProject@2@@Z","RegDeleteValueA","GetFullPathNameA","??0PxSphereGeometryGeneratedInfo@physx@@QAE@XZ","DeleteObject","ts3client_openCaptureDevice","","","","D3DXVec3TransformNormal","gethostbyname","","GetWindowDC"
"","","","","","","","","","","","","","","","","","","","","","","","","","","","","","PxGetFoundation","","?setPropertyByIndex@Event@FMOD@@QAG?AW4FMOD_RESULT@@HPAX_N@Z","ReportEventA","GetFileTime","??0PxParticleSystemGeneratedInfo@physx@@QAE@XZ","CreateCompatibleBitmap","ts3client_channelset3DAttributes","","","","D3DXQuaternionSlerp","getnameinfo","","SetWindowPos"
"","","","","","","","","","","","","","","","","","","","","","","","","","","","","","?distanceSegmentBoxSquared@Gu@physx@@YAMABVPxVec3@2@000ABVPxMat33@2@PAMPAV32@@Z","","?setMediaPath@EventSystem@FMOD@@QAG?AW4FMOD_RESULT@@PBD@Z","CryptSignHashA","GetTempPathA","?createShape@PxRigidActorShapeCollectionHelper@physx@@QBEPAVPxShape@2@PAVPxRigidActor@2@ABVPxGeometry@2@PBQAVPxMaterial@2@IABVPxTransform@2@@Z","","ts3client_freeMemory","","","","D3DXQuaternionRotationMatrix","closesocket","","TranslateMessage"
"","","","","","","","","","","","","","","","","","","","","","","","","","","","","","??0Box@Gu@physx@@QAE@XZ","","?getParameter@Event@FMOD@@QAG?AW4FMOD_RESULT@@PBDPAPAVEventParameter@2@@Z","","WideCharToMultiByte","??0PxCapsuleGeometryGeneratedInfo@physx@@QAE@XZ","","ts3client_getCaptureDeviceList","","","","D3DXCreateBox","WSAIoctl","","PostQuitMessage"
"","","","","","","","","","","","","","","","","","","","","","","","","","","","","","?addToStringTable@Cm@physx@@YAIAAV?Array@DV?ReflectionAllocator@D@shdfnd@physx@@@shdfnd@2@PBD@Z","","?getSystemObject@EventSystem@FMOD@@QAG?AW4FMOD_RESULT@@PAPAVSystem@2@@Z","","GetStringTypeA","??0PxTriangleMeshGeometryGeneratedInfo@physx@@QAE@XZ","","ts3client_openPlaybackDevice","","","","D3DXPlaneFromPointNormal","setsockopt","","GetProcessWindowStation"
"","","","","","","","","","","","","","","","","","","","","","","","","","","","","","?setAffinityMask@Thread@shdfnd@physx@@UAEII@Z","","?set3DListenerAttributes@EventSystem@FMOD@@QAG?AW4FMOD_RESULT@@HPBUFMOD_VECTOR@@000@Z","","InterlockedExchange","??0PxRigidDynamicGeneratedInfo@physx@@QAE@XZ","","ts3client_destroyClientLib","","","","D3DXVec3TransformCoord","socket","","GetKeyState"
"","","","","","","","","","","","","","","","","","","","","","","","","","","","","","?deallocate@Allocator@shdfnd@physx@@QAEXPAX@Z","","?get3DListenerAttributes@EventSystem@FMOD@@QAG?AW4FMOD_RESULT@@HPAUFMOD_VECTOR@@000@Z","","GetTempPathW","??0PxMaterialGeneratedInfo@physx@@QAE@XZ","","ts3client_initClientLib","","","","D3DXCreateFontA","bind","","GetCursorPos"
"","","","","","","","","","","","","","","","","","","","","","","","","","","","","","?error@Foundation@shdfnd@physx@@QAAXW4Enum@PxErrorCode@3@PBDH1ZZ","","?getCategory@EventSystem@FMOD@@QAG?AW4FMOD_RESULT@@PBDPAPAVEventCategory@2@@Z","","GetSystemTimeAsFileTime","??0PxShapeGeneratedInfo@physx@@QAE@XZ","","ts3client_getDefaultPlayBackMode","","","","D3DXPlaneIntersectLine","recvfrom","","ReleaseDC"
"","","","","","","","","","","","","","","","","","","","","","","","","","","","","","?push@SListImpl@shdfnd@physx@@QAEXPAVSListEntry@23@@Z","","","","SetThreadAffinityMask","PxGetSDKMetaData","","","","","","D3DXLoadSurfaceFromSurface","sendto","","SetWindowTextA"
"","","","","","","","","","","","","","","","","","","","","","","","","","","","","","?sweep@GeometryQuery@Gu@physx@@SA_NABVPxVec3@3@MABVPxGeometry@3@ABVPxTransform@3@IPBVPxTriangle@3@AAUPxSweepHit@3@V?PxFlags@W4Enum@PxSceneQueryFlag@physx@@I@3@PBIM@Z","","","","GlobalMemoryStatusEx","??0PxArticulationGeneratedInfo@physx@@QAE@XZ","","","","","","D3DXMatrixMultiply","","","SetClipboardData"
"","","","","","","","","","","","","","","","","","","","","","","","","","","","","","??1Sync@shdfnd@physx@@QAE@XZ","","","","GetDiskFreeSpaceA","??0PxHeightFieldGeometryGeneratedInfo@physx@@QAE@XZ","","","","","","D3DXQuaternionMultiply","","","wsprintfW"
"","","","","","","","","","","","","","","","","","","","","","","","","","","","","","PxCreateFoundation","","","","GetStringTypeW","?getGeometry@PxShapeGeometryPropertyHelper@physx@@QBE_NPBVPxShape@2@AAVPxCapsuleGeometry@2@@Z","","","","","","D3DXMatrixScaling","","","SendMessageA"
"","","","","","","","","","","","","","","","","","","","","","","","","","","","","","?intersectTriangleBox@Gu@physx@@YAHABVPxVec3@2@0000@Z","","","","SetFileAttributesA","??0PxBoxGeometryGeneratedInfo@physx@@QAE@XZ","","","","","","D3DXMatrixLookAtLH","","","GetClientRect"
"","","","","","","","","","","","","","","","","","","","","","","","","","","","","","?setName@Thread@shdfnd@physx@@QAEXPBD@Z","","","","SetEvent","","","","","","","D3DXVec3Transform","","","SetCursorPos"
"","","","","","","","","","","","","","","","","","","","","","","","","","","","","","?outputCapsule@RenderOutput@Cm@physx@@QAEAAV123@MMABVMatrix34@23@@Z","","","","LocalFree","","","","","","","D3DXMatrixPerspectiveOffCenterLH","","","ChangeClipboardChain"
"","","","","","","","","","","","","","","","","","","","","","","","","","","","","","?decRefCount@Foundation@shdfnd@physx@@SAXXZ","","","","MoveFileA","","","","","","","D3DXPlaneFromPoints","","","ClientToScreen"
"","","","","","","","","","","","","","","","","","","","","","","","","","","","","","??_4?PxFlags@W4Enum@PxSerialFlag@physx@@G@physx@@QAEAAV01@ABV01@@Z","","","","InitializeCriticalSection","","","","","","","D3DXSaveTextureToFileInMemory","","","SetRect"
"","","","","","","","","","","","","","","","","","","","","","","","","","","","","","?unlock@MutexImpl@shdfnd@physx@@QAE_NXZ","","","","FindClose","","","","","","","D3DXMatrixRotationYawPitchRoll","","","InvalidateRect"
"","","","","","","","","","","","","","","","","","","","","","","","","","","","","","?getId@Thread@shdfnd@physx@@SAIXZ","","","","InterlockedDecrement","","","","","","","D3DXMatrixTranspose","","","GetWindowLongA"
"","","","","","","","","","","","","","","","","","","","","","","","","","","","","","?waitForQuit@Thread@shdfnd@physx@@QAE_NXZ","","","","MoveFileW","","","","","","","D3DXPlaneTransform","","","IsClipboardFormatAvailable"
"","","","","","","","","","","","","","","","","","","","","","","","","","","","","","?start@Thread@shdfnd@physx@@QAEXI@Z","","","","SetFileAttributesW","","","","","","","D3DXSaveSurfaceToFileA","","","CreateWindowExA"
"","","","","","","","","","","","","","","","","","","","","","","","","","","","","","??0?PxFlags@W4Enum@PxSerialFlag@physx@@G@physx@@QAE@ABV01@@Z","","","","OutputDebugStringA","","","","","","","D3DXGetDeclVertexSize","","","LoadCursorA"
"","","","","","","","","","","","","","","","","","","","","","","","","","","","","","?deallocate@TempAllocator@shdfnd@physx@@QAEXPAX@Z","","","","SetLastError","","","","","","","D3DXCreateCubeTextureFromFileInMemoryEx","","","LoadIconA"
"","","","","","","","","","","","","","","","","","","","","","","","","","","","","","??B?PxFlags@W4Enum@PxSerialFlag@physx@@G@physx@@QBE_NXZ","","","","GetSystemTime","","","","","","","D3DXMatrixMultiplyTranspose","","","GetActiveWindow"
"","","","","","","","","","","","","","","","","","","","","","","","","","","","","","?getDefaultStackSize@Thread@shdfnd@physx@@SAIXZ","","","","ReadConsoleInputA","","","","","","","D3DXQuaternionInverse","","","RegisterClassA"
"","","","","","","","","","","","","","","","","","","","","","","","","","","","","","??1Thread@shdfnd@physx@@UAE@XZ","","","","TryEnterCriticalSection","","","","","","","D3DXVec4Transform","","","AdjustWindowRect"
"","","","","","","","","","","","","","","","","","","","","","","","","","","","","","?incRefCount@Foundation@shdfnd@physx@@SAXXZ","","","","IsDebuggerPresent","","","","","","","D3DXVec3Normalize","","","GetDesktopWindow"
"","","","","","","","","","","","","","","","","","","","","","","","","","","","","","??0Thread@shdfnd@physx@@QAE@XZ","","","","ExitProcess","","","","","","","D3DXQuaternionNormalize","","","EndPaint"
"","","","","","","","","","","","","","","","","","","","","","","","","","","","","","?sweep@PxGeometryQuery@physx@@SA_NABVPxVec3@2@MABVPxGeometry@2@ABVPxTransform@2@12AAUPxSweepHit@2@V?PxFlags@W4Enum@PxSceneQueryFlag@physx@@I@2@M@Z","","","","FlushFileBuffers","","","","","","","","","","CloseClipboard"
"","","","","","","","","","","","","","","","","","","","","","","","","","","","","","?lock@MutexImpl@shdfnd@physx@@QAE_NXZ","","","","GetModuleFileNameA","","","","","","","","","","GetWindowInfo"
"","","","","","","","","","","","","","","","","","","","","","","","","","","","","","?findOverlapTriangleMesh@PxMeshQuery@physx@@SAIABVPxGeometry@2@ABVPxTransform@2@ABVPxTriangleMeshGeometry@2@1PAIIIAA_N@Z","","","","RaiseException","","","","","","","","","","OpenClipboard"
"","","","","","","","","","","","","","","","","","","","","","","","","","","","","","??S?PxFlags@W4Enum@PxSerialFlag@physx@@G@physx@@QBE?AV01@XZ","","","","EnumSystemLocalesA","","","","","","","","","",""
"","","","","","","","","","","","","","","","","","","","","","","","","","","","","","??6RenderOutput@Cm@physx@@QAEAAV012@ABVPxTransform@2@@Z","","","","SetThreadPriority","","","","","","","","","",""
"","","","","","","","","","","","","","","","","","","","","","","","","","","","","","?wait@Sync@shdfnd@physx@@QAE_NI@Z","","","","GetUserDefaultLCID","","","","","","","","","",""
"","","","","","","","","","","","","","","","","","","","","","","","","","","","","","??1MutexImpl@shdfnd@physx@@QAE@XZ","","","","Module32First","","","","","","","","","",""
"","","","","","","","","","","","","","","","","","","","","","","","","","","","","","??0?PxFlags@W4Enum@PxSerialFlag@physx@@G@physx@@QAE@W4Enum@PxSerialFlag@1@@Z","","","","TlsGetValue","","","","","","","","","",""
"","","","","","","","","","","","","","","","","","","","","","","","","","","","","","?PxTransformFromSegment@physx@@YA?AVPxTransform@1@ABVPxVec3@1@0PAM@Z","","","","MultiByteToWideChar","","","","","","","","","",""
"","","","","","","","","","","","","","","","","","","","","","","","","","","","","","??0RenderOutput@Cm@physx@@QAE@AAVRenderBuffer@12@@Z","","","","GlobalMemoryStatus","","","","","","","","","",""
"","","","","","","","","","","","","","","","","","","","","","","","","","","","","","?pop@SListImpl@shdfnd@physx@@QAEPAVSListEntry@23@XZ","","","","FormatMessageA","","","","","","","","","",""
"","","","","","","","","","","","","","","","","","","","","","","","","","","","","","?distanceSegmentSegmentSquaredOLD@Gu@physx@@YAMABVPxVec3@2@000PAM1@Z","","","","CreateMutexA","","","","","","","","","",""
"","","","","","","","","","","","","","","","","","","","","","","","","","","","","","?allocate@TempAllocator@shdfnd@physx@@QAEPAXIPBDH@Z","","","","SetFilePointer","","","","","","","","","",""
"","","","","","","","","","","","","","","","","","","","","","","","","","","","","","?allocate@Allocator@shdfnd@physx@@QAEPAXIPBDH@Z","","","","GetFullPathNameW","","","","","","","","","",""
"","","","","","","","","","","","","","","","","","","","","","","","","","","","","","?getInstance@Foundation@shdfnd@physx@@SAAAV123@XZ","","","","InterlockedExchangeAdd","","","","","","","","","",""
"","","","","","","","","","","","","","","","","","","","","","","","","","","","","","?intersectOBBOBB@Gu@physx@@YA_NABVPxVec3@2@0ABVPxMat33@2@001_N@Z","","","","CreateSemaphoreA","","","","","","","","","",""
"","","","","","","","","","","","","","","","","","","","","","","","","","","","","","??0SIMDGuard@shdfnd@physx@@QAE@XZ","","","","CreateThread","","","","","","","","","",""
"","","","","","","","","","","","","","","","","","","","","","","","","","","","","","??6Cm@physx@@YAAAVRenderOutput@01@AAV201@ABUDebugBox@01@@Z","","","","Module32Next","","","","","","","","","",""
"","","","","","","","","","","","","","","","","","","","","","","","","","","","","","??1SListImpl@shdfnd@physx@@QAE@XZ","","","","SetUnhandledExceptionFilter","","","","","","","","","",""
"","","","","","","","","","","","","","","","","","","","","","","","","","","","","","??0MutexImpl@shdfnd@physx@@QAE@XZ","","","","MulDiv","","","","","","","","","",""
"","","","","","","","","","","","","","","","","","","","","","","","","","","","","","?CompleteBoxPruning@Gu@physx@@YA_NPBVPxBounds3@2@IAAV?Array@IV?ReflectionAllocator@I@shdfnd@physx@@@shdfnd@2@ABVAxes@12@@Z","","","","ExitThread","","","","","","","","","",""
"","","","","","","","","","","","","","","","","","","","","","","","","","","","","","?getAllocator@shdfnd@physx@@YAAAVPxAllocatorCallback@2@XZ","","","","SetEnvironmentVariableA","","","","","","","","","",""
"","","","","","","","","","","","","","","","","","","","","","","","","","","","","","?quit@Thread@shdfnd@physx@@QAEXXZ","","","","TerminateProcess","","","","","","","","","",""
"","","","","","","","","","","","","","","","","","","","","","","","","","","","","","","","","","WriteConsoleA","","","","","","","","","",""
"","","","","","","","","","","","","","","","","","","","","","","","","","","","","","","","","","GetVersion","","","","","","","","","",""
"","","","","","","","","","","","","","","","","","","","","","","","","","","","","","","","","","GlobalAlloc","","","","","","","","","",""
"","","","","","","","","","","","","","","","","","","","","","","","","","","","","","","","","","SetEndOfFile","","","","","","","","","",""
"","","","","","","","","","","","","","","","","","","","","","","","","","","","","","","","","","GetCurrentThreadId","","","","","","","","","",""
"","","","","","","","","","","","","","","","","","","","","","","","","","","","","","","","","","InterlockedIncrement","","","","","","","","","",""
"","","","","","","","","","","","","","","","","","","","","","","","","","","","","","","","","","WriteConsoleW","","","","","","","","","",""
"","","","","","","","","","","","","","","","","","","","","","","","","","","","","","","","","","CreateToolhelp32Snapshot","","","","","","","","","",""
"","","","","","","","","","","","","","","","","","","","","","","","","","","","","","","","","","InitializeCriticalSectionAndSpinCount","","","","","","","","","",""
"","","","","","","","","","","","","","","","","","","","","","","","","","","","","","","","","","HeapFree","","","","","","","","","",""
"","","","","","","","","","","","","","","","","","","","","","","","","","","","","","","","","","EnterCriticalSection","","","","","","","","","",""
"","","","","","","","","","","","","","","","","","","","","","","","","","","","","","","","","","PeekNamedPipe","","","","","","","","","",""
"","","","","","","","","","","","","","","","","","","","","","","","","","","","","","","","","","SetHandleCount","","","","","","","","","",""
"","","","","","","","","","","","","","","","","","","","","","","","","","","","","","","","","","TerminateThread","","","","","","","","","",""
"","","","","","","","","","","","","","","","","","","","","","","","","","","","","","","","","","SetConsoleMode","","","","","","","","","",""
"","","","","","","","","","","","","","","","","","","","","","","","","","","","","","","","","","GetOEMCP","","","","","","","","","",""
"","","","","","","","","","","","","","","","","","","","","","","","","","","","","","","","","","QueryPerformanceCounter","","","","","","","","","",""
"","","","","","","","","","","","","","","","","","","","","","","","","","","","","","","","","","GetTickCount","","","","","","","","","",""
"","","","","","","","","","","","","","","","","","","","","","","","","","","","","","","","","","TlsAlloc","","","","","","","","","",""
"","","","","","","","","","","","","","","","","","","","","","","","","","","","","","","","","","GetVersionExA","","","","","","","","","",""
"","","","","","","","","","","","","","","","","","","","","","","","","","","","","","","","","","LoadLibraryA","","","","","","","","","",""
"","","","","","","","","","","","","","","","","","","","","","","","","","","","","","","","","","RtlUnwind","","","","","","","","","",""
"","","","","","","","","","","","","","","","","","","","","","","","","","","","","","","","","","FreeLibrary","","","","","","","","","",""
"","","","","","","","","","","","","","","","","","","","","","","","","","","","","","","","","","GetStartupInfoA","","","","","","","","","",""
"","","","","","","","","","","","","","","","","","","","","","","","","","","","","","","","","","FlushConsoleInputBuffer","","","","","","","","","",""
"","","","","","","","","","","","","","","","","","","","","","","","","","","","","","","","","","GetFileSize","","","","","","","","","",""
"","","","","","","","","","","","","","","","","","","","","","","","","","","","","","","","","","LCMapStringW","","","","","","","","","",""
"","","","","","","","","","","","","","","","","","","","","","","","","","","","","","","","","","CreateDirectoryA","","","","","","","","","",""
"","","","","","","","","","","","","","","","","","","","","","","","","","","","","","","","","","DeleteFileA","","","","","","","","","",""
"","","","","","","","","","","","","","","","","","","","","","","","","","","","","","","","","","CreateDirectoryW","","","","","","","","","",""
"","","","","","","","","","","","","","","","","","","","","","","","","","","","","","","","","","DeleteFileW","","","","","","","","","",""
"","","","","","","","","","","","","","","","","","","","","","","","","","","","","","","","","","GetProcAddress","","","","","","","","","",""
"","","","","","","","","","","","","","","","","","","","","","","","","","","","","","","","","","GetProcessHeap","","","","","","","","","",""
"","","","","","","","","","","","","","","","","","","","","","","","","","","","","","","","","","CompareStringW","","","","","","","","","",""
"","","","","","","","","","","","","","","","","","","","","","","","","","","","","","","","","","GetFileInformationByHandle","","","","","","","","","",""
"","","","","","","","","","","","","","","","","","","","","","","","","","","","","","","","","","FindFirstFileA","","","","","","","","","",""
"","","","","","","","","","","","","","","","","","","","","","","","","","","","","","","","","","ResetEvent","","","","","","","","","",""
"","","","","","","","","","","","","","","","","","","","","","","","","","","","","","","","","","CreateFileMappingA","","","","","","","","","",""
"","","","","","","","","","","","","","","","","","","","","","","","","","","","","","","","","","FindNextFileA","","","","","","","","","",""
"","","","","","","","","","","","","","","","","","","","","","","","","","","","","","","","","","IsValidLocale","","","","","","","","","",""
"","","","","","","","","","","","","","","","","","","","","","","","","","","","","","","","","","DuplicateHandle","","","","","","","","","",""
"","","","","","","","","","","","","","","","","","","","","","","","","","","","","","","","","","WaitForMultipleObjects","","","","","","","","","",""
"","","","","","","","","","","","","","","","","","","","","","","","","","","","","","","","","","GetTimeZoneInformation","","","","","","","","","",""
"","","","","","","","","","","","","","","","","","","","","","","","","","","","","","","","","","CreateFileW","","","","","","","","","",""
"","","","","","","","","","","","","","","","","","","","","","","","","","","","","","","","","","CreateEventA","","","","","","","","","",""
"","","","","","","","","","","","","","","","","","","","","","","","","","","","","","","","","","GetFileType","","","","","","","","","",""
"","","","","","","","","","","","","","","","","","","","","","","","","","","","","","","","","","TlsSetValue","","","","","","","","","",""
"","","","","","","","","","","","","","","","","","","","","","","","","","","","","","","","","","CreateFileA","","","","","","","","","",""
"","","","","","","","","","","","","","","","","","","","","","","","","","","","","","","","","","HeapAlloc","","","","","","","","","",""
"","","","","","","","","","","","","","","","","","","","","","","","","","","","","","","","","","LeaveCriticalSection","","","","","","","","","",""
"","","","","","","","","","","","","","","","","","","","","","","","","","","","","","","","","","GetLastError","","","","","","","","","",""
"","","","","","","","","","","","","","","","","","","","","","","","","","","","","","","","","","SystemTimeToFileTime","","","","","","","","","",""
"","","","","","","","","","","","","","","","","","","","","","","","","","","","","","","","","","SetStdHandle","","","","","","","","","",""
"","","","","","","","","","","","","","","","","","","","","","","","","","","","","","","","","","HeapCreate","","","","","","","","","",""
"","","","","","","","","","","","","","","","","","","","","","","","","","","","","","","","","","GetSystemInfo","","","","","","","","","",""
"","","","","","","","","","","","","","","","","","","","","","","","","","","","","","","","","","GetConsoleCP","","","","","","","","","",""
"","","","","","","","","","","","","","","","","","","","","","","","","","","","","","","","","","LCMapStringA","","","","","","","","","",""
"","","","","","","","","","","","","","","","","","","","","","","","","","","","","","","","","","HeapReAlloc","","","","","","","","","",""
"","","","","","","","","","","","","","","","","","","","","","","","","","","","","","","","","","GetEnvironmentStringsW","","","","","","","","","",""
"","","","","","","","","","","","","","","","","","","","","","","","","","","","","","","","","","GlobalUnlock","","","","","","","","","",""
"","","","","","","","","","","","","","","","","","","","","","","","","","","","","","","","","","WaitForSingleObjectEx","","","","","","","","","",""
"","","","","","","","","","","","","","","","","","","","","","","","","","","","","","","","","","GetCPInfo","","","","","","","","","",""
"","","","","","","","","","","","","","","","","","","","","","","","","","","","","","","","","","SwitchToThread","","","","","","","","","",""
"","","","","","","","","","","","","","","","","","","","","","","","","","","","","","","","","","GetEnvironmentStrings","","","","","","","","","",""
"","","","","","","","","","","","","","","","","","","","","","","","","","","","","","","","","","GetCurrentDirectoryW","","","","","","","","","",""
"","","","","","","","","","","","","","","","","","","","","","","","","","","","","","","","","","GetCurrentProcessId","","","","","","","","","",""
"","","","","","","","","","","","","","","","","","","","","","","","","","","","","","","","","","SetFileTime","","","","","","","","","",""
"","","","","","","","","","","","","","","","","","","","","","","","","","","","","","","","","","GetCurrentDirectoryA","","","","","","","","","",""
"","","","","","","","","","","","","","","","","","","","","","","","","","","","","","","","","","HeapSize","","","","","","","","","",""
"","","","","","","","","","","","","","","","","","","","","","","","","","","","","","","","","","GetCommandLineA","","","","","","","","","",""
"","","","","","","","","","","","","","","","","","","","","","","","","","","","","","","","","","InterlockedCompareExchange","","","","","","","","","",""
"","","","","","","","","","","","","","","","","","","","","","","","","","","","","","","","","","GetCurrentThread","","","","","","","","","",""
"","","","","","","","","","","","","","","","","","","","","","","","","","","","","","","","","","SuspendThread","","","","","","","","","",""
"","","","","","","","","","","","","","","","","","","","","","","","","","","","","","","","","","QueryPerformanceFrequency","","","","","","","","","",""
"","","","","","","","","","","","","","","","","","","","","","","","","","","","","","","","","","ReleaseSemaphore","","","","","","","","","",""
"","","","","","","","","","","","","","","","","","","","","","","","","","","","","","","","","","MapViewOfFile","","","","","","","","","",""
"","","","","","","","","","","","","","","","","","","","","","","","","","","","","","","","","","TlsFree","","","","","","","","","",""
"","","","","","","","","","","","","","","","","","","","","","","","","","","","","","","","","","GetModuleHandleA","","","","","","","","","",""
"","","","","","","","","","","","","","","","","","","","","","","","","","","","","","","","","","ReadFile","","","","","","","","","",""
"","","","","","","","","","","","","","","","","","","","","","","","","","","","","","","","","","CloseHandle","","","","","","","","","",""
"","","","","","","","","","","","","","","","","","","","","","","","","","","","","","","","","","GetACP","","","","","","","","","",""
"","","","","","","","","","","","","","","","","","","","","","","","","","","","","","","","","","GlobalLock","","","","","","","","","",""
"","","","","","","","","","","","","","","","","","","","","","","","","","","","","","","","","","GetModuleHandleW","","","","","","","","","",""
"","","","","","","","","","","","","","","","","","","","","","","","","","","","","","","","","","FileTimeToLocalFileTime","","","","","","","","","",""
"","","","","","","","","","","","","","","","","","","","","","","","","","","","","","","","","","IsValidCodePage","","","","","","","","","",""
"","","","","","","","","","","","","","","","","","","","","","","","","","","","","","","","","","UnmapViewOfFile","","","","","","","","","",""
"","","","","","","","","","","","","","","","","","","","","","","","","","","","","","","","","","WriteFile","","","","","","","","","",""
"","","","","","","","","","","","","","","","","","","","","","","","","","","","","","","","","","VirtualQuery","","","","","","","","","",""
"","","","","","","","","","","","","","","","","","","","","","","","","","","","","","","","","","VirtualFree","","","","","","","","","",""
"","","","","","","","","","","","","","","","","","","","","","","","","","","","","","","","","","Sleep","","","","","","","","","",""
"","","","","","","","","","","","","","","","","","","","","","","","","","","","","","","","","","IsBadReadPtr","","","","","","","","","",""
"","","","","","","","","","","","","","","","","","","","","","","","","","","","","","","","","","SetConsoleCtrlHandler","","","","","","","","","",""
"","","","","","","","","","","","","","","","","","","","","","","","","","","","","","","","","","OpenEventA","","","","","","","","","",""
"","","","","","","","","","","","","","","","","","","","","","","","","","","","","","","","","","VirtualAlloc","","","","","","","","","",""
"","","","","","","","","","","","","","","","","","","","","","","","","","","","","","","","","","CompareStringA","","","","","","","","","",""
