"Imports","Runtime_DLL","Reg_Set","Reg_Set_Val","Reg_Set_Type","Reg_Del","Service_Opened","Service_Controlled","Service_Created","Service_Started","Proc_Terminated","Proc_Created","Proc_Injected","Proc_Shellcmds","File_Read","File_Opened","File_Written","File_Replaced","File_Moved_src","File_Moved_dst","File_Copied_src","File_Copied_dst","File_Deleted","libopencv_highgui246.dll","QtCore4.dll","QtGui4.dll","KERNEL32.dll","msvcrt.dll","libopencv_imgproc246.dll","USER32.dll","libopencv_core246.dll"
"libopencv_highgui246.dll","","","","","","","","","","","","","","","","","","","","","","","_ZN2cv6imreadERKSsi","_ZN7QObject10timerEventEP11QTimerEvent","_ZN7QWidget14setWindowFlagsE6QFlagsIN2Qt10WindowTypeEE","GetLastError","__p__fmode","_ZN2cv8cvtColorERKNS_11_InputArrayERKNS_12_OutputArrayEii","SetWindowLongW","_ZN2cv3Mat10deallocateEv"
"QtCore4.dll","","","","","","","","","","","","","","","","","","","","","","","_ZN2cv7imwriteERKSsRKNS_11_InputArrayERKSt6vectorIiSaIiEE","_ZN8QVariantC1EPKc","_ZN10QBoxLayout9addWidgetEP7QWidgeti6QFlagsIN2Qt13AlignmentFlagEE","EnterCriticalSection","wcsftime","_ZN2cv6resizeERKNS_11_InputArrayERKNS_12_OutputArrayENS_5Size_IiEEddi","","_ZN2cv11_InputArrayC1ERKNS_3MatE"
"QtGui4.dll","","","","","","","","","","","","","","","","","","","","","","","","_ZN11QTranslator4loadERK7QStringS2_S2_S2_","_ZN11QMessageBox8criticalEP7QWidgetRK7QStringS4_6QFlagsINS_14StandardButtonEES6_","ReleaseMutex","__p__environ","_ZN2cv13matchTemplateERKNS_11_InputArrayES2_RKNS_12_OutputArrayEi","","_ZN2cv12_OutputArrayC1ERNS_3MatE"
"KERNEL32.dll","","","","","","","","","","","","","","","","","","","","","","","","_ZN7QStringaSERKS_","_ZN6QLabelC1ERK7QStringP7QWidget6QFlagsIN2Qt10WindowTypeEE","WaitForSingleObject","fclose","","","_ZN2cv8fastFreeEPv"
"msvcrt.dll","","","","","","","","","","","","","","","","","","","","","","","","_ZN9QSettings8setValueERK7QStringRK8QVariant","_ZN7QPixmapC1ERK5QSize","FreeLibrary","strtoul","","","_ZN2cv9minMaxLocERKNS_11_InputArrayEPdS3_PNS_6Point_IiEES6_S2_"
"libopencv_imgproc246.dll","","","","","","","","","","","","","","","","","","","","","","","","_ZN11QTextStreamlsEPKc","_ZN7QWidget11changeEventEP6QEvent","ExitProcess","_fstat","","","_ZN2cv3Mat6createEiPKii"
"USER32.dll","","","","","","","","","","","","","","","","","","","","","","","","_ZN9QListData6detachEi","_ZNK7QWidget6metricEN12QPaintDevice17PaintDeviceMetricE","TlsAlloc","_pclose","","","_ZN2cv9rectangleERNS_3MatENS_6Point_IiEES3_RKNS_7Scalar_IdEEiii"
"libopencv_core246.dll","","","","","","","","","","","","","","","","","","","","","","","","_Z9qBadAllocv","_ZN15QAbstractButton10setCheckedEb","VirtualProtect","fflush","","","_ZN2cv11mixChannelsEPKNS_3MatEjPS0_jPKij"
"","","","","","","","","","","","","","","","","","","","","","","","","_ZN6QTimerD1Ev","_ZN7QWidgetC2EPS_6QFlagsIN2Qt10WindowTypeEE","GetModuleFileNameA","strtol","","","_ZN2cv9normalizeERKNS_11_InputArrayERKNS_12_OutputArrayEddiiS2_"
"","","","","","","","","","","","","","","","","","","","","","","","","_ZN7QObject11eventFilterEPS_P6QEvent","_ZN7QWidget14dragLeaveEventEP15QDragLeaveEvent","LoadLibraryA","fputc","","","_ZN2cv3Mat8copySizeERKS0_"
"","","","","","","","","","","","","","","","","","","","","","","","","_ZN9QDateTimeD1Ev","_ZNK14QDesktopWidget12screenNumberERK6QPoint","DeleteCriticalSection","fwrite","","","_ZN2cv3MatC1ERKS0_RKNS_5Rect_IiEE"
"","","","","","","","","","","","","","","","","","","","","","","","","_ZN11QMetaObject18connectSlotsByNameEP7QObject","_ZN11QListWidget5clearEv","GetStartupInfoA","frexp","","",""
"","","","","","","","","","","","","","","","","","","","","","","","","_ZN7QString6numberEii","_ZN7QWidget13paletteChangeERK8QPalette","ReleaseSemaphore","mktime","","",""
"","","","","","","","","","","","","","","","","","","","","","","","","_ZNK7QString11toLocal8BitEv","_ZN12QTableWidget14setColumnCountEi","GetCommandLineW","pow","","",""
"","","","","","","","","","","","","","","","","","","","","","","","","_ZN5QFile4openE6QFlagsIN9QIODevice12OpenModeFlagEE","_ZN14QDesktopWidget6screenEi","TlsGetValue","_setjmp","","",""
"","","","","","","","","","","","","","","","","","","","","","","","","_ZN9QSettingsD1Ev","_ZN7QAction7setDataERK8QVariant","MultiByteToWideChar","localtime","","",""
"","","","","","","","","","","","","","","","","","","","","","","","","_ZN5QFile6removeERK7QString","_ZN9QTextEditC1EP7QWidget","GetCommandLineA","iswctype","","",""
"","","","","","","","","","","","","","","","","","","","","","","","","_ZN8QProcessC1EP7QObject","_ZN11QSpacerItem10changeSizeEiiN11QSizePolicy6PolicyES1_","GetProcAddress","wcscoll","","",""
"","","","","","","","","","","","","","","","","","","","","","","","","_ZNK7QString5splitERKS_NS_13SplitBehaviorEN2Qt15CaseSensitivityE","_ZN11QGridLayout7addItemEP11QLayoutItemiiii6QFlagsIN2Qt13AlignmentFlagEE","CreateMutexA","ceil","","",""
"","","","","","","","","","","","","","","","","","","","","","","","","_ZNK7QLocale4nameEv","_ZN10QBoxLayout9addLayoutEP7QLayouti","IsDBCSLeadByteEx","_write","","",""
"","","","","","","","","","","","","","","","","","","","","","","","","_ZN8QVariantC1ERK7QString","_ZN15QAbstractButton11setIconSizeERK5QSize","CreateSemaphoreA","strcoll","","",""
"","","","","","","","","","","","","","","","","","","","","","","","","_ZNK8QVariant11toByteArrayEv","_ZNK7QWidget15minimumSizeHintEv","WideCharToMultiByte","memcpy","","",""
"","","","","","","","","","","","","","","","","","","","","","","","","_ZN5QFile11setFileNameERK7QString","_ZN7QWidget13enabledChangeEb","TlsFree","strstr","","",""
"","","","","","","","","","","","","","","","","","","","","","","","","_ZN6QMutex6unlockEv","_ZN12QApplication7desktopEv","GetModuleHandleA","memmove","","",""
"","","","","","","","","","","","","","","","","","","","","","","","","_ZN11QTranslatorC1EP7QObject","_ZN7QPixmapC1Ev","InterlockedExchange","signal","","",""
"","","","","","","","","","","","","","","","","","","","","","","","","_ZN9QSettingsC1ERK7QStringNS_6FormatEP7QObject","_ZN7QWidgetD2Ev","SetUnhandledExceptionFilter","tanh","","",""
"","","","","","","","","","","","","","","","","","","","","","","","","_Z23qUnregisterResourceDataiPKhS0_S0_","_ZN15QSystemTrayIconC1EP7QObject","CloseHandle","fmod","","",""
"","","","","","","","","","","","","","","","","","","","","","","","","_ZNK7QString3argExiiRK5QChar","_ZN5QMenu12addSeparatorEv","InitializeCriticalSection","remove","","",""
"","","","","","","","","","","","","","","","","","","","","","","","","_ZN6QTimer11setIntervalEi","_ZN7QPixmapC1ERKS_","VirtualQuery","freopen","","",""
"","","","","","","","","","","","","","","","","","","","","","","","","_ZN7QObject13connectNotifyEPKc","_ZN7QWidget9clearMaskEv","InterlockedDecrement","strcmp","","",""
"","","","","","","","","","","","","","","","","","","","","","","","","_ZN11QTranslatorD1Ev","_ZNK7QWidget7paletteEv","Sleep","memchr","","",""
"","","","","","","","","","","","","","","","","","","","","","","","","_ZNK11QMetaObject2trEPKcS1_","_ZN7QWidget11setGeometryERK5QRect","FormatMessageA","tmpfile","","",""
"","","","","","","","","","","","","","","","","","","","","","","","","_ZN7QThread5startENS_8PriorityE","_ZN7QWidget5closeEv","TlsSetValue","toupper","","",""
"","","","","","","","","","","","","","","","","","","","","","","","","_Z8qWinMainP11HINSTANCE__S0_PciRiR7QVectorIS1_E","_ZN6QImageD1Ev","GetCurrentThreadId","strcat","","",""
"","","","","","","","","","","","","","","","","","","","","","","","","_ZNK7QObject10objectNameEv","_ZNK7QWidget11minimumSizeEv","LeaveCriticalSection","cosh","","",""
"","","","","","","","","","","","","","","","","","","","","","","","","_ZN11QTextStream7readAllEv","_ZN15QSystemTrayIcon11showMessageERK7QStringS2_NS_11MessageIconEi","SetLastError","atexit","","",""
"","","","","","","","","","","","","","","","","","","","","","","","","_ZN8QVariantC1Ei","_ZN5QFontD1Ev","InterlockedIncrement","_setmode","","",""
"","","","","","","","","","","","","","","","","","","","","","","","","_ZN9QListData6appendEv","_ZN6QSound4playERK7QString","","fgets","","",""
"","","","","","","","","","","","","","","","","","","","","","","","","_ZNK4QDir12absolutePathEv","_ZN11QFileDialog15getOpenFileNameEP7QWidgetRK7QStringS4_S4_PS2_6QFlagsINS_6OptionEE","","strchr","","",""
"","","","","","","","","","","","","","","","","","","","","","","","","_ZN8QProcess15waitForFinishedEi","_ZN7QWidget14mouseMoveEventEP11QMouseEvent","","asin","","",""
"","","","","","","","","","","","","","","","","","","","","","","","","_ZN11QTextStreamD1Ev","_ZN16QTableWidgetItemC1Ei","","clock","","",""
"","","","","","","","","","","","","","","","","","","","","","","","","_ZN5QFileC1ERK7QString","_ZN9QCheckBoxC1EP7QWidget","","ftell","","",""
"","","","","","","","","","","","","","","","","","","","","","","","","_ZN11QVectorData10reallocateEPS_iii","_ZN5QFontC1Ev","","exit","","",""
"","","","","","","","","","","","","","","","","","","","","","","","","_ZN11QTextStreamC1EP9QIODevice","_ZN9QTextEdit5clearEv","","sprintf","","",""
"","","","","","","","","","","","","","","","","","","","","","","","","_ZN4QDirC1ERK7QString","_ZN7QWidget8winEventEP6tagMSGPl","","strrchr","","",""
"","","","","","","","","","","","","","","","","","","","","","","","","_ZN7QThread11qt_metacallEN11QMetaObject4CallEiPPv","_ZN9QTextEdit11setReadOnlyEb","","modf","","",""
"","","","","","","","","","","","","","","","","","","","","","","","","_ZN10QByteArray7reallocEi","_ZN7QWidget10setPaletteERK8QPalette","","strcspn","","",""
"","","","","","","","","","","","","","","","","","","","","","","","","_ZN5QTime11currentTimeEv","_ZNK7QPixmap4maskEv","","gmtime","","",""
"","","","","","","","","","","","","","","","","","","","","","","","","_ZN6QTimerC1EP7QObject","_ZN7QWidget13setStyleSheetERK7QString","","free","","",""
"","","","","","","","","","","","","","","","","","","","","","","","","_ZNK5QTime8toStringERK7QString","_ZN6QLabel7setTextERK7QString","","sinh","","",""
"","","","","","","","","","","","","","","","","","","","","","","","","_ZN8QVariantD1Ev","_ZN7QCursor3posEv","","__getmainargs","","",""
"","","","","","","","","","","","","","","","","","","","","","","","","_ZN10QTextCodec14codecForLocaleEv","_ZN9QGroupBox8setTitleERK7QString","","ungetwc","","",""
"","","","","","","","","","","","","","","","","","","","","","","","","_ZN7QThread16staticMetaObjectE","_ZN12QKeySequenceD1Ev","","cos","","",""
"","","","","","","","","","","","","","","","","","","","","","","","","_ZNK7QString5toIntEPbi","_ZN7QAction10setVisibleEb","","_read","","",""
"","","","","","","","","","","","","","","","","","","","","","","","","_ZN4QDirD1Ev","_ZN8QPainter10drawPixmapERK6QRectFRK7QPixmapS2_","","wcsxfrm","","",""
"","","","","","","","","","","","","","","","","","","","","","","","","_Z4endlR11QTextStream","_ZN8QPalette8setBrushENS_10ColorGroupENS_9ColorRoleERK6QBrush","","strcpy","","",""
"","","","","","","","","","","","","","","","","","","","","","","","","_ZN8QProcessD1Ev","_ZN7QWidget11resizeEventEP12QResizeEvent","","__mb_cur_max","","",""
"","","","","","","","","","","","","","","","","","","","","","","","","_ZN7QThread11qt_metacastEPKc","_ZN7QWidget10leaveEventEP6QEvent","","acos","","",""
"","","","","","","","","","","","","","","","","","","","","","","","","_ZN6QTimer5startEi","_ZThn8_NK7QWidget7devTypeEv","","strftime","","",""
"","","","","","","","","","","","","","","","","","","","","","","","","_ZNK7QString3argERKS_iRK5QChar","_ZN7QWidget11setTabOrderEPS_S0_","","_iob","","",""
"","","","","","","","","","","","","","","","","","","","","","","","","_ZN9QListData11detach_growEPii","_ZN7QDialog9showEventEP10QShowEvent","","rand","","",""
"","","","","","","","","","","","","","","","","","","","","","","","","_ZNK8QVariant5toIntEPb","_ZN10QBoxLayout10setSpacingEi","","_putenv","","",""
"","","","","","","","","","","","","","","","","","","","","","","","","_ZN7QObject5eventEP6QEvent","_ZN15QSystemTrayIcon21isSystemTrayAvailableEv","","setlocale","","",""
"","","","","","","","","","","","","","","","","","","","","","","","","_ZN9QSettings6removeERK7QString","_ZN8QPainter7setFontERK5QFont","","realloc","","",""
"","","","","","","","","","","","","","","","","","","","","","","","","_ZN9QDateTimeC1Ev","_ZN10QTableView12setRowHiddenEib","","strxfrm","","",""
"","","","","","","","","","","","","","","","","","","","","","","","","_ZN16QCoreApplication17installTranslatorEP11QTranslator","_ZN7QWidget10fontChangeERK5QFont","","ldexp","","",""
"","","","","","","","","","","","","","","","","","","","","","","","","_ZN5QChar9fromAsciiEc","_ZN7QDialog11qt_metacastEPKc","","_lseek","","",""
"","","","","","","","","","","","","","","","","","","","","","","","","_ZNK9QDateTime6secsToERKS_","_ZN7QAction16staticMetaObjectE","","_assert","","",""
"","","","","","","","","","","","","","","","","","","","","","","","","_ZN7QString16fromAscii_helperEPKci","_ZN7QWidget9hideEventEP10QHideEvent","","fopen","","",""
"","","","","","","","","","","","","","","","","","","","","","","","","_ZN9QDateTime15currentDateTimeEv","_ZN7QWidget9moveEventEP10QMoveEvent","","strncpy","","",""
"","","","","","","","","","","","","","","","","","","","","","","","","_ZN10QTextCodec12codecForNameERK10QByteArray","_ZN8QPaletteaSERKS_","","_cexit","","",""
"","","","","","","","","","","","","","","","","","","","","","","","","_ZN7QObject16disconnectNotifyEPKc","_ZNK7QWidget13frameGeometryEv","","log","","",""
"","","","","","","","","","","","","","","","","","","","","","","","","_ZNK4QDir6mkpathERK7QString","_ZN7QWidget5eventEP6QEvent","","fputs","","",""
"","","","","","","","","","","","","","","","","","","","","","","","","_ZNK9QFileInfo3dirEv","_ZNK7QWidget8sizeHintEv","","system","","",""
"","","","","","","","","","","","","","","","","","","","","","","","","_ZN8QProcess14waitForStartedEi","_ZN7QRegionpLERK5QRect","","_onexit","","",""
"","","","","","","","","","","","","","","","","","","","","","","","","_ZNK9QSettings7allKeysEv","_ZN7QRegionD1Ev","","wcslen","","",""
"","","","","","","","","","","","","","","","","","","","","","","","","_ZN7QString9fromAsciiEPKci","_ZThn8_NK7QWidget5getDCEv","","memcmp","","",""
"","","","","","","","","","","","","","","","","","","","","","","","","_ZN7QThreadC2EP7QObject","_ZN7QRegion9translateEii","","_filbuf","","",""
"","","","","","","","","","","","","","","","","","","","","","","","","_ZN11QMetaObject8activateEP7QObjectPKS_iPPv","_ZN7QActionC1EP7QObject","","srand","","",""
"","","","","","","","","","","","","","","","","","","","","","","","","_ZN7QString14fromWCharArrayEPKwi","_ZN7QAction7setTextERK7QString","","_fdopen","","",""
"","","","","","","","","","","","","","","","","","","","","","","","","_ZN7QString6appendERKS_","_ZN15QSystemTrayIcon7setIconERK5QIcon","","_pctype","","",""
"","","","","","","","","","","","","","","","","","","","","","","","","_ZN11QVectorData4freeEPS_i","_ZNK7QWidget7devTypeEv","","getenv","","",""
"","","","","","","","","","","","","","","","","","","","","","","","","_ZNK7QString5splitERK5QCharNS_13SplitBehaviorEN2Qt15CaseSensitivityE","_ZN7QCursorD1Ev","","vfprintf","","",""
"","","","","","","","","","","","","","","","","","","","","","","","","_ZN9QDateTime10fromStringERK7QStringS2_","_ZN6QColor6setRgbEiiii","","__lc_codepage","","",""
"","","","","","","","","","","","","","","","","","","","","","","","","_ZN7QString8fromUtf8EPKci","_ZNK7QDialog15minimumSizeHintEv","","_winmajor","","",""
"","","","","","","","","","","","","","","","","","","","","","","","","_ZN7QObject7connectEPKS_PKcS1_S3_N2Qt14ConnectionTypeE","_ZN7QWidget15mousePressEventEP11QMouseEvent","","atof","","",""
"","","","","","","","","","","","","","","","","","","","","","","","","_ZNK9QDateTime8toStringERK7QString","_ZN9QLineEdit7setTextERK7QString","","_popen","","",""
"","","","","","","","","","","","","","","","","","","","","","","","","_ZN6QMutex7tryLockEv","_ZN5QIconC1ERK7QPixmap","","fscanf","","",""
"","","","","","","","","","","","","","","","","","","","","","","","","_ZN9QListData11shared_nullE","_ZN7QWidget10setVisibleEb","","log10","","",""
"","","","","","","","","","","","","","","","","","","","","","","","","_ZNK10QTextCodec9toUnicodeEPKc","_ZN6QImageC1EPhiiiNS_6FormatE","","localeconv","","",""
"","","","","","","","","","","","","","","","","","","","","","","","","_ZNK11QTextStream5atEndEv","_ZN9QTextEdit7setTextERK7QString","","strerror","","",""
"","","","","","","","","","","","","","","","","","","","","","","","","_ZN7QObject11customEventEP6QEvent","_ZN5QFont9setFamilyERK7QString","","ungetc","","",""
"","","","","","","","","","","","","","","","","","","","","","","","","_ZN7QString4growEi","_ZN7QDialogD2Ev","","putwc","","",""
"","","","","","","","","","","","","","","","","","","","","","","","","_ZN11QVectorData8allocateEii","_ZN6QLabel12setAlignmentE6QFlagsIN2Qt13AlignmentFlagEE","","rename","","",""
"","","","","","","","","","","","","","","","","","","","","","","","","_ZN9QIODevice7readAllEv","_ZN7QDialog16staticMetaObjectE","","malloc","","",""
"","","","","","","","","","","","","","","","","","","","","","","","","_ZNK4QDir9entryListE6QFlagsINS_6FilterEES0_INS_8SortFlagEE","_ZNK7QPixmap6scaledERK5QSizeN2Qt15AspectRatioModeENS3_18TransformationModeE","","fread","","",""
"","","","","","","","","","","","","","","","","","","","","","","","","_ZN5QFileD1Ev","_ZN7QCursorC1EN2Qt11CursorShapeE","","abort","","",""
"","","","","","","","","","","","","","","","","","","","","","","","","_ZNK8QVariant8toStringEv","_ZN7QDialog11resizeEventEP12QResizeEvent","","fprintf","","",""
"","","","","","","","","","","","","","","","","","","","","","","","","_ZNK9QSettings5valueERK7QStringRK8QVariant","_ZN7QPixmap9fromImageERK6QImage6QFlagsIN2Qt19ImageConversionFlagEE","","getwc","","",""
"","","","","","","","","","","","","","","","","","","","","","","","","_ZN16QCoreApplication9translateEPKcS1_S1_NS_8EncodingE","_ZN9QTextEdit12setPlainTextERK7QString","","tan","","",""
"","","","","","","","","","","","","","","","","","","","","","","","","_ZN6QMutexC1ENS_13RecursionModeE","_ZN11QListWidget10insertItemEiP15QListWidgetItem","","strlen","","",""
"","","","","","","","","","","","","","","","","","","","","","","","","_ZN11QTextStream8readLineEx","_ZN5QIconC1Ev","","towupper","","",""
"","","","","","","","","","","","","","","","","","","","","","","","","_ZNK7QString7toAsciiEv","_ZN11QGridLayout9addWidgetEP7QWidgetiiii6QFlagsIN2Qt13AlignmentFlagEE","","strncat","","",""
"","","","","","","","","","","","","","","","","","","","","","","","","_ZNK7QStringeqERKS_","_ZThn8_NK7QWidget9releaseDCEP5HDC__","","clearerr","","",""
"","","","","","","","","","","","","","","","","","","","","","","","","_ZN7QLocale6systemEv","_ZN7QWidget10wheelEventEP11QWheelEvent","","_isctype","","",""
"","","","","","","","","","","","","","","","","","","","","","","","","_ZN11QTextStreamlsERK7QString","_ZN7QWidget18focusNextPrevChildEb","","_errno","","",""
"","","","","","","","","","","","","","","","","","","","","","","","","_ZN11QTextStreamlsEc","_ZNK7QPixmap7toImageEv","","tmpnam","","",""
"","","","","","","","","","","","","","","","","","","","","","","","","_ZN5QCharC1Ec","_ZNK7QAction4textEv","","fseek","","",""
"","","","","","","","","","","","","","","","","","","","","","","","","_ZN5QFileC1Ev","_ZN7QWidget16contextMenuEventEP17QContextMenuEvent","","sqrt","","",""
"","","","","","","","","","","","","","","","","","","","","","","","","_ZN6QTimer4stopEv","_ZNK9QLineEdit4textEv","","towlower","","",""
"","","","","","","","","","","","","","","","","","","","","","","","","_ZN7QString11shared_nullE","_ZNK7QWidget4maskEv","","sin","","",""
"","","","","","","","","","","","","","","","","","","","","","","","","_ZN11QTextStreamlsEi","_ZN7QWidget13setSizePolicyE11QSizePolicy","","longjmp","","",""
"","","","","","","","","","","","","","","","","","","","","","","","","_ZN7QString16codecForCStringsE","_ZN5QIconD1Ev","","tolower","","",""
"","","","","","","","","","","","","","","","","","","","","","","","","_ZN9QFileInfoC1ERK7QString","_ZNK7QWidget11paintEngineEv","","atan","","",""
"","","","","","","","","","","","","","","","","","","","","","","","","_ZN8QVariantC1ERK10QByteArray","_ZN15QSystemTrayIcon14setContextMenuEP5QMenu","","strpbrk","","",""
"","","","","","","","","","","","","","","","","","","","","","","","","_ZN9QDateTimeC1ERKS_","_ZN7QWidget14setAcceptDropsEb","","calloc","","",""
"","","","","","","","","","","","","","","","","","","","","","","","","_ZN7QObject10childEventEP11QChildEvent","_ZN11QVBoxLayoutC1Ev","","difftime","","",""
"","","","","","","","","","","","","","","","","","","","","","","","","_ZN9QSettingsC1ERK7QStringS2_P7QObject","_ZNK12QTableWidget4itemEii","","floor","","",""
"","","","","","","","","","","","","","","","","","","","","","","","","_Z21qRegisterResourceDataiPKhS0_S0_","_ZN7QWidget4moveERK6QPoint","","atan2","","",""
"","","","","","","","","","","","","","","","","","","","","","","","","_ZNK4QDir6existsEv","_ZN7QWidget16inputMethodEventEP17QInputMethodEvent","","exp","","",""
"","","","","","","","","","","","","","","","","","","","","","","","","_ZNK8QVariant6toBoolEv","_ZN8QPainterC1EP12QPaintDevice","","time","","",""
"","","","","","","","","","","","","","","","","","","","","","","","","_ZN8QProcess5startERK7QStringRK11QStringList6QFlagsIN9QIODevice12OpenModeFlagEE","_ZN5QFont12setPixelSizeEi","","_flsbuf","","",""
"","","","","","","","","","","","","","","","","","","","","","","","","_Z5qFreePv","_ZN12QTableWidget7setItemEiiP16QTableWidgetItem","","setvbuf","","",""
"","","","","","","","","","","","","","","","","","","","","","","","","_ZN9QDateTimeaSERKS_","_ZN7QPixmapD1Ev","","__set_app_type","","",""
"","","","","","","","","","","","","","","","","","","","","","","","","_ZN8QVariantC1Eb","_ZN7QDialog10setVisibleEb","","","","",""
"","","","","","","","","","","","","","","","","","","","","","","","","_ZN7QString7reallocEi","_ZThn8_NK7QWidget6metricEN12QPaintDevice17PaintDeviceMetricE","","","","",""
"","","","","","","","","","","","","","","","","","","","","","","","","_ZNK5QTime7addSecsEi","_ZNK7QWidget5getDCEv","","","","",""
"","","","","","","","","","","","","","","","","","","","","","","","","_ZN7QThreadD2Ev","_ZN7QBitmapD1Ev","","","","",""
"","","","","","","","","","","","","","","","","","","","","","","","","_ZN5QFile5closeEv","_ZN7QRegionC1Ev","","","","",""
"","","","","","","","","","","","","","","","","","","","","","","","","_ZN7QString4freeEPNS_4DataE","_ZN7QWidget7repaintEv","","","","",""
"","","","","","","","","","","","","","","","","","","","","","","","","_Z7qMemSetPvij","_ZN7QWidget10paintEventEP11QPaintEvent","","","","",""
"","","","","","","","","","","","","","","","","","","","","","","","","_ZN16QCoreApplication4selfE","_ZN11QPushButtonC1ERK7QStringP7QWidget","","","","",""
"","","","","","","","","","","","","","","","","","","","","","","","","_ZN6QTimer5startEv","_ZN7QWidget21setAutoFillBackgroundEb","","","","",""
"","","","","","","","","","","","","","","","","","","","","","","","","_ZNK7QThread9isRunningEv","_ZN11QHBoxLayoutC1EP7QWidget","","","","",""
"","","","","","","","","","","","","","","","","","","","","","","","","_ZN7QObject16staticMetaObjectE","_ZN7QActionC1ERK7QStringP7QObject","","","","",""
"","","","","","","","","","","","","","","","","","","","","","","","","_ZN9QFileInfoD1Ev","_ZN6QImage6detachEv","","","","",""
"","","","","","","","","","","","","","","","","","","","","","","","","_ZNK5QTime7msecsToERKS_","_ZN5QIcon7addFileERK7QStringRK5QSizeNS_4ModeENS_5StateE","","","","",""
"","","","","","","","","","","","","","","","","","","","","","","","","_ZN7QObject13setObjectNameERK7QString","_ZN11QFontDialog7getFontEPbRK5QFontP7QWidget","","","","",""
"","","","","","","","","","","","","","","","","","","","","","","","","_ZN10QByteArrayC1EPKc","_ZN7QPixmap10grabWindowEP6HWND__iiii","","","","",""
"","","","","","","","","","","","","","","","","","","","","","","","","_ZN6QMutexD1Ev","_ZN7QWidget7setMaskERK7QRegion","","","","",""
"","","","","","","","","","","","","","","","","","","","","","","","","","_ZN5QFont10fromStringERK7QString","","","","",""
"","","","","","","","","","","","","","","","","","","","","","","","","","_ZN8QPainterD1Ev","","","","",""
"","","","","","","","","","","","","","","","","","","","","","","","","","_ZN7QWidget13setWindowIconERK5QIcon","","","","",""
"","","","","","","","","","","","","","","","","","","","","","","","","","_ZN11QListWidgetC1EP7QWidget","","","","",""
"","","","","","","","","","","","","","","","","","","","","","","","","","_ZN7QWidget15restoreGeometryERK10QByteArray","","","","",""
"","","","","","","","","","","","","","","","","","","","","","","","","","_ZN7QWidget13focusOutEventEP11QFocusEvent","","","","",""
"","","","","","","","","","","","","","","","","","","","","","","","","","_ZN6QImageC1ERKS_","","","","",""
"","","","","","","","","","","","","","","","","","","","","","","","","","_ZN9QTextEdit16setFontPointSizeEd","","","","",""
"","","","","","","","","","","","","","","","","","","","","","","","","","_ZN7QDialog4doneEi","","","","",""
"","","","","","","","","","","","","","","","","","","","","","","","","","_ZN7QRegionC1ERK7QBitmap","","","","",""
"","","","","","","","","","","","","","","","","","","","","","","","","","_ZN7QDialog6acceptEv","","","","",""
"","","","","","","","","","","","","","","","","","","","","","","","","","_ZN7QWidget11styleChangeER6QStyle","","","","",""
"","","","","","","","","","","","","","","","","","","","","","","","","","_ZN7QWidget10setEnabledEb","","","","",""
"","","","","","","","","","","","","","","","","","","","","","","","","","_ZN7QWidget14setMinimumSizeEii","","","","",""
"","","","","","","","","","","","","","","","","","","","","","","","","","_ZNK7QWidget16inputMethodQueryEN2Qt16InputMethodQueryE","","","","",""
"","","","","","","","","","","","","","","","","","","","","","","","","","_ZN7QWidget10closeEventEP11QCloseEvent","","","","",""
"","","","","","","","","","","","","","","","","","","","","","","","","","_ZN7QWidget14languageChangeEv","","","","",""
"","","","","","","","","","","","","","","","","","","","","","","","","","_ZN11QGridLayoutC1Ev","","","","",""
"","","","","","","","","","","","","","","","","","","","","","","","","","_ZN9QGroupBoxC1EP7QWidget","","","","",""
"","","","","","","","","","","","","","","","","","","","","","","","","","_ZNK7QWidget12saveGeometryEv","","","","",""
"","","","","","","","","","","","","","","","","","","","","","","","","","_ZN5QMenuC1EP7QWidget","","","","",""
"","","","","","","","","","","","","","","","","","","","","","","","","","_ZNK7QAction9isCheckedEv","","","","",""
"","","","","","","","","","","","","","","","","","","","","","","","","","_ZN7QWidget5raiseEv","","","","",""
"","","","","","","","","","","","","","","","","","","","","","","","","","_ZN17QAbstractItemView11setIconSizeERK5QSize","","","","",""
"","","","","","","","","","","","","","","","","","","","","","","","","","_ZN7QAction10setCheckedEb","","","","",""
"","","","","","","","","","","","","","","","","","","","","","","","","","_ZN6QBrushD1Ev","","","","",""
"","","","","","","","","","","","","","","","","","","","","","","","","","_ZN15QAbstractButton7setIconERK5QIcon","","","","",""
"","","","","","","","","","","","","","","","","","","","","","","","","","_ZN6QBrushC1ERK7QPixmap","","","","",""
"","","","","","","","","","","","","","","","","","","","","","","","","","_ZN6QLabel9setPixmapERK7QPixmap","","","","",""
"","","","","","","","","","","","","","","","","","","","","","","","","","_ZNK7QWidget3posEv","","","","",""
"","","","","","","","","","","","","","","","","","","","","","","","","","_ZN7QWidget11actionEventEP12QActionEvent","","","","",""
"","","","","","","","","","","","","","","","","","","","","","","","","","_ZN7QWidget16staticMetaObjectE","","","","",""
"","","","","","","","","","","","","","","","","","","","","","","","","","_ZN7QWidget9addActionEP7QAction","","","","",""
"","","","","","","","","","","","","","","","","","","","","","","","","","_ZN7QWidget13keyPressEventEP9QKeyEvent","","","","",""
"","","","","","","","","","","","","","","","","","","","","","","","","","_ZNK7QWidget5winIdEv","","","","",""
"","","","","","","","","","","","","","","","","","","","","","","","","","_ZN6QLabel5clearEv","","","","",""
"","","","","","","","","","","","","","","","","","","","","","","","","","_ZN7QPixmapaSERKS_","","","","",""
"","","","","","","","","","","","","","","","","","","","","","","","","","_ZN7QWidget12focusInEventEP11QFocusEvent","","","","",""
"","","","","","","","","","","","","","","","","","","","","","","","","","_ZNK7QRegioneqERKS_","","","","",""
"","","","","","","","","","","","","","","","","","","","","","","","","","_ZThn8_NK7QWidget11paintEngineEv","","","","",""
"","","","","","","","","","","","","","","","","","","","","","","","","","_ZNK5QFont8toStringEv","","","","",""
"","","","","","","","","","","","","","","","","","","","","","","","","","_ZN7QPixmap12loadFromDataEPKhjPKc6QFlagsIN2Qt19ImageConversionFlagEE","","","","",""
"","","","","","","","","","","","","","","","","","","","","","","","","","_ZN5QIconC1ERK7QString","","","","",""
"","","","","","","","","","","","","","","","","","","","","","","","","","_ZN15QSystemTrayIcon10setToolTipERK7QString","","","","",""
"","","","","","","","","","","","","","","","","","","","","","","","","","_ZN12QApplication4execEv","","","","",""
"","","","","","","","","","","","","","","","","","","","","","","","","","_ZN9QLineEditC1EP7QWidget","","","","",""
"","","","","","","","","","","","","","","","","","","","","","","","","","_ZN12QTableWidgetC1EP7QWidget","","","","",""
"","","","","","","","","","","","","","","","","","","","","","","","","","_ZTV11QSpacerItem","","","","",""
"","","","","","","","","","","","","","","","","","","","","","","","","","_ZN8QPaletteC1ERKS_","","","","",""
"","","","","","","","","","","","","","","","","","","","","","","","","","_ZN8QPaletteD1Ev","","","","",""
"","","","","","","","","","","","","","","","","","","","","","","","","","_ZN7QWidget11tabletEventEP12QTabletEvent","","","","",""
"","","","","","","","","","","","","","","","","","","","","","","","","","_ZNK7QWidget14backgroundRoleEv","","","","",""
"","","","","","","","","","","","","","","","","","","","","","","","","","_ZN7QDialog16contextMenuEventEP17QContextMenuEvent","","","","",""
"","","","","","","","","","","","","","","","","","","","","","","","","","_ZN12QApplicationD1Ev","","","","",""
"","","","","","","","","","","","","","","","","","","","","","","","","","_ZN7QWidget14setWindowTitleERK7QString","","","","",""
"","","","","","","","","","","","","","","","","","","","","","","","","","_ZN7QDialog11qt_metacallEN11QMetaObject4CallEiPPv","","","","",""
"","","","","","","","","","","","","","","","","","","","","","","","","","_ZN7QWidget10enterEventEP6QEvent","","","","",""
"","","","","","","","","","","","","","","","","","","","","","","","","","_ZN7QWidget9dropEventEP10QDropEvent","","","","",""
"","","","","","","","","","","","","","","","","","","","","","","","","","_ZN7QLayout18setContentsMarginsEiiii","","","","",""
"","","","","","","","","","","","","","","","","","","","","","","","","","_ZN15QSystemTrayIcon10setVisibleEb","","","","",""
"","","","","","","","","","","","","","","","","","","","","","","","","","_ZNK14QDesktopWidget14screenGeometryEi","","","","",""
"","","","","","","","","","","","","","","","","","","","","","","","","","_ZN7QWidget11qt_metacastEPKc","","","","",""
"","","","","","","","","","","","","","","","","","","","","","","","","","_ZN8QPainter13setRenderHintENS_10RenderHintEb","","","","",""
"","","","","","","","","","","","","","","","","","","","","","","","","","_ZNK14QDesktopWidget12screenNumberEPK7QWidget","","","","",""
"","","","","","","","","","","","","","","","","","","","","","","","","","_ZN12QKeySequenceC1Eiiii","","","","",""
"","","","","","","","","","","","","","","","","","","","","","","","","","_ZN6QLabelC1EP7QWidget6QFlagsIN2Qt10WindowTypeEE","","","","",""
"","","","","","","","","","","","","","","","","","","","","","","","","","_ZNK6QImage6heightEv","","","","",""
"","","","","","","","","","","","","","","","","","","","","","","","","","_ZNK10QTableView14verticalHeaderEv","","","","",""
"","","","","","","","","","","","","","","","","","","","","","","","","","_ZN7QWidget14dragEnterEventEP15QDragEnterEvent","","","","",""
"","","","","","","","","","","","","","","","","","","","","","","","","","_ZN11QVBoxLayoutC1EP7QWidget","","","","",""
"","","","","","","","","","","","","","","","","","","","","","","","","","_ZNK6QColorcv8QVariantEv","","","","",""
"","","","","","","","","","","","","","","","","","","","","","","","","","_ZN7QPixmapC1ERK7QStringPKc6QFlagsIN2Qt19ImageConversionFlagEE","","","","",""
"","","","","","","","","","","","","","","","","","","","","","","","","","_ZN11QHBoxLayoutC1Ev","","","","",""
"","","","","","","","","","","","","","","","","","","","","","","","","","_ZNK6QImage4bitsEv","","","","",""
"","","","","","","","","","","","","","","","","","","","","","","","","","_ZN15QListWidgetItemC1ERK5QIconRK7QStringP11QListWidgeti","","","","",""
"","","","","","","","","","","","","","","","","","","","","","","","","","_ZNK7QWidget14heightForWidthEi","","","","",""
"","","","","","","","","","","","","","","","","","","","","","","","","","_ZNK7QWidget9releaseDCEP5HDC__","","","","",""
"","","","","","","","","","","","","","","","","","","","","","","","","","_ZN7QWidget17mouseReleaseEventEP11QMouseEvent","","","","",""
"","","","","","","","","","","","","","","","","","","","","","","","","","_ZNK6QImage5widthEv","","","","",""
"","","","","","","","","","","","","","","","","","","","","","","","","","_ZNK7QPixmap6isNullEv","","","","",""
"","","","","","","","","","","","","","","","","","","","","","","","","","_ZN7QWidget22windowActivationChangeEb","","","","",""
"","","","","","","","","","","","","","","","","","","","","","","","","","_ZN6QImageC1Ev","","","","",""
"","","","","","","","","","","","","","","","","","","","","","","","","","_ZN12QTableWidget11setRowCountEi","","","","",""
"","","","","","","","","","","","","","","","","","","","","","","","","","_ZN9QGroupBox7setFlatEb","","","","",""
"","","","","","","","","","","","","","","","","","","","","","","","","","_ZNK10QTableView16horizontalHeaderEv","","","","",""
"","","","","","","","","","","","","","","","","","","","","","","","","","_ZN16QTableWidgetItem8setFlagsE6QFlagsIN2Qt8ItemFlagEE","","","","",""
"","","","","","","","","","","","","","","","","","","","","","","","","","_ZNK11QListWidget5countEv","","","","",""
"","","","","","","","","","","","","","","","","","","","","","","","","","_ZN7QWidget21mouseDoubleClickEventEP11QMouseEvent","","","","",""
"","","","","","","","","","","","","","","","","","","","","","","","","","_ZNK6QImage12bytesPerLineEv","","","","",""
"","","","","","","","","","","","","","","","","","","","","","","","","","_ZN11QPushButtonC1EP7QWidget","","","","",""
"","","","","","","","","","","","","","","","","","","","","","","","","","_ZN7QDialog11eventFilterEP7QObjectP6QEvent","","","","",""
"","","","","","","","","","","","","","","","","","","","","","","","","","_ZN7QWidget13dragMoveEventEP14QDragMoveEvent","","","","",""
"","","","","","","","","","","","","","","","","","","","","","","","","","_ZN7QWidget15keyReleaseEventEP9QKeyEvent","","","","",""
"","","","","","","","","","","","","","","","","","","","","","","","","","_ZN7QWidget10setToolTipERK7QString","","","","",""
"","","","","","","","","","","","","","","","","","","","","","","","","","_ZNK7QWidget10sizePolicyEv","","","","",""
"","","","","","","","","","","","","","","","","","","","","","","","","","_ZNK7QDialog8sizeHintEv","","","","",""
"","","","","","","","","","","","","","","","","","","","","","","","","","_ZN8QPainter10setOpacityEd","","","","",""
"","","","","","","","","","","","","","","","","","","","","","","","","","_ZN12QApplicationC1ERiPPci","","","","",""
"","","","","","","","","","","","","","","","","","","","","","","","","","_ZN7QWidget9setLayoutEP7QLayout","","","","",""
"","","","","","","","","","","","","","","","","","","","","","","","","","_ZN7QAction12setCheckableEb","","","","",""
"","","","","","","","","","","","","","","","","","","","","","","","","","_ZN9QShortcutC1ERK12QKeySequenceP7QWidgetPKcS6_N2Qt15ShortcutContextE","","","","",""
"","","","","","","","","","","","","","","","","","","","","","","","","","_ZN7QWidget6resizeERK5QSize","","","","",""
"","","","","","","","","","","","","","","","","","","","","","","","","","_ZN7QWidget7setFontERK5QFont","","","","",""
"","","","","","","","","","","","","","","","","","","","","","","","","","_ZN7QDialog13keyPressEventEP9QKeyEvent","","","","",""
"","","","","","","","","","","","","","","","","","","","","","","","","","_ZNK14QDesktopWidget17availableGeometryEi","","","","",""
"","","","","","","","","","","","","","","","","","","","","","","","","","_ZN7QWidget11qt_metacallEN11QMetaObject4CallEiPPv","","","","",""
"","","","","","","","","","","","","","","","","","","","","","","","","","_ZN7QWidget20setContextMenuPolicyEN2Qt17ContextMenuPolicyE","","","","",""
"","","","","","","","","","","","","","","","","","","","","","","","","","_ZN7QWidget8setFocusEN2Qt11FocusReasonE","","","","",""
"","","","","","","","","","","","","","","","","","","","","","","","","","_ZN8QPainter8drawTextERK7QPointFRK7QString","","","","",""
"","","","","","","","","","","","","","","","","","","","","","","","","","_ZN7QDialogC2EP7QWidget6QFlagsIN2Qt10WindowTypeEE","","","","",""
"","","","","","","","","","","","","","","","","","","","","","","","","","_ZNK7QPixmap4rectEv","","","","",""
"","","","","","","","","","","","","","","","","","","","","","","","","","_ZNK6QImage6isNullEv","","","","",""
"","","","","","","","","","","","","","","","","","","","","","","","","","_ZN11QToolButtonC1EP7QWidget","","","","",""
"","","","","","","","","","","","","","","","","","","","","","","","","","_ZN7QWidget9setCursorERK7QCursor","","","","",""
"","","","","","","","","","","","","","","","","","","","","","","","","","_ZN7QRegionpLERKS_","","","","",""
"","","","","","","","","","","","","","","","","","","","","","","","","","_ZNK15QAbstractButton9isCheckedEv","","","","",""
