"ID","Path","Operation"
"6724","hkcu software microsoft windows currentversion internet settings zonemap ","regset"
"6724","hklm system currentcontrolset services tcpip parameters","regset"
"6724","hklm system currentcontrolset services tcpip parameters","regset"
"6724","hklm system currentcontrolset services tcpip parameters","regset"
"6724","hklm system currentcontrolset services tcpip parameters","regset"
"6724","hklm system currentcontrolset services tcpip parameters","regset"
"6724","hklm system currentcontrolset services tcpip parameters","regset"
"6724","hklm system currentcontrolset services tcpip parameters","regset"
"6724","hklm system currentcontrolset services tcpip parameters","regset"
"6724","hklm system currentcontrolset services tcpip parameters","regset"
"6724","hklm system currentcontrolset services tcpip parameters","regset"
"6724","hklm system currentcontrolset services tcpip parameters","regset"
"6724","hklm system currentcontrolset services tcpip parameters","regset"
"6724","hklm system currentcontrolset services tcpip parameters","regset"
"6724","hklm system currentcontrolset services tcpip parameters","regset"
