"ID","Path","Operation"
"6868","hklm software wow6432node microsoft windows currentversion internet settings connections","regset"
"6868","hkcu software microsoft windows currentversion internet settings zonemap ","regset"
"6868","hklm system currentcontrolset services tcpip parameters","regset"
"6868","hklm system currentcontrolset services tcpip parameters","regset"
"6868","hklm system currentcontrolset services tcpip parameters","regset"
"6868","hklm system currentcontrolset services tcpip parameters","regset"
"6868","hklm system currentcontrolset services tcpip parameters","regset"
"6868","hklm system currentcontrolset services tcpip parameters","regset"
"6868","hklm system currentcontrolset services tcpip parameters","regset"
"6868","hklm system currentcontrolset services tcpip parameters","regset"
"6868","hklm system currentcontrolset services tcpip parameters","regset"
"6868","hklm system currentcontrolset services tcpip parameters","regset"
"6868","hklm system currentcontrolset services tcpip parameters","regset"
"6868","hklm system currentcontrolset services tcpip parameters","regset"
"6868","hklm system currentcontrolset services tcpip parameters","regset"
"6868","hklm system currentcontrolset services tcpip parameters","regset"
